#
# There is insufficient memory for the Java Runtime Environment to continue.
# Native memory allocation (mmap) failed to map 1319108608 bytes for G1 virtual space
# Possible reasons:
#   The system is out of physical RAM or swap space
#   The process is running with CompressedOops enabled, and the Java Heap may be blocking the growth of the native heap
# Possible solutions:
#   Reduce memory load on the system
#   Increase physical memory or swap space
#   Check if swap backing store is full
#   Decrease Java heap size (-Xmx/-Xms)
#   Decrease number of Java threads
#   Decrease Java thread stack sizes (-Xss)
#   Set larger code cache with -XX:ReservedCodeCacheSize=
#   JVM is running with Zero Based Compressed Oops mode in which the Java heap is
#     placed in the first 32GB address space. The Java Heap base address is the
#     maximum limit for the native heap growth. Please use -XX:HeapBaseMinAddress
#     to set the Java Heap base and to place the Java Heap above 32GB virtual address.
# This output file may be truncated or incomplete.
#
#  Out of Memory Error (os_windows.cpp:3617), pid=14844, tid=20108
#
# JRE version: OpenJDK Runtime Environment Temurin-17.0.8.1+1 (17.0.8.1+1) (build 17.0.8.1+1)
# Java VM: OpenJDK 64-Bit Server VM Temurin-17.0.8.1+1 (17.0.8.1+1, mixed mode, sharing, tiered, compressed oops, compressed class ptrs, g1 gc, windows-amd64)
# No core dump will be written. Minidumps are not enabled by default on client versions of Windows
#

---------------  S U M M A R Y ------------

Command Line: -agentlib:jdwp=transport=dt_socket,address=8998,server=y,suspend=y,quiet=y -Djna.nosys=true -Djava.library.path=;C:\Program Files\Processing\app\resources\core\library;C:\Users\ianur\Documents\Processing\libraries\oscP5\library;C:\Users\ianur\Documents\Processing\libraries\spout\library;C:\Users\ianur\Documents\Processing\libraries\minim\library;C:\Program Files\Processing;C:\Windows\system32;C:\Windows;C:\Windows\system32;C:\Windows;C:\Windows\System32\Wbem;C:\Windows\System32\WindowsPowerShell\v1.0;C:\Windows\System32\OpenSSH;C:\Users\ianur\AppData\Local\Microsoft\WindowsApps;C:\Program Files\Processing;C:\Users\ianur\AppData\Local\Programs\Microsoft VS Code\bin;C:\Program Files\Processing\app;. -ea processing.core.PApplet --editor-location=1912,37 --external --display=1 --sketch-path=C:\Users\ianur\Desktop\SinestesiaPDE\SinestesiaPDE SinestesiaPDE

Host: Intel(R) Core(TM) i3-10100F CPU @ 3.60GHz, 8 cores, 15G,  Windows 11 , 64 bit Build 26100 (10.0.26100.7309)
Time: Wed Dec 10 21:28:18 2025 Hora estándar de Argentina elapsed time: 11.928363 seconds (0d 0h 0m 11s)

---------------  T H R E A D  ---------------

Current thread (0x000001e6c1e56290):  VMThread "VM Thread" [stack: 0x0000000ee5700000,0x0000000ee5800000] [id=20108]

Stack: [0x0000000ee5700000,0x0000000ee5800000]
Native frames: (J=compiled Java code, j=interpreted, Vv=VM code, C=native code)
V  [jvm.dll+0x678b0a]
V  [jvm.dll+0x835e84]
V  [jvm.dll+0x83762e]
V  [jvm.dll+0x837c93]
V  [jvm.dll+0x24746f]
V  [jvm.dll+0x675859]
V  [jvm.dll+0x66a0ea]
V  [jvm.dll+0x306c7b]
V  [jvm.dll+0x30e166]
V  [jvm.dll+0x35dd3e]
V  [jvm.dll+0x35df6f]
V  [jvm.dll+0x2ddb48]
V  [jvm.dll+0x2dbd0c]
V  [jvm.dll+0x2db2dc]
V  [jvm.dll+0x31f18b]
V  [jvm.dll+0x83c15b]
V  [jvm.dll+0x83ce94]
V  [jvm.dll+0x83d3ac]
V  [jvm.dll+0x83d784]
V  [jvm.dll+0x83d850]
V  [jvm.dll+0x7e64ca]
V  [jvm.dll+0x677955]
C  [ucrtbase.dll+0x37b0]
C  [KERNEL32.DLL+0x2e8d7]
C  [ntdll.dll+0x8c53c]

VM_Operation (0x0000000ee7dfe3b0): G1CollectForAllocation, mode: safepoint, requested by thread 0x000001e70e8fc590


---------------  P R O C E S S  ---------------

Threads class SMR info:
_java_thread_list=0x000001e707385bc0, length=33, elements={
0x000001e7070050c0, 0x000001e707005a90, 0x000001e707013940, 0x000001e707014300,
0x000001e707018cd0, 0x000001e707019690, 0x000001e70701b390, 0x000001e70701dda0,
0x000001e70708f6c0, 0x000001e7071681c0, 0x000001e7071896e0, 0x000001e707189bd0,
0x000001e70718c1e0, 0x000001e7071a1360, 0x000001e7076bf050, 0x000001e7076c0550,
0x000001e70e8fac40, 0x000001e70e8f9800, 0x000001e70e8f9d10, 0x000001e70e8fb150,
0x000001e70e8fc590, 0x000001e70e8fa220, 0x000001e70e8fcaa0, 0x000001e70e8fc080,
0x000001e70e8fcfb0, 0x000001e70e8fb660, 0x000001e70e8fa730, 0x000001e70e8fbb70,
0x000001e710e5eb90, 0x000001e710e5f0a0, 0x000001e710e604e0, 0x000001e710e5f5b0,
0x000001e7136d1620
}

Java Threads: ( => current thread )
  0x000001e7070050c0 JavaThread "Reference Handler" daemon [_thread_blocked, id=9528, stack(0x0000000ee5800000,0x0000000ee5900000)]
  0x000001e707005a90 JavaThread "Finalizer" daemon [_thread_blocked, id=14292, stack(0x0000000ee5900000,0x0000000ee5a00000)]
  0x000001e707013940 JavaThread "Signal Dispatcher" daemon [_thread_blocked, id=9588, stack(0x0000000ee5a00000,0x0000000ee5b00000)]
  0x000001e707014300 JavaThread "Attach Listener" daemon [_thread_blocked, id=4760, stack(0x0000000ee5b00000,0x0000000ee5c00000)]
  0x000001e707018cd0 JavaThread "Service Thread" daemon [_thread_blocked, id=17752, stack(0x0000000ee5c00000,0x0000000ee5d00000)]
  0x000001e707019690 JavaThread "Monitor Deflation Thread" daemon [_thread_blocked, id=5868, stack(0x0000000ee5d00000,0x0000000ee5e00000)]
  0x000001e70701b390 JavaThread "C2 CompilerThread0" daemon [_thread_blocked, id=18328, stack(0x0000000ee5e00000,0x0000000ee5f00000)]
  0x000001e70701dda0 JavaThread "C1 CompilerThread0" daemon [_thread_blocked, id=16628, stack(0x0000000ee5f00000,0x0000000ee6000000)]
  0x000001e70708f6c0 JavaThread "Sweeper thread" daemon [_thread_blocked, id=17624, stack(0x0000000ee6000000,0x0000000ee6100000)]
  0x000001e7071681c0 JavaThread "JDWP Transport Listener: dt_socket" daemon [_thread_blocked, id=3196, stack(0x0000000ee6100000,0x0000000ee6200000)]
  0x000001e7071896e0 JavaThread "JDWP Event Helper Thread" daemon [_thread_blocked, id=3256, stack(0x0000000ee6200000,0x0000000ee6300000)]
  0x000001e707189bd0 JavaThread "JDWP Command Reader" daemon [_thread_in_native, id=15316, stack(0x0000000ee6300000,0x0000000ee6400000)]
  0x000001e70718c1e0 JavaThread "Notification Thread" daemon [_thread_blocked, id=14244, stack(0x0000000ee6400000,0x0000000ee6500000)]
  0x000001e7071a1360 JavaThread "Common-Cleaner" daemon [_thread_blocked, id=5328, stack(0x0000000ee6600000,0x0000000ee6700000)]
  0x000001e7076bf050 JavaThread "Java2D Disposer" daemon [_thread_blocked, id=4704, stack(0x0000000ee6700000,0x0000000ee6800000)]
  0x000001e7076c0550 JavaThread "AWT-Windows" daemon [_thread_in_native, id=18928, stack(0x0000000ee6900000,0x0000000ee6a00000)]
  0x000001e70e8fac40 JavaThread "main-SharedResourceRunner" daemon [_thread_blocked, id=10168, stack(0x0000000ee6f00000,0x0000000ee7000000)]
  0x000001e70e8f9800 JavaThread "main-Display-.windows_nil-1-EDT-1" daemon [_thread_blocked, id=1616, stack(0x0000000ee7a00000,0x0000000ee7b00000)]
  0x000001e70e8f9d10 JavaThread "HighResTimerThread" daemon [_thread_blocked, id=9672, stack(0x0000000ee7b00000,0x0000000ee7c00000)]
  0x000001e70e8fb150 JavaThread "Thread-2" [_thread_blocked, id=4736, stack(0x0000000ee7c00000,0x0000000ee7d00000)]
  0x000001e70e8fc590 JavaThread "main-FPSAWTAnimator#00-Timer0" [_thread_blocked, id=19428, stack(0x0000000ee7d00000,0x0000000ee7e00000)]
  0x000001e70e8fa220 JavaThread "DestroyJavaVM" [_thread_blocked, id=19244, stack(0x0000000ee5100000,0x0000000ee5200000)]
  0x000001e70e8fcaa0 JavaThread "Java Sound Event Dispatcher" daemon [_thread_blocked, id=7980, stack(0x0000000ee8000000,0x0000000ee8100000)]
  0x000001e70e8fc080 JavaThread "Thread-4" [_thread_blocked, id=6360, stack(0x0000000ee8300000,0x0000000ee8400000)]
  0x000001e70e8fcfb0 JavaThread "Thread-5" [_thread_blocked, id=18320, stack(0x0000000ee8600000,0x0000000ee8700000)]
  0x000001e70e8fb660 JavaThread "Thread-6" [_thread_blocked, id=17524, stack(0x0000000ee8400000,0x0000000ee8500000)]
  0x000001e70e8fa730 JavaThread "Thread-7" [_thread_blocked, id=18096, stack(0x0000000ee8700000,0x0000000ee8800000)]
  0x000001e70e8fbb70 JavaThread "Thread-8" [_thread_blocked, id=20328, stack(0x0000000ee8800000,0x0000000ee8900000)]
  0x000001e710e5eb90 JavaThread "Thread-9" [_thread_blocked, id=1964, stack(0x0000000ee8900000,0x0000000ee8a00000)]
  0x000001e710e5f0a0 JavaThread "Thread-10" [_thread_blocked, id=12144, stack(0x0000000ee8a00000,0x0000000ee8b00000)]
  0x000001e710e604e0 JavaThread "Thread-11" [_thread_blocked, id=2284, stack(0x0000000ee8b00000,0x0000000ee8c00000)]
  0x000001e710e5f5b0 JavaThread "Thread-12" [_thread_blocked, id=8808, stack(0x0000000ee8c00000,0x0000000ee8d00000)]
  0x000001e7136d1620 JavaThread "C2 CompilerThread1" daemon [_thread_blocked, id=18936, stack(0x0000000ee8e00000,0x0000000ee8f00000)]

Other Threads:
=>0x000001e6c1e56290 VMThread "VM Thread" [stack: 0x0000000ee5700000,0x0000000ee5800000] [id=20108]
  0x000001e70718c6c0 WatcherThread [stack: 0x0000000ee6500000,0x0000000ee6600000] [id=17380]
  0x000001e69ceea530 GCTaskThread "GC Thread#0" [stack: 0x0000000ee5200000,0x0000000ee5300000] [id=14092]
  0x000001e70f0901b0 GCTaskThread "GC Thread#1" [stack: 0x0000000ee7300000,0x0000000ee7400000] [id=14960]
  0x000001e70f090470 GCTaskThread "GC Thread#2" [stack: 0x0000000ee7400000,0x0000000ee7500000] [id=18664]
  0x000001e70f090730 GCTaskThread "GC Thread#3" [stack: 0x0000000ee7500000,0x0000000ee7600000] [id=15508]
  0x000001e70f0909f0 GCTaskThread "GC Thread#4" [stack: 0x0000000ee7600000,0x0000000ee7700000] [id=4532]
  0x000001e70f090cb0 GCTaskThread "GC Thread#5" [stack: 0x0000000ee7700000,0x0000000ee7800000] [id=18520]
  0x000001e70f0d4320 GCTaskThread "GC Thread#6" [stack: 0x0000000ee7800000,0x0000000ee7900000] [id=7008]
  0x000001e70f0d45e0 GCTaskThread "GC Thread#7" [stack: 0x0000000ee7900000,0x0000000ee7a00000] [id=9972]
  0x000001e69cefb310 ConcurrentGCThread "G1 Main Marker" [stack: 0x0000000ee5300000,0x0000000ee5400000] [id=13068]
  0x000001e69cefbd20 ConcurrentGCThread "G1 Conc#0" [stack: 0x0000000ee5400000,0x0000000ee5500000] [id=16852]
  0x000001e711258040 ConcurrentGCThread "G1 Conc#1" [stack: 0x0000000ee9200000,0x0000000ee9300000] [id=8360]
  0x000001e6c1d02170 ConcurrentGCThread "G1 Refine#0" [stack: 0x0000000ee5500000,0x0000000ee5600000] [id=13660]
  0x000001e710ecf040 ConcurrentGCThread "G1 Refine#1" [stack: 0x0000000ee8f00000,0x0000000ee9000000] [id=17868]
  0x000001e710eb3720 ConcurrentGCThread "G1 Refine#2" [stack: 0x0000000ee9000000,0x0000000ee9100000] [id=16644]
  0x000001e710f05c80 ConcurrentGCThread "G1 Refine#3" [stack: 0x0000000ee8d00000,0x0000000ee8e00000] [id=17412]
  0x000001e6c1d02ba0 ConcurrentGCThread "G1 Service" [stack: 0x0000000ee5600000,0x0000000ee5700000] [id=19132]

Threads with active compile tasks:

VM state: at safepoint (normal execution)

VM Mutex/Monitor currently owned by a thread:  ([mutex/lock_event])
[0x000001e69ce60de0] Threads_lock - owner thread: 0x000001e6c1e56290
[0x000001e69ce751f0] Heap_lock - owner thread: 0x000001e70e8fc590

Heap address: 0x0000000701600000, size: 4074 MB, Compressed Oops mode: Zero based, Oop shift amount: 3

CDS archive(s) mapped at: [0x000001e6c2000000-0x000001e6c2bd0000-0x000001e6c2bd0000), size 12386304, SharedBaseAddress: 0x000001e6c2000000, ArchiveRelocationMode: 1.
Compressed class space mapped at: 0x000001e6c3000000-0x000001e703000000, reserved size: 1073741824
Narrow klass base: 0x000001e6c2000000, Narrow klass shift: 0, Narrow klass range: 0x100000000

GC Precious Log:
 CPUs: 8 total, 8 available
 Memory: 16292M
 Large Page Support: Disabled
 NUMA Support: Disabled
 Compressed Oops: Enabled (Zero based)
 Heap Region Size: 2M
 Heap Min Capacity: 8M
 Heap Initial Capacity: 256M
 Heap Max Capacity: 4074M
 Pre-touch: Disabled
 Parallel Workers: 8
 Concurrent Workers: 2
 Concurrent Refinement Workers: 8
 Periodic GC: Disabled

Heap:
 garbage-first heap   total 952320K, used 550912K [0x0000000701600000, 0x0000000800000000)
  region size 2048K, 6 young (12288K), 6 survivors (12288K)
 Metaspace       used 14085K, committed 14272K, reserved 1114112K
  class space    used 1061K, committed 1152K, reserved 1048576K

Heap Regions: E=young(eden), S=young(survivor), O=old, HS=humongous(starts), HC=humongous(continues), CS=collection set, F=free, OA=open archive, CA=closed archive, TAMS=top-at-mark-start (previous, next)
|   0|0x0000000701600000, 0x0000000701800000, 0x0000000701800000|100%| O|  |TAMS 0x0000000701800000, 0x0000000701600000| Untracked 
|   1|0x0000000701800000, 0x0000000701a00000, 0x0000000701a00000|100%| O|  |TAMS 0x0000000701a00000, 0x0000000701800000| Untracked 
|   2|0x0000000701a00000, 0x0000000701c00000, 0x0000000701c00000|100%| O|  |TAMS 0x0000000701c00000, 0x0000000701a00000| Updating 
|   3|0x0000000701c00000, 0x0000000701e00000, 0x0000000701e00000|100%| O|  |TAMS 0x0000000701e00000, 0x0000000701c00000| Updating 
|   4|0x0000000701e00000, 0x0000000702000000, 0x0000000702000000|100%| O|  |TAMS 0x0000000701e00000, 0x0000000701e00000| Untracked 
|   5|0x0000000702000000, 0x0000000702200000, 0x0000000702200000|100%|HS|  |TAMS 0x0000000702200000, 0x0000000702000000| Complete 
|   6|0x0000000702200000, 0x0000000702400000, 0x0000000702400000|100%| O|  |TAMS 0x0000000702400000, 0x0000000702200000| Untracked 
|   7|0x0000000702400000, 0x0000000702600000, 0x0000000702600000|100%| O|  |TAMS 0x0000000702600000, 0x0000000702400000| Untracked 
|   8|0x0000000702600000, 0x0000000702800000, 0x0000000702800000|100%| O|  |TAMS 0x0000000702800000, 0x0000000702600000| Untracked 
|   9|0x0000000702800000, 0x0000000702a00000, 0x0000000702a00000|100%| O|  |TAMS 0x0000000702a00000, 0x0000000702800000| Untracked 
|  10|0x0000000702a00000, 0x0000000702c00000, 0x0000000702c00000|100%|HS|  |TAMS 0x0000000702c00000, 0x0000000702a00000| Complete 
|  11|0x0000000702c00000, 0x0000000702e00000, 0x0000000702e00000|100%| O|  |TAMS 0x0000000702c00000, 0x0000000702c00000| Untracked 
|  12|0x0000000702e00000, 0x0000000703000000, 0x0000000703000000|100%| O|  |TAMS 0x0000000703000000, 0x0000000702e00000| Untracked 
|  13|0x0000000703000000, 0x0000000703200000, 0x0000000703200000|100%| O|  |TAMS 0x0000000703200000, 0x0000000703000000| Untracked 
|  14|0x0000000703200000, 0x0000000703400000, 0x0000000703400000|100%| O|  |TAMS 0x0000000703400000, 0x0000000703200000| Untracked 
|  15|0x0000000703400000, 0x0000000703600000, 0x0000000703600000|100%|HS|  |TAMS 0x0000000703600000, 0x0000000703400000| Complete 
|  16|0x0000000703600000, 0x0000000703800000, 0x0000000703800000|100%| O|  |TAMS 0x0000000703800000, 0x0000000703600000| Untracked 
|  17|0x0000000703800000, 0x0000000703a00000, 0x0000000703a00000|100%| O|  |TAMS 0x0000000703a00000, 0x0000000703800000| Untracked 
|  18|0x0000000703a00000, 0x0000000703c00000, 0x0000000703c00000|100%| O|  |TAMS 0x0000000703c00000, 0x0000000703a00000| Untracked 
|  19|0x0000000703c00000, 0x0000000703e00000, 0x0000000703e00000|100%| O|  |TAMS 0x0000000703e00000, 0x0000000703c00000| Untracked 
|  20|0x0000000703e00000, 0x0000000704000000, 0x0000000704000000|100%|HS|  |TAMS 0x0000000704000000, 0x0000000703e00000| Complete 
|  21|0x0000000704000000, 0x0000000704200000, 0x0000000704200000|100%|HS|  |TAMS 0x0000000704200000, 0x0000000704000000| Complete 
|  22|0x0000000704200000, 0x0000000704400000, 0x0000000704400000|100%|HC|  |TAMS 0x0000000704400000, 0x0000000704200000| Complete 
|  23|0x0000000704400000, 0x0000000704600000, 0x0000000704600000|100%| O|  |TAMS 0x0000000704400000, 0x0000000704400000| Untracked 
|  24|0x0000000704600000, 0x0000000704800000, 0x0000000704800000|100%| O|  |TAMS 0x0000000704800000, 0x0000000704600000| Updating 
|  25|0x0000000704800000, 0x0000000704a00000, 0x0000000704a00000|100%|HS|  |TAMS 0x0000000704a00000, 0x0000000704800000| Complete 
|  26|0x0000000704a00000, 0x0000000704c00000, 0x0000000704c00000|100%| O|  |TAMS 0x0000000704c00000, 0x0000000704a00000| Updating 
|  27|0x0000000704c00000, 0x0000000704e00000, 0x0000000704e00000|100%| O|  |TAMS 0x0000000704e00000, 0x0000000704c00000| Updating 
|  28|0x0000000704e00000, 0x0000000705000000, 0x0000000705000000|100%| O|  |TAMS 0x0000000705000000, 0x0000000704e00000| Untracked 
|  29|0x0000000705000000, 0x0000000705200000, 0x0000000705200000|100%| O|  |TAMS 0x0000000705200000, 0x0000000705000000| Updating 
|  30|0x0000000705200000, 0x0000000705400000, 0x0000000705400000|100%|HS|  |TAMS 0x0000000705400000, 0x0000000705200000| Complete 
|  31|0x0000000705400000, 0x0000000705600000, 0x0000000705600000|100%|HS|  |TAMS 0x0000000705600000, 0x0000000705400000| Complete 
|  32|0x0000000705600000, 0x0000000705800000, 0x0000000705800000|100%|HC|  |TAMS 0x0000000705800000, 0x0000000705600000| Complete 
|  33|0x0000000705800000, 0x0000000705a00000, 0x0000000705a00000|100%| O|  |TAMS 0x0000000705a00000, 0x0000000705800000| Updating 
|  34|0x0000000705a00000, 0x0000000705c00000, 0x0000000705c00000|100%| O|  |TAMS 0x0000000705c00000, 0x0000000705a00000| Updating 
|  35|0x0000000705c00000, 0x0000000705e00000, 0x0000000705e00000|100%|HS|  |TAMS 0x0000000705e00000, 0x0000000705c00000| Complete 
|  36|0x0000000705e00000, 0x0000000706000000, 0x0000000706000000|100%| O|  |TAMS 0x0000000706000000, 0x0000000705e00000| Updating 
|  37|0x0000000706000000, 0x0000000706200000, 0x0000000706200000|100%| O|  |TAMS 0x0000000706200000, 0x0000000706000000| Untracked 
|  38|0x0000000706200000, 0x0000000706400000, 0x0000000706400000|100%| O|  |TAMS 0x0000000706400000, 0x0000000706200000| Updating 
|  39|0x0000000706400000, 0x0000000706600000, 0x0000000706600000|100%| O|  |TAMS 0x0000000706600000, 0x0000000706400000| Updating 
|  40|0x0000000706600000, 0x0000000706800000, 0x0000000706800000|100%|HS|  |TAMS 0x0000000706800000, 0x0000000706600000| Complete 
|  41|0x0000000706800000, 0x0000000706a00000, 0x0000000706a00000|100%| O|  |TAMS 0x0000000706a00000, 0x0000000706800000| Untracked 
|  42|0x0000000706a00000, 0x0000000706c00000, 0x0000000706c00000|100%| O|  |TAMS 0x0000000706c00000, 0x0000000706a00000| Updating 
|  43|0x0000000706c00000, 0x0000000706e00000, 0x0000000706e00000|100%| O|  |TAMS 0x0000000706e00000, 0x0000000706c00000| Untracked 
|  44|0x0000000706e00000, 0x0000000707000000, 0x0000000707000000|100%| O|  |TAMS 0x0000000707000000, 0x0000000706e00000| Updating 
|  45|0x0000000707000000, 0x0000000707200000, 0x0000000707200000|100%|HS|  |TAMS 0x0000000707200000, 0x0000000707000000| Complete 
|  46|0x0000000707200000, 0x0000000707400000, 0x0000000707400000|100%| O|  |TAMS 0x0000000707400000, 0x0000000707200000| Untracked 
|  47|0x0000000707400000, 0x0000000707600000, 0x0000000707600000|100%| O|  |TAMS 0x0000000707600000, 0x0000000707400000| Untracked 
|  48|0x0000000707600000, 0x0000000707800000, 0x0000000707800000|100%| O|  |TAMS 0x0000000707800000, 0x0000000707600000| Untracked 
|  49|0x0000000707800000, 0x0000000707a00000, 0x0000000707a00000|100%| O|  |TAMS 0x0000000707a00000, 0x0000000707800000| Updating 
|  50|0x0000000707a00000, 0x0000000707c00000, 0x0000000707c00000|100%| O|  |TAMS 0x0000000707c00000, 0x0000000707a00000| Untracked 
|  51|0x0000000707c00000, 0x0000000707e00000, 0x0000000707e00000|100%| O|  |TAMS 0x0000000707e00000, 0x0000000707c00000| Updating 
|  52|0x0000000707e00000, 0x0000000708000000, 0x0000000708000000|100%| O|  |TAMS 0x0000000708000000, 0x0000000707e00000| Untracked 
|  53|0x0000000708000000, 0x0000000708200000, 0x0000000708200000|100%| O|  |TAMS 0x0000000708200000, 0x0000000708000000| Untracked 
|  54|0x0000000708200000, 0x0000000708400000, 0x0000000708400000|100%| O|  |TAMS 0x0000000708400000, 0x0000000708200000| Untracked 
|  55|0x0000000708400000, 0x0000000708600000, 0x0000000708600000|100%| O|  |TAMS 0x0000000708600000, 0x0000000708400000| Untracked 
|  56|0x0000000708600000, 0x0000000708800000, 0x0000000708800000|100%| O|  |TAMS 0x0000000708800000, 0x0000000708600000| Untracked 
|  57|0x0000000708800000, 0x0000000708a00000, 0x0000000708a00000|100%| O|  |TAMS 0x0000000708a00000, 0x0000000708800000| Untracked 
|  58|0x0000000708a00000, 0x0000000708c00000, 0x0000000708c00000|100%| O|  |TAMS 0x0000000708c00000, 0x0000000708a00000| Untracked 
|  59|0x0000000708c00000, 0x0000000708e00000, 0x0000000708e00000|100%| O|  |TAMS 0x0000000708e00000, 0x0000000708c00000| Untracked 
|  60|0x0000000708e00000, 0x0000000709000000, 0x0000000709000000|100%| O|  |TAMS 0x0000000709000000, 0x0000000708e00000| Untracked 
|  61|0x0000000709000000, 0x0000000709200000, 0x0000000709200000|100%| O|  |TAMS 0x0000000709200000, 0x0000000709000000| Untracked 
|  62|0x0000000709200000, 0x0000000709400000, 0x0000000709400000|100%| O|  |TAMS 0x0000000709400000, 0x0000000709200000| Updating 
|  63|0x0000000709400000, 0x0000000709600000, 0x0000000709600000|100%| O|  |TAMS 0x0000000709600000, 0x0000000709400000| Untracked 
|  64|0x0000000709600000, 0x0000000709800000, 0x0000000709800000|100%| O|  |TAMS 0x0000000709800000, 0x0000000709600000| Untracked 
|  65|0x0000000709800000, 0x0000000709a00000, 0x0000000709a00000|100%| O|  |TAMS 0x0000000709a00000, 0x0000000709800000| Updating 
|  66|0x0000000709a00000, 0x0000000709c00000, 0x0000000709c00000|100%| O|  |TAMS 0x0000000709c00000, 0x0000000709a00000| Untracked 
|  67|0x0000000709c00000, 0x0000000709e00000, 0x0000000709e00000|100%| O|  |TAMS 0x0000000709e00000, 0x0000000709c00000| Untracked 
|  68|0x0000000709e00000, 0x000000070a000000, 0x000000070a000000|100%| O|  |TAMS 0x000000070a000000, 0x0000000709e00000| Untracked 
|  69|0x000000070a000000, 0x000000070a200000, 0x000000070a200000|100%| O|  |TAMS 0x000000070a200000, 0x000000070a000000| Untracked 
|  70|0x000000070a200000, 0x000000070a400000, 0x000000070a400000|100%| O|  |TAMS 0x000000070a400000, 0x000000070a200000| Untracked 
|  71|0x000000070a400000, 0x000000070a600000, 0x000000070a600000|100%| O|  |TAMS 0x000000070a600000, 0x000000070a400000| Untracked 
|  72|0x000000070a600000, 0x000000070a800000, 0x000000070a800000|100%| O|  |TAMS 0x000000070a800000, 0x000000070a600000| Untracked 
|  73|0x000000070a800000, 0x000000070aa00000, 0x000000070aa00000|100%| O|  |TAMS 0x000000070aa00000, 0x000000070a800000| Untracked 
|  74|0x000000070aa00000, 0x000000070ac00000, 0x000000070ac00000|100%| O|  |TAMS 0x000000070ac00000, 0x000000070aa00000| Untracked 
|  75|0x000000070ac00000, 0x000000070ae00000, 0x000000070ae00000|100%| O|  |TAMS 0x000000070ae00000, 0x000000070ac00000| Untracked 
|  76|0x000000070ae00000, 0x000000070b000000, 0x000000070b000000|100%| O|  |TAMS 0x000000070b000000, 0x000000070ae00000| Updating 
|  77|0x000000070b000000, 0x000000070b200000, 0x000000070b200000|100%| O|  |TAMS 0x000000070b200000, 0x000000070b000000| Untracked 
|  78|0x000000070b200000, 0x000000070b400000, 0x000000070b400000|100%| O|  |TAMS 0x000000070b400000, 0x000000070b200000| Untracked 
|  79|0x000000070b400000, 0x000000070b600000, 0x000000070b600000|100%| O|  |TAMS 0x000000070b600000, 0x000000070b400000| Untracked 
|  80|0x000000070b600000, 0x000000070b800000, 0x000000070b800000|100%| O|  |TAMS 0x000000070b800000, 0x000000070b600000| Untracked 
|  81|0x000000070b800000, 0x000000070ba00000, 0x000000070ba00000|100%| O|  |TAMS 0x000000070ba00000, 0x000000070b800000| Untracked 
|  82|0x000000070ba00000, 0x000000070bc00000, 0x000000070bc00000|100%| O|  |TAMS 0x000000070bc00000, 0x000000070ba00000| Untracked 
|  83|0x000000070bc00000, 0x000000070be00000, 0x000000070be00000|100%| O|  |TAMS 0x000000070be00000, 0x000000070bc00000| Untracked 
|  84|0x000000070be00000, 0x000000070c000000, 0x000000070c000000|100%| O|  |TAMS 0x000000070c000000, 0x000000070be00000| Untracked 
|  85|0x000000070c000000, 0x000000070c200000, 0x000000070c200000|100%| O|  |TAMS 0x000000070c200000, 0x000000070c000000| Untracked 
|  86|0x000000070c200000, 0x000000070c400000, 0x000000070c400000|100%| O|  |TAMS 0x000000070c400000, 0x000000070c200000| Untracked 
|  87|0x000000070c400000, 0x000000070c600000, 0x000000070c600000|100%| O|  |TAMS 0x000000070c600000, 0x000000070c400000| Untracked 
|  88|0x000000070c600000, 0x000000070c800000, 0x000000070c800000|100%| O|  |TAMS 0x000000070c800000, 0x000000070c600000| Untracked 
|  89|0x000000070c800000, 0x000000070ca00000, 0x000000070ca00000|100%| O|  |TAMS 0x000000070ca00000, 0x000000070c800000| Untracked 
|  90|0x000000070ca00000, 0x000000070cc00000, 0x000000070cc00000|100%| O|  |TAMS 0x000000070cc00000, 0x000000070ca00000| Updating 
|  91|0x000000070cc00000, 0x000000070ce00000, 0x000000070ce00000|100%| O|  |TAMS 0x000000070ce00000, 0x000000070cc00000| Updating 
|  92|0x000000070ce00000, 0x000000070d000000, 0x000000070d000000|100%| O|  |TAMS 0x000000070d000000, 0x000000070ce00000| Untracked 
|  93|0x000000070d000000, 0x000000070d200000, 0x000000070d200000|100%| O|  |TAMS 0x000000070d200000, 0x000000070d000000| Untracked 
|  94|0x000000070d200000, 0x000000070d400000, 0x000000070d400000|100%| O|  |TAMS 0x000000070d400000, 0x000000070d200000| Untracked 
|  95|0x000000070d400000, 0x000000070d600000, 0x000000070d600000|100%| O|  |TAMS 0x000000070d600000, 0x000000070d400000| Untracked 
|  96|0x000000070d600000, 0x000000070d800000, 0x000000070d800000|100%| O|  |TAMS 0x000000070d800000, 0x000000070d600000| Untracked 
|  97|0x000000070d800000, 0x000000070da00000, 0x000000070da00000|100%| O|  |TAMS 0x000000070da00000, 0x000000070d800000| Untracked 
|  98|0x000000070da00000, 0x000000070dc00000, 0x000000070dc00000|100%| O|  |TAMS 0x000000070dc00000, 0x000000070da00000| Updating 
|  99|0x000000070dc00000, 0x000000070de00000, 0x000000070de00000|100%| O|  |TAMS 0x000000070de00000, 0x000000070dc00000| Updating 
| 100|0x000000070de00000, 0x000000070e000000, 0x000000070e000000|100%| O|  |TAMS 0x000000070e000000, 0x000000070de00000| Updating 
| 101|0x000000070e000000, 0x000000070e200000, 0x000000070e200000|100%| O|  |TAMS 0x000000070e200000, 0x000000070e000000| Untracked 
| 102|0x000000070e200000, 0x000000070e400000, 0x000000070e400000|100%| O|  |TAMS 0x000000070e400000, 0x000000070e200000| Untracked 
| 103|0x000000070e400000, 0x000000070e600000, 0x000000070e600000|100%| O|  |TAMS 0x000000070e600000, 0x000000070e400000| Untracked 
| 104|0x000000070e600000, 0x000000070e800000, 0x000000070e800000|100%| O|  |TAMS 0x000000070e800000, 0x000000070e600000| Untracked 
| 105|0x000000070e800000, 0x000000070ea00000, 0x000000070ea00000|100%| O|  |TAMS 0x000000070ea00000, 0x000000070e800000| Untracked 
| 106|0x000000070ea00000, 0x000000070ec00000, 0x000000070ec00000|100%| O|  |TAMS 0x000000070ec00000, 0x000000070ea00000| Untracked 
| 107|0x000000070ec00000, 0x000000070ee00000, 0x000000070ee00000|100%| O|  |TAMS 0x000000070ee00000, 0x000000070ec00000| Untracked 
| 108|0x000000070ee00000, 0x000000070f000000, 0x000000070f000000|100%| O|  |TAMS 0x000000070f000000, 0x000000070ee00000| Untracked 
| 109|0x000000070f000000, 0x000000070f200000, 0x000000070f200000|100%| O|  |TAMS 0x000000070f200000, 0x000000070f000000| Untracked 
| 110|0x000000070f200000, 0x000000070f400000, 0x000000070f400000|100%| O|  |TAMS 0x000000070f400000, 0x000000070f200000| Updating 
| 111|0x000000070f400000, 0x000000070f600000, 0x000000070f600000|100%| O|  |TAMS 0x000000070f600000, 0x000000070f400000| Untracked 
| 112|0x000000070f600000, 0x000000070f800000, 0x000000070f800000|100%| O|  |TAMS 0x000000070f800000, 0x000000070f600000| Untracked 
| 113|0x000000070f800000, 0x000000070fa00000, 0x000000070fa00000|100%| O|  |TAMS 0x000000070fa00000, 0x000000070f800000| Untracked 
| 114|0x000000070fa00000, 0x000000070fc00000, 0x000000070fc00000|100%| O|  |TAMS 0x000000070fc00000, 0x000000070fa00000| Untracked 
| 115|0x000000070fc00000, 0x000000070fe00000, 0x000000070fe00000|100%| O|  |TAMS 0x000000070fe00000, 0x000000070fc00000| Untracked 
| 116|0x000000070fe00000, 0x0000000710000000, 0x0000000710000000|100%| O|  |TAMS 0x0000000710000000, 0x000000070fe00000| Untracked 
| 117|0x0000000710000000, 0x0000000710200000, 0x0000000710200000|100%| O|  |TAMS 0x0000000710200000, 0x0000000710000000| Untracked 
| 118|0x0000000710200000, 0x0000000710400000, 0x0000000710400000|100%| O|  |TAMS 0x0000000710400000, 0x0000000710200000| Updating 
| 119|0x0000000710400000, 0x0000000710600000, 0x0000000710600000|100%| O|  |TAMS 0x0000000710600000, 0x0000000710400000| Untracked 
| 120|0x0000000710600000, 0x0000000710800000, 0x0000000710800000|100%| O|  |TAMS 0x0000000710800000, 0x0000000710600000| Untracked 
| 121|0x0000000710800000, 0x0000000710a00000, 0x0000000710a00000|100%| O|  |TAMS 0x0000000710a00000, 0x0000000710800000| Untracked 
| 122|0x0000000710a00000, 0x0000000710c00000, 0x0000000710c00000|100%| O|  |TAMS 0x0000000710c00000, 0x0000000710a00000| Untracked 
| 123|0x0000000710c00000, 0x0000000710e00000, 0x0000000710e00000|100%| O|  |TAMS 0x0000000710e00000, 0x0000000710c00000| Untracked 
| 124|0x0000000710e00000, 0x0000000711000000, 0x0000000711000000|100%| O|  |TAMS 0x0000000711000000, 0x0000000710e00000| Untracked 
| 125|0x0000000711000000, 0x0000000711200000, 0x0000000711200000|100%| O|  |TAMS 0x0000000711200000, 0x0000000711000000| Untracked 
| 126|0x0000000711200000, 0x0000000711400000, 0x0000000711400000|100%| O|  |TAMS 0x0000000711400000, 0x0000000711200000| Untracked 
| 127|0x0000000711400000, 0x0000000711600000, 0x0000000711600000|100%| O|  |TAMS 0x0000000711600000, 0x0000000711400000| Untracked 
| 128|0x0000000711600000, 0x0000000711800000, 0x0000000711800000|100%| O|  |TAMS 0x0000000711800000, 0x0000000711600000| Untracked 
| 129|0x0000000711800000, 0x0000000711a00000, 0x0000000711a00000|100%| O|  |TAMS 0x0000000711a00000, 0x0000000711800000| Untracked 
| 130|0x0000000711a00000, 0x0000000711c00000, 0x0000000711c00000|100%| O|  |TAMS 0x0000000711c00000, 0x0000000711a00000| Untracked 
| 131|0x0000000711c00000, 0x0000000711e00000, 0x0000000711e00000|100%| O|  |TAMS 0x0000000711e00000, 0x0000000711c00000| Untracked 
| 132|0x0000000711e00000, 0x0000000712000000, 0x0000000712000000|100%| O|  |TAMS 0x0000000712000000, 0x0000000711e00000| Untracked 
| 133|0x0000000712000000, 0x0000000712200000, 0x0000000712200000|100%| O|  |TAMS 0x0000000712200000, 0x0000000712000000| Untracked 
| 134|0x0000000712200000, 0x0000000712400000, 0x0000000712400000|100%| O|  |TAMS 0x0000000712400000, 0x0000000712200000| Untracked 
| 135|0x0000000712400000, 0x0000000712600000, 0x0000000712600000|100%| O|  |TAMS 0x0000000712600000, 0x0000000712400000| Untracked 
| 136|0x0000000712600000, 0x0000000712800000, 0x0000000712800000|100%| O|  |TAMS 0x0000000712800000, 0x0000000712600000| Untracked 
| 137|0x0000000712800000, 0x0000000712a00000, 0x0000000712a00000|100%| O|  |TAMS 0x0000000712a00000, 0x0000000712800000| Untracked 
| 138|0x0000000712a00000, 0x0000000712c00000, 0x0000000712c00000|100%| O|  |TAMS 0x0000000712c00000, 0x0000000712a00000| Untracked 
| 139|0x0000000712c00000, 0x0000000712e00000, 0x0000000712e00000|100%| O|  |TAMS 0x0000000712e00000, 0x0000000712c00000| Untracked 
| 140|0x0000000712e00000, 0x0000000713000000, 0x0000000713000000|100%| O|  |TAMS 0x0000000713000000, 0x0000000712e00000| Untracked 
| 141|0x0000000713000000, 0x0000000713200000, 0x0000000713200000|100%| O|  |TAMS 0x0000000713200000, 0x0000000713000000| Untracked 
| 142|0x0000000713200000, 0x0000000713400000, 0x0000000713400000|100%| O|  |TAMS 0x0000000713400000, 0x0000000713200000| Untracked 
| 143|0x0000000713400000, 0x0000000713600000, 0x0000000713600000|100%| O|  |TAMS 0x0000000713600000, 0x0000000713400000| Untracked 
| 144|0x0000000713600000, 0x0000000713800000, 0x0000000713800000|100%| O|  |TAMS 0x0000000713800000, 0x0000000713600000| Untracked 
| 145|0x0000000713800000, 0x0000000713a00000, 0x0000000713a00000|100%| O|  |TAMS 0x0000000713a00000, 0x0000000713800000| Untracked 
| 146|0x0000000713a00000, 0x0000000713c00000, 0x0000000713c00000|100%| O|  |TAMS 0x0000000713c00000, 0x0000000713a00000| Untracked 
| 147|0x0000000713c00000, 0x0000000713e00000, 0x0000000713e00000|100%| O|  |TAMS 0x0000000713e00000, 0x0000000713c00000| Untracked 
| 148|0x0000000713e00000, 0x0000000714000000, 0x0000000714000000|100%| O|  |TAMS 0x0000000714000000, 0x0000000713e00000| Untracked 
| 149|0x0000000714000000, 0x0000000714200000, 0x0000000714200000|100%| O|  |TAMS 0x0000000714200000, 0x0000000714000000| Untracked 
| 150|0x0000000714200000, 0x0000000714400000, 0x0000000714400000|100%| O|  |TAMS 0x0000000714400000, 0x0000000714200000| Untracked 
| 151|0x0000000714400000, 0x0000000714600000, 0x0000000714600000|100%| O|  |TAMS 0x0000000714600000, 0x0000000714400000| Updating 
| 152|0x0000000714600000, 0x0000000714800000, 0x0000000714800000|100%| O|  |TAMS 0x0000000714800000, 0x0000000714600000| Updating 
| 153|0x0000000714800000, 0x0000000714a00000, 0x0000000714a00000|100%| O|  |TAMS 0x0000000714a00000, 0x0000000714800000| Untracked 
| 154|0x0000000714a00000, 0x0000000714c00000, 0x0000000714c00000|100%| O|  |TAMS 0x0000000714c00000, 0x0000000714a00000| Untracked 
| 155|0x0000000714c00000, 0x0000000714e00000, 0x0000000714e00000|100%| O|  |TAMS 0x0000000714e00000, 0x0000000714c00000| Untracked 
| 156|0x0000000714e00000, 0x0000000715000000, 0x0000000715000000|100%| O|  |TAMS 0x0000000715000000, 0x0000000714e00000| Untracked 
| 157|0x0000000715000000, 0x0000000715200000, 0x0000000715200000|100%| O|  |TAMS 0x0000000715200000, 0x0000000715000000| Untracked 
| 158|0x0000000715200000, 0x0000000715400000, 0x0000000715400000|100%| O|  |TAMS 0x0000000715400000, 0x0000000715200000| Untracked 
| 159|0x0000000715400000, 0x0000000715600000, 0x0000000715600000|100%| O|  |TAMS 0x0000000715600000, 0x0000000715400000| Untracked 
| 160|0x0000000715600000, 0x0000000715800000, 0x0000000715800000|100%| O|  |TAMS 0x0000000715800000, 0x0000000715600000| Untracked 
| 161|0x0000000715800000, 0x0000000715a00000, 0x0000000715a00000|100%| O|  |TAMS 0x0000000715a00000, 0x0000000715800000| Untracked 
| 162|0x0000000715a00000, 0x0000000715c00000, 0x0000000715c00000|100%| O|  |TAMS 0x0000000715c00000, 0x0000000715a00000| Updating 
| 163|0x0000000715c00000, 0x0000000715e00000, 0x0000000715e00000|100%| O|  |TAMS 0x0000000715e00000, 0x0000000715c00000| Updating 
| 164|0x0000000715e00000, 0x0000000716000000, 0x0000000716000000|100%| O|  |TAMS 0x0000000715e00000, 0x0000000715e00000| Untracked 
| 165|0x0000000716000000, 0x0000000716200000, 0x0000000716200000|100%| O|  |TAMS 0x0000000716000000, 0x0000000716000000| Untracked 
| 166|0x0000000716200000, 0x0000000716400000, 0x0000000716400000|100%| O|  |TAMS 0x0000000716200000, 0x0000000716200000| Untracked 
| 167|0x0000000716400000, 0x0000000716600000, 0x0000000716600000|100%| O|  |TAMS 0x0000000716400000, 0x0000000716400000| Untracked 
| 168|0x0000000716600000, 0x0000000716800000, 0x0000000716800000|100%| O|  |TAMS 0x0000000716600000, 0x0000000716600000| Untracked 
| 169|0x0000000716800000, 0x0000000716a00000, 0x0000000716a00000|100%| O|  |TAMS 0x0000000716800000, 0x0000000716800000| Untracked 
| 170|0x0000000716a00000, 0x0000000716c00000, 0x0000000716c00000|100%| O|  |TAMS 0x0000000716a00000, 0x0000000716a00000| Untracked 
| 171|0x0000000716c00000, 0x0000000716e00000, 0x0000000716e00000|100%| O|  |TAMS 0x0000000716c00000, 0x0000000716c00000| Untracked 
| 172|0x0000000716e00000, 0x0000000717000000, 0x0000000717000000|100%| O|  |TAMS 0x0000000716e00000, 0x0000000716e00000| Untracked 
| 173|0x0000000717000000, 0x0000000717200000, 0x0000000717200000|100%| O|  |TAMS 0x0000000717000000, 0x0000000717000000| Untracked 
| 174|0x0000000717200000, 0x0000000717400000, 0x0000000717400000|100%| O|  |TAMS 0x0000000717200000, 0x0000000717200000| Untracked 
| 175|0x0000000717400000, 0x0000000717600000, 0x0000000717600000|100%| O|  |TAMS 0x0000000717400000, 0x0000000717400000| Untracked 
| 176|0x0000000717600000, 0x0000000717800000, 0x0000000717800000|100%| O|  |TAMS 0x0000000717600000, 0x0000000717600000| Untracked 
| 177|0x0000000717800000, 0x0000000717a00000, 0x0000000717a00000|100%| O|  |TAMS 0x0000000717800000, 0x0000000717800000| Untracked 
| 178|0x0000000717a00000, 0x0000000717c00000, 0x0000000717c00000|100%| O|  |TAMS 0x0000000717a00000, 0x0000000717a00000| Untracked 
| 179|0x0000000717c00000, 0x0000000717e00000, 0x0000000717e00000|100%| O|  |TAMS 0x0000000717c00000, 0x0000000717c00000| Untracked 
| 180|0x0000000717e00000, 0x0000000718000000, 0x0000000718000000|100%| O|  |TAMS 0x0000000717e00000, 0x0000000717e00000| Untracked 
| 181|0x0000000718000000, 0x0000000718200000, 0x0000000718200000|100%| O|  |TAMS 0x0000000718000000, 0x0000000718000000| Untracked 
| 182|0x0000000718200000, 0x0000000718400000, 0x0000000718400000|100%| O|  |TAMS 0x0000000718200000, 0x0000000718200000| Untracked 
| 183|0x0000000718400000, 0x0000000718600000, 0x0000000718600000|100%| O|  |TAMS 0x0000000718400000, 0x0000000718400000| Untracked 
| 184|0x0000000718600000, 0x0000000718800000, 0x0000000718800000|100%| O|  |TAMS 0x0000000718600000, 0x0000000718600000| Untracked 
| 185|0x0000000718800000, 0x0000000718a00000, 0x0000000718a00000|100%| O|  |TAMS 0x0000000718800000, 0x0000000718800000| Untracked 
| 186|0x0000000718a00000, 0x0000000718c00000, 0x0000000718c00000|100%| O|  |TAMS 0x0000000718a00000, 0x0000000718a00000| Untracked 
| 187|0x0000000718c00000, 0x0000000718e00000, 0x0000000718e00000|100%| O|  |TAMS 0x0000000718c00000, 0x0000000718c00000| Untracked 
| 188|0x0000000718e00000, 0x0000000719000000, 0x0000000719000000|100%| O|  |TAMS 0x0000000718e00000, 0x0000000718e00000| Untracked 
| 189|0x0000000719000000, 0x0000000719200000, 0x0000000719200000|100%| O|  |TAMS 0x0000000719000000, 0x0000000719000000| Untracked 
| 190|0x0000000719200000, 0x0000000719400000, 0x0000000719400000|100%| O|  |TAMS 0x0000000719200000, 0x0000000719200000| Untracked 
| 191|0x0000000719400000, 0x0000000719600000, 0x0000000719600000|100%| O|  |TAMS 0x0000000719400000, 0x0000000719400000| Untracked 
| 192|0x0000000719600000, 0x0000000719800000, 0x0000000719800000|100%| O|  |TAMS 0x0000000719600000, 0x0000000719600000| Untracked 
| 193|0x0000000719800000, 0x0000000719a00000, 0x0000000719a00000|100%| O|  |TAMS 0x0000000719800000, 0x0000000719800000| Untracked 
| 194|0x0000000719a00000, 0x0000000719c00000, 0x0000000719c00000|100%| O|  |TAMS 0x0000000719a00000, 0x0000000719a00000| Untracked 
| 195|0x0000000719c00000, 0x0000000719e00000, 0x0000000719e00000|100%| O|  |TAMS 0x0000000719c00000, 0x0000000719c00000| Untracked 
| 196|0x0000000719e00000, 0x000000071a000000, 0x000000071a000000|100%| O|  |TAMS 0x0000000719e00000, 0x0000000719e00000| Untracked 
| 197|0x000000071a000000, 0x000000071a200000, 0x000000071a200000|100%| O|  |TAMS 0x000000071a000000, 0x000000071a000000| Untracked 
| 198|0x000000071a200000, 0x000000071a400000, 0x000000071a400000|100%| O|  |TAMS 0x000000071a200000, 0x000000071a200000| Untracked 
| 199|0x000000071a400000, 0x000000071a600000, 0x000000071a600000|100%| O|  |TAMS 0x000000071a400000, 0x000000071a400000| Untracked 
| 200|0x000000071a600000, 0x000000071a800000, 0x000000071a800000|100%| O|  |TAMS 0x000000071a600000, 0x000000071a600000| Untracked 
| 201|0x000000071a800000, 0x000000071aa00000, 0x000000071aa00000|100%| O|  |TAMS 0x000000071a800000, 0x000000071a800000| Untracked 
| 202|0x000000071aa00000, 0x000000071ac00000, 0x000000071ac00000|100%| O|  |TAMS 0x000000071aa00000, 0x000000071aa00000| Untracked 
| 203|0x000000071ac00000, 0x000000071ae00000, 0x000000071ae00000|100%| O|  |TAMS 0x000000071ac00000, 0x000000071ac00000| Untracked 
| 204|0x000000071ae00000, 0x000000071b000000, 0x000000071b000000|100%| O|  |TAMS 0x000000071ae00000, 0x000000071ae00000| Untracked 
| 205|0x000000071b000000, 0x000000071b200000, 0x000000071b200000|100%| O|  |TAMS 0x000000071b000000, 0x000000071b000000| Untracked 
| 206|0x000000071b200000, 0x000000071b400000, 0x000000071b400000|100%| O|  |TAMS 0x000000071b200000, 0x000000071b200000| Untracked 
| 207|0x000000071b400000, 0x000000071b600000, 0x000000071b600000|100%| O|  |TAMS 0x000000071b400000, 0x000000071b400000| Untracked 
| 208|0x000000071b600000, 0x000000071b800000, 0x000000071b800000|100%| O|  |TAMS 0x000000071b600000, 0x000000071b600000| Untracked 
| 209|0x000000071b800000, 0x000000071ba00000, 0x000000071ba00000|100%| O|  |TAMS 0x000000071b800000, 0x000000071b800000| Untracked 
| 210|0x000000071ba00000, 0x000000071bc00000, 0x000000071bc00000|100%| O|  |TAMS 0x000000071ba00000, 0x000000071ba00000| Untracked 
| 211|0x000000071bc00000, 0x000000071be00000, 0x000000071be00000|100%| O|  |TAMS 0x000000071bc00000, 0x000000071bc00000| Untracked 
| 212|0x000000071be00000, 0x000000071c000000, 0x000000071c000000|100%| O|  |TAMS 0x000000071be00000, 0x000000071be00000| Untracked 
| 213|0x000000071c000000, 0x000000071c200000, 0x000000071c200000|100%| O|  |TAMS 0x000000071c000000, 0x000000071c000000| Untracked 
| 214|0x000000071c200000, 0x000000071c400000, 0x000000071c400000|100%| O|  |TAMS 0x000000071c200000, 0x000000071c200000| Untracked 
| 215|0x000000071c400000, 0x000000071c600000, 0x000000071c600000|100%| O|  |TAMS 0x000000071c400000, 0x000000071c400000| Untracked 
| 216|0x000000071c600000, 0x000000071c800000, 0x000000071c800000|100%| O|  |TAMS 0x000000071c600000, 0x000000071c600000| Untracked 
| 217|0x000000071c800000, 0x000000071ca00000, 0x000000071ca00000|100%| O|  |TAMS 0x000000071c800000, 0x000000071c800000| Untracked 
| 218|0x000000071ca00000, 0x000000071cc00000, 0x000000071cc00000|100%| O|  |TAMS 0x000000071ca00000, 0x000000071ca00000| Untracked 
| 219|0x000000071cc00000, 0x000000071ce00000, 0x000000071ce00000|100%| O|  |TAMS 0x000000071cc00000, 0x000000071cc00000| Untracked 
| 220|0x000000071ce00000, 0x000000071d000000, 0x000000071d000000|100%| O|  |TAMS 0x000000071ce00000, 0x000000071ce00000| Untracked 
| 221|0x000000071d000000, 0x000000071d200000, 0x000000071d200000|100%| O|  |TAMS 0x000000071d000000, 0x000000071d000000| Untracked 
| 222|0x000000071d200000, 0x000000071d400000, 0x000000071d400000|100%| O|  |TAMS 0x000000071d200000, 0x000000071d200000| Untracked 
| 223|0x000000071d400000, 0x000000071d600000, 0x000000071d600000|100%| O|  |TAMS 0x000000071d400000, 0x000000071d400000| Untracked 
| 224|0x000000071d600000, 0x000000071d800000, 0x000000071d800000|100%| O|  |TAMS 0x000000071d600000, 0x000000071d600000| Untracked 
| 225|0x000000071d800000, 0x000000071da00000, 0x000000071da00000|100%| O|  |TAMS 0x000000071d800000, 0x000000071d800000| Untracked 
| 226|0x000000071da00000, 0x000000071dc00000, 0x000000071dc00000|100%| O|  |TAMS 0x000000071da00000, 0x000000071da00000| Untracked 
| 227|0x000000071dc00000, 0x000000071de00000, 0x000000071de00000|100%| O|  |TAMS 0x000000071dc00000, 0x000000071dc00000| Untracked 
| 228|0x000000071de00000, 0x000000071e000000, 0x000000071e000000|100%| O|  |TAMS 0x000000071de00000, 0x000000071de00000| Untracked 
| 229|0x000000071e000000, 0x000000071e200000, 0x000000071e200000|100%| O|  |TAMS 0x000000071e000000, 0x000000071e000000| Untracked 
| 230|0x000000071e200000, 0x000000071e400000, 0x000000071e400000|100%| O|  |TAMS 0x000000071e200000, 0x000000071e200000| Untracked 
| 231|0x000000071e400000, 0x000000071e600000, 0x000000071e600000|100%| O|  |TAMS 0x000000071e400000, 0x000000071e400000| Untracked 
| 232|0x000000071e600000, 0x000000071e800000, 0x000000071e800000|100%| O|  |TAMS 0x000000071e600000, 0x000000071e600000| Untracked 
| 233|0x000000071e800000, 0x000000071ea00000, 0x000000071ea00000|100%| O|  |TAMS 0x000000071e800000, 0x000000071e800000| Untracked 
| 234|0x000000071ea00000, 0x000000071ec00000, 0x000000071ec00000|100%| O|  |TAMS 0x000000071ea00000, 0x000000071ea00000| Untracked 
| 235|0x000000071ec00000, 0x000000071ee00000, 0x000000071ee00000|100%| O|  |TAMS 0x000000071ec00000, 0x000000071ec00000| Untracked 
| 236|0x000000071ee00000, 0x000000071f000000, 0x000000071f000000|100%| O|  |TAMS 0x000000071ee00000, 0x000000071ee00000| Untracked 
| 237|0x000000071f000000, 0x000000071f200000, 0x000000071f200000|100%| O|  |TAMS 0x000000071f000000, 0x000000071f000000| Untracked 
| 238|0x000000071f200000, 0x000000071f400000, 0x000000071f400000|100%| O|  |TAMS 0x000000071f200000, 0x000000071f200000| Untracked 
| 239|0x000000071f400000, 0x000000071f600000, 0x000000071f600000|100%| O|  |TAMS 0x000000071f400000, 0x000000071f400000| Untracked 
| 240|0x000000071f600000, 0x000000071f800000, 0x000000071f800000|100%| O|  |TAMS 0x000000071f600000, 0x000000071f600000| Untracked 
| 241|0x000000071f800000, 0x000000071fa00000, 0x000000071fa00000|100%| O|  |TAMS 0x000000071f800000, 0x000000071f800000| Untracked 
| 242|0x000000071fa00000, 0x000000071fc00000, 0x000000071fc00000|100%| O|  |TAMS 0x000000071fa00000, 0x000000071fa00000| Untracked 
| 243|0x000000071fc00000, 0x000000071fe00000, 0x000000071fe00000|100%| O|  |TAMS 0x000000071fc00000, 0x000000071fc00000| Untracked 
| 244|0x000000071fe00000, 0x0000000720000000, 0x0000000720000000|100%| O|  |TAMS 0x000000071fe00000, 0x000000071fe00000| Untracked 
| 245|0x0000000720000000, 0x0000000720200000, 0x0000000720200000|100%| O|  |TAMS 0x0000000720000000, 0x0000000720000000| Untracked 
| 246|0x0000000720200000, 0x0000000720400000, 0x0000000720400000|100%| O|  |TAMS 0x0000000720200000, 0x0000000720200000| Untracked 
| 247|0x0000000720400000, 0x0000000720600000, 0x0000000720600000|100%| O|  |TAMS 0x0000000720400000, 0x0000000720400000| Untracked 
| 248|0x0000000720600000, 0x0000000720800000, 0x0000000720800000|100%| O|  |TAMS 0x0000000720600000, 0x0000000720600000| Untracked 
| 249|0x0000000720800000, 0x0000000720800000, 0x0000000720a00000|  0%| F|  |TAMS 0x0000000720800000, 0x0000000720800000| Untracked 
| 250|0x0000000720a00000, 0x0000000720a00000, 0x0000000720c00000|  0%| F|  |TAMS 0x0000000720a00000, 0x0000000720a00000| Untracked 
| 251|0x0000000720c00000, 0x0000000720c00000, 0x0000000720e00000|  0%| F|  |TAMS 0x0000000720c00000, 0x0000000720c00000| Untracked 
| 252|0x0000000720e00000, 0x0000000720e00000, 0x0000000721000000|  0%| F|  |TAMS 0x0000000720e00000, 0x0000000720e00000| Untracked 
| 253|0x0000000721000000, 0x0000000721000000, 0x0000000721200000|  0%| F|  |TAMS 0x0000000721000000, 0x0000000721000000| Untracked 
| 254|0x0000000721200000, 0x0000000721200000, 0x0000000721400000|  0%| F|  |TAMS 0x0000000721200000, 0x0000000721200000| Untracked 
| 255|0x0000000721400000, 0x0000000721400000, 0x0000000721600000|  0%| F|  |TAMS 0x0000000721400000, 0x0000000721400000| Untracked 
| 256|0x0000000721600000, 0x0000000721600000, 0x0000000721800000|  0%| F|  |TAMS 0x0000000721600000, 0x0000000721600000| Untracked 
| 257|0x0000000721800000, 0x0000000721800000, 0x0000000721a00000|  0%| F|  |TAMS 0x0000000721800000, 0x0000000721800000| Untracked 
| 258|0x0000000721a00000, 0x0000000721a00000, 0x0000000721c00000|  0%| F|  |TAMS 0x0000000721a00000, 0x0000000721a00000| Untracked 
| 259|0x0000000721c00000, 0x0000000721c00000, 0x0000000721e00000|  0%| F|  |TAMS 0x0000000721c00000, 0x0000000721c00000| Untracked 
| 260|0x0000000721e00000, 0x0000000721e00000, 0x0000000722000000|  0%| F|  |TAMS 0x0000000721e00000, 0x0000000721e00000| Untracked 
| 261|0x0000000722000000, 0x0000000722000000, 0x0000000722200000|  0%| F|  |TAMS 0x0000000722000000, 0x0000000722000000| Untracked 
| 262|0x0000000722200000, 0x0000000722200000, 0x0000000722400000|  0%| F|  |TAMS 0x0000000722200000, 0x0000000722200000| Untracked 
| 263|0x0000000722400000, 0x0000000722400000, 0x0000000722600000|  0%| F|  |TAMS 0x0000000722400000, 0x0000000722400000| Untracked 
| 264|0x0000000722600000, 0x0000000722600000, 0x0000000722800000|  0%| F|  |TAMS 0x0000000722600000, 0x0000000722600000| Untracked 
| 265|0x0000000722800000, 0x0000000722800000, 0x0000000722a00000|  0%| F|  |TAMS 0x0000000722800000, 0x0000000722800000| Untracked 
| 266|0x0000000722a00000, 0x0000000722a00000, 0x0000000722c00000|  0%| F|  |TAMS 0x0000000722a00000, 0x0000000722a00000| Untracked 
| 267|0x0000000722c00000, 0x0000000722c00000, 0x0000000722e00000|  0%| F|  |TAMS 0x0000000722c00000, 0x0000000722c00000| Untracked 
| 268|0x0000000722e00000, 0x0000000722e00000, 0x0000000723000000|  0%| F|  |TAMS 0x0000000722e00000, 0x0000000722e00000| Untracked 
| 269|0x0000000723000000, 0x0000000723000000, 0x0000000723200000|  0%| F|  |TAMS 0x0000000723000000, 0x0000000723000000| Untracked 
| 270|0x0000000723200000, 0x0000000723200000, 0x0000000723400000|  0%| F|  |TAMS 0x0000000723200000, 0x0000000723200000| Untracked 
| 271|0x0000000723400000, 0x0000000723400000, 0x0000000723600000|  0%| F|  |TAMS 0x0000000723400000, 0x0000000723400000| Untracked 
| 272|0x0000000723600000, 0x0000000723600000, 0x0000000723800000|  0%| F|  |TAMS 0x0000000723600000, 0x0000000723600000| Untracked 
| 273|0x0000000723800000, 0x0000000723800000, 0x0000000723a00000|  0%| F|  |TAMS 0x0000000723800000, 0x0000000723800000| Untracked 
| 274|0x0000000723a00000, 0x0000000723a00000, 0x0000000723c00000|  0%| F|  |TAMS 0x0000000723a00000, 0x0000000723a00000| Untracked 
| 275|0x0000000723c00000, 0x0000000723c00000, 0x0000000723e00000|  0%| F|  |TAMS 0x0000000723c00000, 0x0000000723c00000| Untracked 
| 276|0x0000000723e00000, 0x0000000723e00000, 0x0000000724000000|  0%| F|  |TAMS 0x0000000723e00000, 0x0000000723e00000| Untracked 
| 277|0x0000000724000000, 0x0000000724000000, 0x0000000724200000|  0%| F|  |TAMS 0x0000000724000000, 0x0000000724000000| Untracked 
| 278|0x0000000724200000, 0x0000000724200000, 0x0000000724400000|  0%| F|  |TAMS 0x0000000724200000, 0x0000000724200000| Untracked 
| 279|0x0000000724400000, 0x0000000724400000, 0x0000000724600000|  0%| F|  |TAMS 0x0000000724400000, 0x0000000724400000| Untracked 
| 280|0x0000000724600000, 0x0000000724600000, 0x0000000724800000|  0%| F|  |TAMS 0x0000000724600000, 0x0000000724600000| Untracked 
| 281|0x0000000724800000, 0x0000000724800000, 0x0000000724a00000|  0%| F|  |TAMS 0x0000000724800000, 0x0000000724800000| Untracked 
| 282|0x0000000724a00000, 0x0000000724a00000, 0x0000000724c00000|  0%| F|  |TAMS 0x0000000724a00000, 0x0000000724a00000| Untracked 
| 283|0x0000000724c00000, 0x0000000724c00000, 0x0000000724e00000|  0%| F|  |TAMS 0x0000000724c00000, 0x0000000724c00000| Untracked 
| 284|0x0000000724e00000, 0x0000000724e00000, 0x0000000725000000|  0%| F|  |TAMS 0x0000000724e00000, 0x0000000724e00000| Untracked 
| 285|0x0000000725000000, 0x0000000725000000, 0x0000000725200000|  0%| F|  |TAMS 0x0000000725000000, 0x0000000725000000| Untracked 
| 286|0x0000000725200000, 0x0000000725200000, 0x0000000725400000|  0%| F|  |TAMS 0x0000000725200000, 0x0000000725200000| Untracked 
| 287|0x0000000725400000, 0x0000000725400000, 0x0000000725600000|  0%| F|  |TAMS 0x0000000725400000, 0x0000000725400000| Untracked 
| 288|0x0000000725600000, 0x0000000725600000, 0x0000000725800000|  0%| F|  |TAMS 0x0000000725600000, 0x0000000725600000| Untracked 
| 289|0x0000000725800000, 0x0000000725800000, 0x0000000725a00000|  0%| F|  |TAMS 0x0000000725800000, 0x0000000725800000| Untracked 
| 290|0x0000000725a00000, 0x0000000725a00000, 0x0000000725c00000|  0%| F|  |TAMS 0x0000000725a00000, 0x0000000725a00000| Untracked 
| 291|0x0000000725c00000, 0x0000000725c00000, 0x0000000725e00000|  0%| F|  |TAMS 0x0000000725c00000, 0x0000000725c00000| Untracked 
| 292|0x0000000725e00000, 0x0000000725e00000, 0x0000000726000000|  0%| F|  |TAMS 0x0000000725e00000, 0x0000000725e00000| Untracked 
| 293|0x0000000726000000, 0x0000000726000000, 0x0000000726200000|  0%| F|  |TAMS 0x0000000726000000, 0x0000000726000000| Untracked 
| 294|0x0000000726200000, 0x0000000726200000, 0x0000000726400000|  0%| F|  |TAMS 0x0000000726200000, 0x0000000726200000| Untracked 
| 295|0x0000000726400000, 0x0000000726400000, 0x0000000726600000|  0%| F|  |TAMS 0x0000000726400000, 0x0000000726400000| Untracked 
| 296|0x0000000726600000, 0x0000000726600000, 0x0000000726800000|  0%| F|  |TAMS 0x0000000726600000, 0x0000000726600000| Untracked 
| 297|0x0000000726800000, 0x0000000726800000, 0x0000000726a00000|  0%| F|  |TAMS 0x0000000726800000, 0x0000000726800000| Untracked 
| 298|0x0000000726a00000, 0x0000000726a00000, 0x0000000726c00000|  0%| F|  |TAMS 0x0000000726a00000, 0x0000000726a00000| Untracked 
| 299|0x0000000726c00000, 0x0000000726c00000, 0x0000000726e00000|  0%| F|  |TAMS 0x0000000726c00000, 0x0000000726c00000| Untracked 
| 300|0x0000000726e00000, 0x0000000726e00000, 0x0000000727000000|  0%| F|  |TAMS 0x0000000726e00000, 0x0000000726e00000| Untracked 
| 301|0x0000000727000000, 0x0000000727000000, 0x0000000727200000|  0%| F|  |TAMS 0x0000000727000000, 0x0000000727000000| Untracked 
| 302|0x0000000727200000, 0x0000000727200000, 0x0000000727400000|  0%| F|  |TAMS 0x0000000727200000, 0x0000000727200000| Untracked 
| 303|0x0000000727400000, 0x0000000727400000, 0x0000000727600000|  0%| F|  |TAMS 0x0000000727400000, 0x0000000727400000| Untracked 
| 304|0x0000000727600000, 0x0000000727600000, 0x0000000727800000|  0%| F|  |TAMS 0x0000000727600000, 0x0000000727600000| Untracked 
| 305|0x0000000727800000, 0x0000000727800000, 0x0000000727a00000|  0%| F|  |TAMS 0x0000000727800000, 0x0000000727800000| Untracked 
| 306|0x0000000727a00000, 0x0000000727a00000, 0x0000000727c00000|  0%| F|  |TAMS 0x0000000727a00000, 0x0000000727a00000| Untracked 
| 307|0x0000000727c00000, 0x0000000727c00000, 0x0000000727e00000|  0%| F|  |TAMS 0x0000000727c00000, 0x0000000727c00000| Untracked 
| 308|0x0000000727e00000, 0x0000000727e00000, 0x0000000728000000|  0%| F|  |TAMS 0x0000000727e00000, 0x0000000727e00000| Untracked 
| 309|0x0000000728000000, 0x0000000728000000, 0x0000000728200000|  0%| F|  |TAMS 0x0000000728000000, 0x0000000728000000| Untracked 
| 310|0x0000000728200000, 0x0000000728200000, 0x0000000728400000|  0%| F|  |TAMS 0x0000000728200000, 0x0000000728200000| Untracked 
| 311|0x0000000728400000, 0x0000000728400000, 0x0000000728600000|  0%| F|  |TAMS 0x0000000728400000, 0x0000000728400000| Untracked 
| 312|0x0000000728600000, 0x0000000728600000, 0x0000000728800000|  0%| F|  |TAMS 0x0000000728600000, 0x0000000728600000| Untracked 
| 313|0x0000000728800000, 0x0000000728800000, 0x0000000728a00000|  0%| F|  |TAMS 0x0000000728800000, 0x0000000728800000| Untracked 
| 314|0x0000000728a00000, 0x0000000728a00000, 0x0000000728c00000|  0%| F|  |TAMS 0x0000000728a00000, 0x0000000728a00000| Untracked 
| 315|0x0000000728c00000, 0x0000000728c00000, 0x0000000728e00000|  0%| F|  |TAMS 0x0000000728c00000, 0x0000000728c00000| Untracked 
| 316|0x0000000728e00000, 0x0000000728e00000, 0x0000000729000000|  0%| F|  |TAMS 0x0000000728e00000, 0x0000000728e00000| Untracked 
| 317|0x0000000729000000, 0x0000000729000000, 0x0000000729200000|  0%| F|  |TAMS 0x0000000729000000, 0x0000000729000000| Untracked 
| 318|0x0000000729200000, 0x0000000729200000, 0x0000000729400000|  0%| F|  |TAMS 0x0000000729200000, 0x0000000729200000| Untracked 
| 319|0x0000000729400000, 0x0000000729400000, 0x0000000729600000|  0%| F|  |TAMS 0x0000000729400000, 0x0000000729400000| Untracked 
| 320|0x0000000729600000, 0x0000000729600000, 0x0000000729800000|  0%| F|  |TAMS 0x0000000729600000, 0x0000000729600000| Untracked 
| 321|0x0000000729800000, 0x0000000729800000, 0x0000000729a00000|  0%| F|  |TAMS 0x0000000729800000, 0x0000000729800000| Untracked 
| 322|0x0000000729a00000, 0x0000000729a00000, 0x0000000729c00000|  0%| F|  |TAMS 0x0000000729a00000, 0x0000000729a00000| Untracked 
| 323|0x0000000729c00000, 0x0000000729c00000, 0x0000000729e00000|  0%| F|  |TAMS 0x0000000729c00000, 0x0000000729c00000| Untracked 
| 324|0x0000000729e00000, 0x0000000729e00000, 0x000000072a000000|  0%| F|  |TAMS 0x0000000729e00000, 0x0000000729e00000| Untracked 
| 325|0x000000072a000000, 0x000000072a000000, 0x000000072a200000|  0%| F|  |TAMS 0x000000072a000000, 0x000000072a000000| Untracked 
| 326|0x000000072a200000, 0x000000072a200000, 0x000000072a400000|  0%| F|  |TAMS 0x000000072a200000, 0x000000072a200000| Untracked 
| 327|0x000000072a400000, 0x000000072a400000, 0x000000072a600000|  0%| F|  |TAMS 0x000000072a400000, 0x000000072a400000| Untracked 
| 328|0x000000072a600000, 0x000000072a600000, 0x000000072a800000|  0%| F|  |TAMS 0x000000072a600000, 0x000000072a600000| Untracked 
| 329|0x000000072a800000, 0x000000072a800000, 0x000000072aa00000|  0%| F|  |TAMS 0x000000072a800000, 0x000000072a800000| Untracked 
| 330|0x000000072aa00000, 0x000000072aa00000, 0x000000072ac00000|  0%| F|  |TAMS 0x000000072aa00000, 0x000000072aa00000| Untracked 
| 331|0x000000072ac00000, 0x000000072ac00000, 0x000000072ae00000|  0%| F|  |TAMS 0x000000072ac00000, 0x000000072ac00000| Untracked 
| 332|0x000000072ae00000, 0x000000072ae00000, 0x000000072b000000|  0%| F|  |TAMS 0x000000072ae00000, 0x000000072ae00000| Untracked 
| 333|0x000000072b000000, 0x000000072b000000, 0x000000072b200000|  0%| F|  |TAMS 0x000000072b000000, 0x000000072b000000| Untracked 
| 334|0x000000072b200000, 0x000000072b200000, 0x000000072b400000|  0%| F|  |TAMS 0x000000072b200000, 0x000000072b200000| Untracked 
| 335|0x000000072b400000, 0x000000072b400000, 0x000000072b600000|  0%| F|  |TAMS 0x000000072b400000, 0x000000072b400000| Untracked 
| 336|0x000000072b600000, 0x000000072b600000, 0x000000072b800000|  0%| F|  |TAMS 0x000000072b600000, 0x000000072b600000| Untracked 
| 337|0x000000072b800000, 0x000000072b800000, 0x000000072ba00000|  0%| F|  |TAMS 0x000000072b800000, 0x000000072b800000| Untracked 
| 338|0x000000072ba00000, 0x000000072ba00000, 0x000000072bc00000|  0%| F|  |TAMS 0x000000072ba00000, 0x000000072ba00000| Untracked 
| 339|0x000000072bc00000, 0x000000072bc00000, 0x000000072be00000|  0%| F|  |TAMS 0x000000072bc00000, 0x000000072bc00000| Untracked 
| 340|0x000000072be00000, 0x000000072be00000, 0x000000072c000000|  0%| F|  |TAMS 0x000000072be00000, 0x000000072be00000| Untracked 
| 341|0x000000072c000000, 0x000000072c000000, 0x000000072c200000|  0%| F|  |TAMS 0x000000072c000000, 0x000000072c000000| Untracked 
| 342|0x000000072c200000, 0x000000072c200000, 0x000000072c400000|  0%| F|  |TAMS 0x000000072c200000, 0x000000072c200000| Untracked 
| 343|0x000000072c400000, 0x000000072c400000, 0x000000072c600000|  0%| F|  |TAMS 0x000000072c400000, 0x000000072c400000| Untracked 
| 344|0x000000072c600000, 0x000000072c600000, 0x000000072c800000|  0%| F|  |TAMS 0x000000072c600000, 0x000000072c600000| Untracked 
| 345|0x000000072c800000, 0x000000072c800000, 0x000000072ca00000|  0%| F|  |TAMS 0x000000072c800000, 0x000000072c800000| Untracked 
| 346|0x000000072ca00000, 0x000000072ca00000, 0x000000072cc00000|  0%| F|  |TAMS 0x000000072ca00000, 0x000000072ca00000| Untracked 
| 347|0x000000072cc00000, 0x000000072cc00000, 0x000000072ce00000|  0%| F|  |TAMS 0x000000072cc00000, 0x000000072cc00000| Untracked 
| 348|0x000000072ce00000, 0x000000072ce00000, 0x000000072d000000|  0%| F|  |TAMS 0x000000072ce00000, 0x000000072ce00000| Untracked 
| 349|0x000000072d000000, 0x000000072d000000, 0x000000072d200000|  0%| F|  |TAMS 0x000000072d000000, 0x000000072d000000| Untracked 
| 350|0x000000072d200000, 0x000000072d200000, 0x000000072d400000|  0%| F|  |TAMS 0x000000072d200000, 0x000000072d200000| Untracked 
| 351|0x000000072d400000, 0x000000072d400000, 0x000000072d600000|  0%| F|  |TAMS 0x000000072d400000, 0x000000072d400000| Untracked 
| 352|0x000000072d600000, 0x000000072d600000, 0x000000072d800000|  0%| F|  |TAMS 0x000000072d600000, 0x000000072d600000| Untracked 
| 353|0x000000072d800000, 0x000000072d800000, 0x000000072da00000|  0%| F|  |TAMS 0x000000072d800000, 0x000000072d800000| Untracked 
| 354|0x000000072da00000, 0x000000072da00000, 0x000000072dc00000|  0%| F|  |TAMS 0x000000072da00000, 0x000000072da00000| Untracked 
| 355|0x000000072dc00000, 0x000000072dc00000, 0x000000072de00000|  0%| F|  |TAMS 0x000000072dc00000, 0x000000072dc00000| Untracked 
| 356|0x000000072de00000, 0x000000072de00000, 0x000000072e000000|  0%| F|  |TAMS 0x000000072de00000, 0x000000072de00000| Untracked 
| 357|0x000000072e000000, 0x000000072e000000, 0x000000072e200000|  0%| F|  |TAMS 0x000000072e000000, 0x000000072e000000| Untracked 
| 358|0x000000072e200000, 0x000000072e200000, 0x000000072e400000|  0%| F|  |TAMS 0x000000072e200000, 0x000000072e200000| Untracked 
| 359|0x000000072e400000, 0x000000072e400000, 0x000000072e600000|  0%| F|  |TAMS 0x000000072e400000, 0x000000072e400000| Untracked 
| 360|0x000000072e600000, 0x000000072e600000, 0x000000072e800000|  0%| F|  |TAMS 0x000000072e600000, 0x000000072e600000| Untracked 
| 361|0x000000072e800000, 0x000000072e800000, 0x000000072ea00000|  0%| F|  |TAMS 0x000000072e800000, 0x000000072e800000| Untracked 
| 362|0x000000072ea00000, 0x000000072ea00000, 0x000000072ec00000|  0%| F|  |TAMS 0x000000072ea00000, 0x000000072ea00000| Untracked 
| 363|0x000000072ec00000, 0x000000072ec00000, 0x000000072ee00000|  0%| F|  |TAMS 0x000000072ec00000, 0x000000072ec00000| Untracked 
| 364|0x000000072ee00000, 0x000000072ee00000, 0x000000072f000000|  0%| F|  |TAMS 0x000000072ee00000, 0x000000072ee00000| Untracked 
| 365|0x000000072f000000, 0x000000072f000000, 0x000000072f200000|  0%| F|  |TAMS 0x000000072f000000, 0x000000072f000000| Untracked 
| 366|0x000000072f200000, 0x000000072f200000, 0x000000072f400000|  0%| F|  |TAMS 0x000000072f200000, 0x000000072f200000| Untracked 
| 367|0x000000072f400000, 0x000000072f400000, 0x000000072f600000|  0%| F|  |TAMS 0x000000072f400000, 0x000000072f400000| Untracked 
| 368|0x000000072f600000, 0x000000072f600000, 0x000000072f800000|  0%| F|  |TAMS 0x000000072f600000, 0x000000072f600000| Untracked 
| 369|0x000000072f800000, 0x000000072f800000, 0x000000072fa00000|  0%| F|  |TAMS 0x000000072f800000, 0x000000072f800000| Untracked 
| 370|0x000000072fa00000, 0x000000072fa00000, 0x000000072fc00000|  0%| F|  |TAMS 0x000000072fa00000, 0x000000072fa00000| Untracked 
| 371|0x000000072fc00000, 0x000000072fc00000, 0x000000072fe00000|  0%| F|  |TAMS 0x000000072fc00000, 0x000000072fc00000| Untracked 
| 372|0x000000072fe00000, 0x000000072fe00000, 0x0000000730000000|  0%| F|  |TAMS 0x000000072fe00000, 0x000000072fe00000| Untracked 
| 373|0x0000000730000000, 0x0000000730000000, 0x0000000730200000|  0%| F|  |TAMS 0x0000000730000000, 0x0000000730000000| Untracked 
| 374|0x0000000730200000, 0x0000000730200000, 0x0000000730400000|  0%| F|  |TAMS 0x0000000730200000, 0x0000000730200000| Untracked 
| 375|0x0000000730400000, 0x0000000730400000, 0x0000000730600000|  0%| F|  |TAMS 0x0000000730400000, 0x0000000730400000| Untracked 
| 376|0x0000000730600000, 0x0000000730600000, 0x0000000730800000|  0%| F|  |TAMS 0x0000000730600000, 0x0000000730600000| Untracked 
| 377|0x0000000730800000, 0x0000000730800000, 0x0000000730a00000|  0%| F|  |TAMS 0x0000000730800000, 0x0000000730800000| Untracked 
| 378|0x0000000730a00000, 0x0000000730a00000, 0x0000000730c00000|  0%| F|  |TAMS 0x0000000730a00000, 0x0000000730a00000| Untracked 
| 379|0x0000000730c00000, 0x0000000730c00000, 0x0000000730e00000|  0%| F|  |TAMS 0x0000000730c00000, 0x0000000730c00000| Untracked 
| 380|0x0000000730e00000, 0x0000000730e00000, 0x0000000731000000|  0%| F|  |TAMS 0x0000000730e00000, 0x0000000730e00000| Untracked 
| 381|0x0000000731000000, 0x0000000731000000, 0x0000000731200000|  0%| F|  |TAMS 0x0000000731000000, 0x0000000731000000| Untracked 
| 382|0x0000000731200000, 0x0000000731200000, 0x0000000731400000|  0%| F|  |TAMS 0x0000000731200000, 0x0000000731200000| Untracked 
| 383|0x0000000731400000, 0x0000000731400000, 0x0000000731600000|  0%| F|  |TAMS 0x0000000731400000, 0x0000000731400000| Untracked 
| 384|0x0000000731600000, 0x0000000731600000, 0x0000000731800000|  0%| F|  |TAMS 0x0000000731600000, 0x0000000731600000| Untracked 
| 385|0x0000000731800000, 0x0000000731800000, 0x0000000731a00000|  0%| F|  |TAMS 0x0000000731800000, 0x0000000731800000| Untracked 
| 386|0x0000000731a00000, 0x0000000731a00000, 0x0000000731c00000|  0%| F|  |TAMS 0x0000000731a00000, 0x0000000731a00000| Untracked 
| 387|0x0000000731c00000, 0x0000000731c00000, 0x0000000731e00000|  0%| F|  |TAMS 0x0000000731c00000, 0x0000000731c00000| Untracked 
| 388|0x0000000731e00000, 0x0000000731e00000, 0x0000000732000000|  0%| F|  |TAMS 0x0000000731e00000, 0x0000000731e00000| Untracked 
| 389|0x0000000732000000, 0x0000000732000000, 0x0000000732200000|  0%| F|  |TAMS 0x0000000732000000, 0x0000000732000000| Untracked 
| 390|0x0000000732200000, 0x0000000732200000, 0x0000000732400000|  0%| F|  |TAMS 0x0000000732200000, 0x0000000732200000| Untracked 
| 391|0x0000000732400000, 0x0000000732400000, 0x0000000732600000|  0%| F|  |TAMS 0x0000000732400000, 0x0000000732400000| Untracked 
| 392|0x0000000732600000, 0x0000000732600000, 0x0000000732800000|  0%| F|  |TAMS 0x0000000732600000, 0x0000000732600000| Untracked 
| 393|0x0000000732800000, 0x0000000732800000, 0x0000000732a00000|  0%| F|  |TAMS 0x0000000732800000, 0x0000000732800000| Untracked 
| 394|0x0000000732a00000, 0x0000000732a00000, 0x0000000732c00000|  0%| F|  |TAMS 0x0000000732a00000, 0x0000000732a00000| Untracked 
| 395|0x0000000732c00000, 0x0000000732c00000, 0x0000000732e00000|  0%| F|  |TAMS 0x0000000732c00000, 0x0000000732c00000| Untracked 
| 396|0x0000000732e00000, 0x0000000732e00000, 0x0000000733000000|  0%| F|  |TAMS 0x0000000732e00000, 0x0000000732e00000| Untracked 
| 397|0x0000000733000000, 0x0000000733000000, 0x0000000733200000|  0%| F|  |TAMS 0x0000000733000000, 0x0000000733000000| Untracked 
| 398|0x0000000733200000, 0x0000000733200000, 0x0000000733400000|  0%| F|  |TAMS 0x0000000733200000, 0x0000000733200000| Untracked 
| 399|0x0000000733400000, 0x0000000733400000, 0x0000000733600000|  0%| F|  |TAMS 0x0000000733400000, 0x0000000733400000| Untracked 
| 400|0x0000000733600000, 0x0000000733600000, 0x0000000733800000|  0%| F|  |TAMS 0x0000000733600000, 0x0000000733600000| Untracked 
| 401|0x0000000733800000, 0x0000000733800000, 0x0000000733a00000|  0%| F|  |TAMS 0x0000000733800000, 0x0000000733800000| Untracked 
| 402|0x0000000733a00000, 0x0000000733a00000, 0x0000000733c00000|  0%| F|  |TAMS 0x0000000733a00000, 0x0000000733a00000| Untracked 
| 403|0x0000000733c00000, 0x0000000733c00000, 0x0000000733e00000|  0%| F|  |TAMS 0x0000000733c00000, 0x0000000733c00000| Untracked 
| 404|0x0000000733e00000, 0x0000000733e00000, 0x0000000734000000|  0%| F|  |TAMS 0x0000000733e00000, 0x0000000733e00000| Untracked 
| 405|0x0000000734000000, 0x0000000734000000, 0x0000000734200000|  0%| F|  |TAMS 0x0000000734000000, 0x0000000734000000| Untracked 
| 406|0x0000000734200000, 0x0000000734200000, 0x0000000734400000|  0%| F|  |TAMS 0x0000000734200000, 0x0000000734200000| Untracked 
| 407|0x0000000734400000, 0x0000000734400000, 0x0000000734600000|  0%| F|  |TAMS 0x0000000734400000, 0x0000000734400000| Untracked 
| 408|0x0000000734600000, 0x0000000734600000, 0x0000000734800000|  0%| F|  |TAMS 0x0000000734600000, 0x0000000734600000| Untracked 
| 409|0x0000000734800000, 0x0000000734800000, 0x0000000734a00000|  0%| F|  |TAMS 0x0000000734800000, 0x0000000734800000| Untracked 
| 410|0x0000000734a00000, 0x0000000734a00000, 0x0000000734c00000|  0%| F|  |TAMS 0x0000000734a00000, 0x0000000734a00000| Untracked 
| 411|0x0000000734c00000, 0x0000000734c00000, 0x0000000734e00000|  0%| F|  |TAMS 0x0000000734c00000, 0x0000000734c00000| Untracked 
| 412|0x0000000734e00000, 0x0000000734e00000, 0x0000000735000000|  0%| F|  |TAMS 0x0000000734e00000, 0x0000000734e00000| Untracked 
| 413|0x0000000735000000, 0x0000000735000000, 0x0000000735200000|  0%| F|  |TAMS 0x0000000735000000, 0x0000000735000000| Untracked 
| 414|0x0000000735200000, 0x0000000735200000, 0x0000000735400000|  0%| F|  |TAMS 0x0000000735200000, 0x0000000735200000| Untracked 
| 415|0x0000000735400000, 0x0000000735400000, 0x0000000735600000|  0%| F|  |TAMS 0x0000000735400000, 0x0000000735400000| Untracked 
| 416|0x0000000735600000, 0x0000000735600000, 0x0000000735800000|  0%| F|  |TAMS 0x0000000735600000, 0x0000000735600000| Untracked 
| 417|0x0000000735800000, 0x0000000735800000, 0x0000000735a00000|  0%| F|  |TAMS 0x0000000735800000, 0x0000000735800000| Untracked 
| 418|0x0000000735a00000, 0x0000000735a00000, 0x0000000735c00000|  0%| F|  |TAMS 0x0000000735a00000, 0x0000000735a00000| Untracked 
| 419|0x0000000735c00000, 0x0000000735c00000, 0x0000000735e00000|  0%| F|  |TAMS 0x0000000735c00000, 0x0000000735c00000| Untracked 
| 420|0x0000000735e00000, 0x0000000735e00000, 0x0000000736000000|  0%| F|  |TAMS 0x0000000735e00000, 0x0000000735e00000| Untracked 
| 421|0x0000000736000000, 0x0000000736000000, 0x0000000736200000|  0%| F|  |TAMS 0x0000000736000000, 0x0000000736000000| Untracked 
| 422|0x0000000736200000, 0x0000000736200000, 0x0000000736400000|  0%| F|  |TAMS 0x0000000736200000, 0x0000000736200000| Untracked 
| 423|0x0000000736400000, 0x0000000736400000, 0x0000000736600000|  0%| F|  |TAMS 0x0000000736400000, 0x0000000736400000| Untracked 
| 424|0x0000000736600000, 0x0000000736600000, 0x0000000736800000|  0%| F|  |TAMS 0x0000000736600000, 0x0000000736600000| Untracked 
| 425|0x0000000736800000, 0x0000000736800000, 0x0000000736a00000|  0%| F|  |TAMS 0x0000000736800000, 0x0000000736800000| Untracked 
| 426|0x0000000736a00000, 0x0000000736a00000, 0x0000000736c00000|  0%| F|  |TAMS 0x0000000736a00000, 0x0000000736a00000| Untracked 
| 427|0x0000000736c00000, 0x0000000736c00000, 0x0000000736e00000|  0%| F|  |TAMS 0x0000000736c00000, 0x0000000736c00000| Untracked 
| 428|0x0000000736e00000, 0x0000000736e00000, 0x0000000737000000|  0%| F|  |TAMS 0x0000000736e00000, 0x0000000736e00000| Untracked 
| 429|0x0000000737000000, 0x0000000737000000, 0x0000000737200000|  0%| F|  |TAMS 0x0000000737000000, 0x0000000737000000| Untracked 
| 430|0x0000000737200000, 0x0000000737200000, 0x0000000737400000|  0%| F|  |TAMS 0x0000000737200000, 0x0000000737200000| Untracked 
| 431|0x0000000737400000, 0x0000000737400000, 0x0000000737600000|  0%| F|  |TAMS 0x0000000737400000, 0x0000000737400000| Untracked 
| 432|0x0000000737600000, 0x0000000737600000, 0x0000000737800000|  0%| F|  |TAMS 0x0000000737600000, 0x0000000737600000| Untracked 
| 433|0x0000000737800000, 0x0000000737800000, 0x0000000737a00000|  0%| F|  |TAMS 0x0000000737800000, 0x0000000737800000| Untracked 
| 434|0x0000000737a00000, 0x0000000737a00000, 0x0000000737c00000|  0%| F|  |TAMS 0x0000000737a00000, 0x0000000737a00000| Untracked 
| 435|0x0000000737c00000, 0x0000000737c00000, 0x0000000737e00000|  0%| F|  |TAMS 0x0000000737c00000, 0x0000000737c00000| Untracked 
| 436|0x0000000737e00000, 0x0000000737e00000, 0x0000000738000000|  0%| F|  |TAMS 0x0000000737e00000, 0x0000000737e00000| Untracked 
| 437|0x0000000738000000, 0x0000000738000000, 0x0000000738200000|  0%| F|  |TAMS 0x0000000738000000, 0x0000000738000000| Untracked 
| 438|0x0000000738200000, 0x0000000738200000, 0x0000000738400000|  0%| F|  |TAMS 0x0000000738200000, 0x0000000738200000| Untracked 
| 439|0x0000000738400000, 0x0000000738400000, 0x0000000738600000|  0%| F|  |TAMS 0x0000000738400000, 0x0000000738400000| Untracked 
| 440|0x0000000738600000, 0x0000000738600000, 0x0000000738800000|  0%| F|  |TAMS 0x0000000738600000, 0x0000000738600000| Untracked 
| 441|0x0000000738800000, 0x0000000738800000, 0x0000000738a00000|  0%| F|  |TAMS 0x0000000738800000, 0x0000000738800000| Untracked 
| 442|0x0000000738a00000, 0x0000000738a00000, 0x0000000738c00000|  0%| F|  |TAMS 0x0000000738a00000, 0x0000000738a00000| Untracked 
| 443|0x0000000738c00000, 0x0000000738e00000, 0x0000000738e00000|100%| S|CS|TAMS 0x0000000738c00000, 0x0000000738c00000| Complete 
| 444|0x0000000738e00000, 0x0000000739000000, 0x0000000739000000|100%| S|CS|TAMS 0x0000000738e00000, 0x0000000738e00000| Complete 
| 445|0x0000000739000000, 0x0000000739200000, 0x0000000739200000|100%| S|CS|TAMS 0x0000000739000000, 0x0000000739000000| Complete 
| 446|0x0000000739200000, 0x0000000739400000, 0x0000000739400000|100%| S|CS|TAMS 0x0000000739200000, 0x0000000739200000| Complete 
| 447|0x0000000739400000, 0x0000000739600000, 0x0000000739600000|100%| S|CS|TAMS 0x0000000739400000, 0x0000000739400000| Complete 
| 448|0x0000000739600000, 0x0000000739800000, 0x0000000739800000|100%| S|CS|TAMS 0x0000000739600000, 0x0000000739600000| Complete 
| 449|0x0000000739800000, 0x0000000739800000, 0x0000000739a00000|  0%| F|  |TAMS 0x0000000739800000, 0x0000000739800000| Untracked 
| 450|0x0000000739a00000, 0x0000000739a00000, 0x0000000739c00000|  0%| F|  |TAMS 0x0000000739a00000, 0x0000000739a00000| Untracked 
|2023|0x00000007fe400000, 0x00000007fe600000, 0x00000007fe600000|100%| O|  |TAMS 0x00000007fe600000, 0x00000007fe400000| Updating 
|2024|0x00000007fe600000, 0x00000007fe800000, 0x00000007fe800000|100%| O|  |TAMS 0x00000007fe800000, 0x00000007fe600000| Updating 
|2025|0x00000007fe800000, 0x00000007fea00000, 0x00000007fea00000|100%| O|  |TAMS 0x00000007fea00000, 0x00000007fe800000| Updating 
|2026|0x00000007fea00000, 0x00000007fec00000, 0x00000007fec00000|100%| O|  |TAMS 0x00000007fec00000, 0x00000007fea00000| Updating 
|2027|0x00000007fec00000, 0x00000007fee00000, 0x00000007fee00000|100%| O|  |TAMS 0x00000007fee00000, 0x00000007fec00000| Untracked 
|2028|0x00000007fee00000, 0x00000007ff000000, 0x00000007ff000000|100%| O|  |TAMS 0x00000007ff000000, 0x00000007fee00000| Updating 
|2029|0x00000007ff000000, 0x00000007ff200000, 0x00000007ff200000|100%| O|  |TAMS 0x00000007ff200000, 0x00000007ff000000| Untracked 
|2030|0x00000007ff200000, 0x00000007ff400000, 0x00000007ff400000|100%| O|  |TAMS 0x00000007ff400000, 0x00000007ff200000| Updating 
|2031|0x00000007ff400000, 0x00000007ff600000, 0x00000007ff600000|100%| O|  |TAMS 0x00000007ff600000, 0x00000007ff400000| Untracked 
|2032|0x00000007ff600000, 0x00000007ff800000, 0x00000007ff800000|100%| O|  |TAMS 0x00000007ff800000, 0x00000007ff600000| Updating 
|2033|0x00000007ff800000, 0x00000007ffa00000, 0x00000007ffa00000|100%| O|  |TAMS 0x00000007ffa00000, 0x00000007ff800000| Untracked 
|2034|0x00000007ffa00000, 0x00000007ffc00000, 0x00000007ffc00000|100%| O|  |TAMS 0x00000007ffc00000, 0x00000007ffa00000| Updating 
|2035|0x00000007ffc00000, 0x00000007ffe00000, 0x00000007ffe00000|100%| O|  |TAMS 0x00000007ffe00000, 0x00000007ffc00000| Untracked 
|2036|0x00000007ffe00000, 0x0000000800000000, 0x0000000800000000|100%| O|  |TAMS 0x0000000800000000, 0x00000007ffe00000| Updating 

Card table byte_map: [0x000001e6b63f0000,0x000001e6b6bf0000] _byte_map_base: 0x000001e6b2be5000

Marking Bits (Prev, Next): (CMBitMap*) 0x000001e69ceeab50, (CMBitMap*) 0x000001e69ceeab90
 Prev Bits: [0x000001e6b73f0000, 0x000001e6bb398000)
 Next Bits: [0x000001e6bb3a0000, 0x000001e6bf348000)

Polling page: 0x000001e69cf30000

Metaspace:

Usage:
  Non-class:     12.72 MB used.
      Class:      1.04 MB used.
       Both:     13.76 MB used.

Virtual space:
  Non-class space:       64.00 MB reserved,      12.81 MB ( 20%) committed,  1 nodes.
      Class space:        1.00 GB reserved,       1.12 MB ( <1%) committed,  1 nodes.
             Both:        1.06 GB reserved,      13.94 MB (  1%) committed. 

Chunk freelists:
   Non-Class:  2.61 MB
       Class:  14.84 MB
        Both:  17.45 MB

MaxMetaspaceSize: unlimited
CompressedClassSpaceSize: 1.00 GB
Initial GC threshold: 21.00 MB
Current GC threshold: 23.25 MB
CDS: on
MetaspaceReclaimPolicy: balanced
 - commit_granule_bytes: 65536.
 - commit_granule_words: 8192.
 - virtual_space_node_default_size: 8388608.
 - enlarge_chunks_in_place: 1.
 - new_chunks_are_fully_committed: 0.
 - uncommit_free_chunks: 1.
 - use_allocation_guard: 0.
 - handle_deallocations: 1.


Internal statistics:

num_allocs_failed_limit: 0.
num_arena_births: 140.
num_arena_deaths: 0.
num_vsnodes_births: 2.
num_vsnodes_deaths: 0.
num_space_committed: 219.
num_space_uncommitted: 0.
num_chunks_returned_to_freelist: 0.
num_chunks_taken_from_freelist: 451.
num_chunk_merges: 0.
num_chunk_splits: 344.
num_chunks_enlarged: 266.
num_inconsistent_stats: 0.

CodeHeap 'non-profiled nmethods': size=120000Kb used=1017Kb max_used=1017Kb free=118982Kb
 bounds [0x000001e6adc60000, 0x000001e6aded0000, 0x000001e6b5190000]
CodeHeap 'profiled nmethods': size=120000Kb used=3510Kb max_used=3510Kb free=116489Kb
 bounds [0x000001e6a6190000, 0x000001e6a6500000, 0x000001e6ad6c0000]
CodeHeap 'non-nmethods': size=5760Kb used=1617Kb max_used=1717Kb free=4142Kb
 bounds [0x000001e6ad6c0000, 0x000001e6ad930000, 0x000001e6adc60000]
 total_blobs=2600 nmethods=1642 adapters=871
 compilation: enabled
              stopped_count=0, restarted_count=0
 full_count=0

Compilation events (20 events):
Event: 10.756 Thread 0x000001e70701b390 1633       4       processing.opengl.PGraphicsOpenGL::createShapeFamily (24 bytes)
Event: 10.759 Thread 0x000001e70701b390 nmethod 1633 0x000001e6add53f90 code [0x000001e6add54120, 0x000001e6add542a8]
Event: 10.759 Thread 0x000001e70701b390 1634       4       processing.opengl.PShapeOpenGL::<init> (444 bytes)
Event: 10.917 Thread 0x000001e70701b390 nmethod 1634 0x000001e6add54410 code [0x000001e6add54660, 0x000001e6add576b8]
Event: 10.917 Thread 0x000001e70701b390 1635       4       processing.opengl.PGraphicsOpenGL::newInGeometry (11 bytes)
Event: 10.917 Thread 0x000001e7116a6010 1636       4       processing.opengl.PGraphicsOpenGL$InGeometry::allocate (146 bytes)
Event: 10.931 Thread 0x000001e7136d1620 1638       4       processing.core.PShape::getChild (11 bytes)
Event: 10.933 Thread 0x000001e7136d1620 nmethod 1638 0x000001e6add57d10 code [0x000001e6add57e80, 0x000001e6add57f78]
Event: 10.933 Thread 0x000001e7136d1620 1639       4       processing.opengl.PShapeOpenGL::addChild (164 bytes)
Event: 10.946 Thread 0x000001e7136d1620 nmethod 1639 0x000001e6add58090 code [0x000001e6add58240, 0x000001e6add58b08]
Event: 10.946 Thread 0x000001e7136d1620 1640       4       processing.opengl.PShapeOpenGL::updateRoot (47 bytes)
Event: 10.948 Thread 0x000001e7136d1620 nmethod 1640 0x000001e6add58f10 code [0x000001e6add590a0, 0x000001e6add59278]
Event: 10.948 Thread 0x000001e7136d1620 1637       4       processing.core.PShape::colorMode (126 bytes)
Event: 10.949 Thread 0x000001e7136d1620 nmethod 1637 0x000001e6add59390 code [0x000001e6add59540, 0x000001e6add59698]
Event: 10.959 Thread 0x000001e7116a6010 nmethod 1636 0x000001e6add59790 code [0x000001e6add59980, 0x000001e6add5b4f8]
Event: 10.967 Thread 0x000001e70701b390 nmethod 1635 0x000001e6add5b890 code [0x000001e6add5baa0, 0x000001e6add5d798]
Event: 11.492 Thread 0x000001e7136d1620 1641 %     4       processing.opengl.PShapeOpenGL::copyGroup @ 17 (49 bytes)
Event: 11.495 Thread 0x000001e7136d1620 nmethod 1641% 0x000001e6add5db90 code [0x000001e6add5dd20, 0x000001e6add5df58]
Event: 11.499 Thread 0x000001e7136d1620 1642       4       processing.opengl.PShapeOpenGL::copyGroup (49 bytes)
Event: 11.518 Thread 0x000001e7136d1620 nmethod 1642 0x000001e6add5e110 code [0x000001e6add5e2c0, 0x000001e6add5e448]

GC Heap History (20 events):
Event: 10.282 GC heap after
{Heap after GC invocations=6 (full 0):
 garbage-first heap   total 262144K, used 91004K [0x0000000701600000, 0x0000000800000000)
  region size 2048K, 10 young (20480K), 10 survivors (20480K)
 Metaspace       used 13999K, committed 14144K, reserved 1114112K
  class space    used 1061K, committed 1152K, reserved 1048576K
}
Event: 10.763 GC heap before
{Heap before GC invocations=6 (full 0):
 garbage-first heap   total 262144K, used 193404K [0x0000000701600000, 0x0000000800000000)
  region size 2048K, 60 young (122880K), 10 survivors (20480K)
 Metaspace       used 14081K, committed 14272K, reserved 1114112K
  class space    used 1061K, committed 1152K, reserved 1048576K
}
Event: 10.807 GC heap after
{Heap after GC invocations=7 (full 0):
 garbage-first heap   total 352256K, used 167477K [0x0000000701600000, 0x0000000800000000)
  region size 2048K, 8 young (16384K), 8 survivors (16384K)
 Metaspace       used 14081K, committed 14272K, reserved 1114112K
  class space    used 1061K, committed 1152K, reserved 1048576K
}
Event: 11.068 GC heap before
{Heap before GC invocations=7 (full 0):
 garbage-first heap   total 352256K, used 241205K [0x0000000701600000, 0x0000000800000000)
  region size 2048K, 44 young (90112K), 8 survivors (16384K)
 Metaspace       used 14081K, committed 14272K, reserved 1114112K
  class space    used 1061K, committed 1152K, reserved 1048576K
}
Event: 11.092 GC heap after
{Heap after GC invocations=8 (full 0):
 garbage-first heap   total 352256K, used 212992K [0x0000000701600000, 0x0000000800000000)
  region size 2048K, 6 young (12288K), 6 survivors (12288K)
 Metaspace       used 14081K, committed 14272K, reserved 1114112K
  class space    used 1061K, committed 1152K, reserved 1048576K
}
Event: 11.150 GC heap before
{Heap before GC invocations=8 (full 0):
 garbage-first heap   total 352256K, used 260096K [0x0000000701600000, 0x0000000800000000)
  region size 2048K, 29 young (59392K), 6 survivors (12288K)
 Metaspace       used 14081K, committed 14272K, reserved 1114112K
  class space    used 1061K, committed 1152K, reserved 1048576K
}
Event: 11.163 GC heap after
{Heap after GC invocations=9 (full 0):
 garbage-first heap   total 352256K, used 243712K [0x0000000701600000, 0x0000000800000000)
  region size 2048K, 4 young (8192K), 4 survivors (8192K)
 Metaspace       used 14081K, committed 14272K, reserved 1114112K
  class space    used 1061K, committed 1152K, reserved 1048576K
}
Event: 11.193 GC heap before
{Heap before GC invocations=9 (full 0):
 garbage-first heap   total 352256K, used 272384K [0x0000000701600000, 0x0000000800000000)
  region size 2048K, 18 young (36864K), 4 survivors (8192K)
 Metaspace       used 14081K, committed 14272K, reserved 1114112K
  class space    used 1061K, committed 1152K, reserved 1048576K
}
Event: 11.203 GC heap after
{Heap after GC invocations=10 (full 0):
 garbage-first heap   total 352256K, used 261950K [0x0000000701600000, 0x0000000800000000)
  region size 2048K, 3 young (6144K), 3 survivors (6144K)
 Metaspace       used 14081K, committed 14272K, reserved 1114112K
  class space    used 1061K, committed 1152K, reserved 1048576K
}
Event: 11.219 GC heap before
{Heap before GC invocations=10 (full 0):
 garbage-first heap   total 352256K, used 282430K [0x0000000701600000, 0x0000000800000000)
  region size 2048K, 13 young (26624K), 3 survivors (6144K)
 Metaspace       used 14081K, committed 14272K, reserved 1114112K
  class space    used 1061K, committed 1152K, reserved 1048576K
}
Event: 11.228 GC heap after
{Heap after GC invocations=11 (full 0):
 garbage-first heap   total 753664K, used 276199K [0x0000000701600000, 0x0000000800000000)
  region size 2048K, 2 young (4096K), 2 survivors (4096K)
 Metaspace       used 14081K, committed 14272K, reserved 1114112K
  class space    used 1061K, committed 1152K, reserved 1048576K
}
Event: 11.448 GC heap before
{Heap before GC invocations=12 (full 0):
 garbage-first heap   total 753664K, used 427751K [0x0000000701600000, 0x0000000800000000)
  region size 2048K, 87 young (178176K), 2 survivors (4096K)
 Metaspace       used 14081K, committed 14272K, reserved 1114112K
  class space    used 1061K, committed 1152K, reserved 1048576K
}
Event: 11.490 GC heap after
{Heap after GC invocations=13 (full 0):
 garbage-first heap   total 753664K, used 359235K [0x0000000701600000, 0x0000000800000000)
  region size 2048K, 11 young (22528K), 11 survivors (22528K)
 Metaspace       used 14081K, committed 14272K, reserved 1114112K
  class space    used 1061K, committed 1152K, reserved 1048576K
}
Event: 11.503 GC heap before
{Heap before GC invocations=13 (full 0):
 garbage-first heap   total 753664K, used 373571K [0x0000000701600000, 0x0000000800000000)
  region size 2048K, 18 young (36864K), 11 survivors (22528K)
 Metaspace       used 14081K, committed 14272K, reserved 1114112K
  class space    used 1061K, committed 1152K, reserved 1048576K
}
Event: 11.518 GC heap after
{Heap after GC invocations=14 (full 0):
 garbage-first heap   total 753664K, used 364544K [0x0000000701600000, 0x0000000800000000)
  region size 2048K, 3 young (6144K), 3 survivors (6144K)
 Metaspace       used 14081K, committed 14272K, reserved 1114112K
  class space    used 1061K, committed 1152K, reserved 1048576K
}
Event: 11.633 GC heap before
{Heap before GC invocations=14 (full 0):
 garbage-first heap   total 753664K, used 495616K [0x0000000701600000, 0x0000000800000000)
  region size 2048K, 67 young (137216K), 3 survivors (6144K)
 Metaspace       used 14085K, committed 14272K, reserved 1114112K
  class space    used 1061K, committed 1152K, reserved 1048576K
}
Event: 11.667 GC heap after
{Heap after GC invocations=15 (full 0):
 garbage-first heap   total 753664K, used 446209K [0x0000000701600000, 0x0000000800000000)
  region size 2048K, 9 young (18432K), 9 survivors (18432K)
 Metaspace       used 14085K, committed 14272K, reserved 1114112K
  class space    used 1061K, committed 1152K, reserved 1048576K
}
Event: 11.778 GC heap before
{Heap before GC invocations=15 (full 0):
 garbage-first heap   total 753664K, used 540417K [0x0000000701600000, 0x0000000800000000)
  region size 2048K, 55 young (112640K), 9 survivors (18432K)
 Metaspace       used 14085K, committed 14272K, reserved 1114112K
  class space    used 1061K, committed 1152K, reserved 1048576K
}
Event: 11.822 GC heap after
{Heap after GC invocations=16 (full 0):
 garbage-first heap   total 753664K, used 505856K [0x0000000701600000, 0x0000000800000000)
  region size 2048K, 7 young (14336K), 7 survivors (14336K)
 Metaspace       used 14085K, committed 14272K, reserved 1114112K
  class space    used 1061K, committed 1152K, reserved 1048576K
}
Event: 11.893 GC heap before
{Heap before GC invocations=16 (full 0):
 garbage-first heap   total 952320K, used 575488K [0x0000000701600000, 0x0000000800000000)
  region size 2048K, 41 young (83968K), 7 survivors (14336K)
 Metaspace       used 14085K, committed 14272K, reserved 1114112K
  class space    used 1061K, committed 1152K, reserved 1048576K
}

Dll operation events (16 events):
Event: 0.022 Loaded shared library C:\Program Files\Processing\app\resources\jdk\bin\java.dll
Event: 0.072 Loaded shared library C:\Program Files\Processing\app\resources\jdk\bin\jsvml.dll
Event: 0.334 Loaded shared library C:\Program Files\Processing\app\resources\jdk\bin\net.dll
Event: 0.336 Loaded shared library C:\Program Files\Processing\app\resources\jdk\bin\nio.dll
Event: 0.349 Loaded shared library C:\Program Files\Processing\app\resources\jdk\bin\zip.dll
Event: 0.554 Loaded shared library C:\Program Files\Processing\app\resources\jdk\bin\jimage.dll
Event: 0.570 Loaded shared library C:\Program Files\Processing\app\resources\jdk\bin\awt.dll
Event: 2.392 Loaded shared library C:\Users\ianur\AppData\Local\Temp\jogamp_0000\file_cache\jln16161807387965268465\jln14054389585226197103\natives\windows-amd64\gluegen_rt.dll
Event: 2.427 Loaded shared library C:\Program Files\Processing\app\resources\jdk\bin\jawt.dll
Event: 2.455 Loaded shared library C:\Users\ianur\AppData\Local\Temp\jogamp_0000\file_cache\jln16161807387965268465\jln14054389585226197103\natives\windows-amd64\nativewindow_awt.dll
Event: 2.568 Loaded shared library C:\Users\ianur\AppData\Local\Temp\jogamp_0000\file_cache\jln16161807387965268465\jln14054389585226197103\natives\windows-amd64\nativewindow_win32.dll
Event: 2.883 Loaded shared library C:\Users\ianur\AppData\Local\Temp\jogamp_0000\file_cache\jln16161807387965268465\jln14054389585226197103\natives\windows-amd64\jogl_desktop.dll
Event: 3.435 Loaded shared library C:\Users\ianur\AppData\Local\Temp\jogamp_0000\file_cache\jln16161807387965268465\jln14054389585226197103\natives\windows-amd64\jogl_mobile.dll
Event: 5.781 Loaded shared library C:\Users\ianur\AppData\Local\Temp\jogamp_0000\file_cache\jln16161807387965268465\jln14054389585226197103\natives\windows-amd64\newt_head.dll
Event: 6.258 Loaded shared library C:\Program Files\Processing\app\resources\jdk\bin\verify.dll
Event: 6.318 Loaded shared library C:\Program Files\Processing\app\resources\jdk\bin\jsound.dll

Deoptimization events (20 events):
Event: 8.519 Thread 0x000001e70e8fc590 DEOPT PACKING pc=0x000001e6add02e2c sp=0x0000000ee7dfe3e0
Event: 8.519 Thread 0x000001e70e8fc590 DEOPT UNPACKING pc=0x000001e6ad7169a3 sp=0x0000000ee7dfe358 mode 2
Event: 8.821 Thread 0x000001e70e8fc590 DEOPT PACKING pc=0x000001e6a64c0e94 sp=0x0000000ee7dfe440
Event: 8.821 Thread 0x000001e70e8fc590 DEOPT UNPACKING pc=0x000001e6ad717143 sp=0x0000000ee7dfdc78 mode 0
Event: 8.917 Thread 0x000001e70e8fc590 Uncommon trap: trap_request=0xffffff45 fr.pc=0x000001e6add0fe80 relative=0x0000000000003d40
Event: 8.917 Thread 0x000001e70e8fc590 Uncommon trap: reason=unstable_if action=reinterpret pc=0x000001e6add0fe80 method=processing.core.PShapeOBJ.parseOBJ(Lprocessing/core/PApplet;Ljava/lang/String;Ljava/io/BufferedReader;Ljava/util/ArrayList;Ljava/util/ArrayList;Ljava/util/ArrayList;Ljava/ut
Event: 8.917 Thread 0x000001e70e8fc590 DEOPT PACKING pc=0x000001e6add0fe80 sp=0x0000000ee7dfe6d0
Event: 8.917 Thread 0x000001e70e8fc590 DEOPT UNPACKING pc=0x000001e6ad7169a3 sp=0x0000000ee7dfe780 mode 2
Event: 10.124 Thread 0x000001e70e8fc590 Uncommon trap: trap_request=0xffffff45 fr.pc=0x000001e6adce51f4 relative=0x0000000000000bf4
Event: 10.124 Thread 0x000001e70e8fc590 Uncommon trap: reason=unstable_if action=reinterpret pc=0x000001e6adce51f4 method=java.io.BufferedReader.readLine(Z[Z)Ljava/lang/String; @ 63 c2
Event: 10.124 Thread 0x000001e70e8fc590 DEOPT PACKING pc=0x000001e6adce51f4 sp=0x0000000ee7dfe5a0
Event: 10.124 Thread 0x000001e70e8fc590 DEOPT UNPACKING pc=0x000001e6ad7169a3 sp=0x0000000ee7dfe568 mode 2
Event: 10.124 Thread 0x000001e70e8fc590 Uncommon trap: trap_request=0xffffff45 fr.pc=0x000001e6add29c10 relative=0x000000000000d130
Event: 10.124 Thread 0x000001e70e8fc590 Uncommon trap: reason=unstable_if action=reinterpret pc=0x000001e6add29c10 method=processing.core.PShapeOBJ.parseOBJ(Lprocessing/core/PApplet;Ljava/lang/String;Ljava/io/BufferedReader;Ljava/util/ArrayList;Ljava/util/ArrayList;Ljava/util/ArrayList;Ljava/ut
Event: 10.124 Thread 0x000001e70e8fc590 DEOPT PACKING pc=0x000001e6add29c10 sp=0x0000000ee7dfe670
Event: 10.124 Thread 0x000001e70e8fc590 DEOPT UNPACKING pc=0x000001e6ad7169a3 sp=0x0000000ee7dfe780 mode 2
Event: 10.503 Thread 0x000001e70e8fc590 Uncommon trap: trap_request=0xffffff45 fr.pc=0x000001e6add33d04 relative=0x0000000000000464
Event: 10.503 Thread 0x000001e70e8fc590 Uncommon trap: reason=unstable_if action=reinterpret pc=0x000001e6add33d04 method=processing.core.PShape.addChild(Lprocessing/core/PShape;)V @ 4 c2
Event: 10.503 Thread 0x000001e70e8fc590 DEOPT PACKING pc=0x000001e6add33d04 sp=0x0000000ee7dfe7e0
Event: 10.503 Thread 0x000001e70e8fc590 DEOPT UNPACKING pc=0x000001e6ad7169a3 sp=0x0000000ee7dfe7b0 mode 2

Classes unloaded (0 events):
No events

Classes redefined (0 events):
No events

Internal exceptions (20 events):
Event: 6.060 Thread 0x000001e69ce78590 Exception <a 'java/lang/NoSuchMethodError'{0x0000000710a08258}: 'void java.lang.invoke.DirectMethodHandle$Holder.invokeSpecial(java.lang.Object, java.lang.Object, java.lang.Object, java.lang.Object, java.lang.Object)'> (0x0000000710a08258) 
thrown [s\src\hotspot\share\interpreter\linkResolver.cpp, line 759]
Event: 6.065 Thread 0x000001e69ce78590 Exception <a 'java/lang/NoSuchMethodError'{0x0000000710a11218}: 'void java.lang.invoke.DirectMethodHandle$Holder.invokeSpecial(java.lang.Object, java.lang.Object, java.lang.Object)'> (0x0000000710a11218) 
thrown [s\src\hotspot\share\interpreter\linkResolver.cpp, line 759]
Event: 6.067 Thread 0x000001e69ce78590 Exception <a 'java/lang/NoSuchMethodError'{0x0000000710a1b0e8}: 'void java.lang.invoke.DirectMethodHandle$Holder.invokeSpecial(java.lang.Object, java.lang.Object, int)'> (0x0000000710a1b0e8) 
thrown [s\src\hotspot\share\interpreter\linkResolver.cpp, line 759]
Event: 6.068 Thread 0x000001e69ce78590 Exception <a 'java/lang/NoSuchMethodError'{0x0000000710a21100}: 'java.lang.Object java.lang.invoke.DirectMethodHandle$Holder.newInvokeSpecial(java.lang.Object, java.lang.Object, int)'> (0x0000000710a21100) 
thrown [s\src\hotspot\share\interpreter\linkResolver.cpp, line 759]
Event: 6.230 Thread 0x000001e70e8fc590 Exception <a 'java/lang/ClassNotFoundException'{0x0000000710b60a88}: sun/net/www/protocol/c/Handler> (0x0000000710b60a88) 
thrown [s\src\hotspot\share\classfile\systemDictionary.cpp, line 256]
Event: 6.301 Thread 0x000001e70e8fc590 Exception <a 'java/lang/NoSuchMethodError'{0x00000007108d1158}: 'java.lang.Object java.lang.invoke.DirectMethodHandle$Holder.invokeStatic(java.lang.Object, float)'> (0x00000007108d1158) 
thrown [s\src\hotspot\share\interpreter\linkResolver.cpp, line 759]
Event: 6.534 Thread 0x000001e70e8fc590 Exception <a 'java/lang/ClassNotFoundException'{0x000000071095eda0}: sun/net/www/protocol/c/Handler> (0x000000071095eda0) 
thrown [s\src\hotspot\share\classfile\systemDictionary.cpp, line 256]
Event: 6.686 Thread 0x000001e70e8fc590 Exception <a 'java/lang/ClassNotFoundException'{0x00000007106e5540}: sun/net/www/protocol/c/Handler> (0x00000007106e5540) 
thrown [s\src\hotspot\share\classfile\systemDictionary.cpp, line 256]
Event: 6.753 Thread 0x000001e70e8fc590 Exception <a 'java/lang/ClassNotFoundException'{0x00000007107bd668}: sun/net/www/protocol/c/Handler> (0x00000007107bd668) 
thrown [s\src\hotspot\share\classfile\systemDictionary.cpp, line 256]
Event: 6.811 Thread 0x000001e70e8fc590 Exception <a 'java/lang/ClassNotFoundException'{0x00000007105960f0}: sun/net/www/protocol/c/Handler> (0x00000007105960f0) 
thrown [s\src\hotspot\share\classfile\systemDictionary.cpp, line 256]
Event: 6.869 Thread 0x000001e70e8fc590 Exception <a 'java/lang/NoSuchMethodError'{0x0000000710305d28}: 'int java.lang.invoke.DirectMethodHandle$Holder.invokeSpecial(java.lang.Object, java.lang.Object, java.lang.Object)'> (0x0000000710305d28) 
thrown [s\src\hotspot\share\interpreter\linkResolver.cpp, line 759]
Event: 6.936 Thread 0x000001e70e8fc590 Exception <a 'java/lang/ClassNotFoundException'{0x00000007103a36f0}: sun/net/www/protocol/c/Handler> (0x00000007103a36f0) 
thrown [s\src\hotspot\share\classfile\systemDictionary.cpp, line 256]
Event: 6.957 Thread 0x000001e70e8fc590 Exception <a 'java/lang/ClassNotFoundException'{0x00000007103e34e8}: sun/net/www/protocol/c/Handler> (0x00000007103e34e8) 
thrown [s\src\hotspot\share\classfile\systemDictionary.cpp, line 256]
Event: 7.002 Thread 0x000001e70e8fc590 Exception <a 'java/lang/ClassNotFoundException'{0x000000071011d088}: sun/net/www/protocol/c/Handler> (0x000000071011d088) 
thrown [s\src\hotspot\share\classfile\systemDictionary.cpp, line 256]
Event: 7.056 Thread 0x000001e70e8fc590 Exception <a 'java/lang/ClassNotFoundException'{0x000000070fae2aa0}: sun/net/www/protocol/c/Handler> (0x000000070fae2aa0) 
thrown [s\src\hotspot\share\classfile\systemDictionary.cpp, line 256]
Event: 7.106 Thread 0x000001e70e8fc590 Exception <a 'java/lang/ClassNotFoundException'{0x000000070fb00ae0}: sun/net/www/protocol/c/Handler> (0x000000070fb00ae0) 
thrown [s\src\hotspot\share\classfile\systemDictionary.cpp, line 256]
Event: 7.156 Thread 0x000001e70e8fc590 Exception <a 'java/lang/ClassNotFoundException'{0x000000070f8d5ec0}: sun/net/www/protocol/c/Handler> (0x000000070f8d5ec0) 
thrown [s\src\hotspot\share\classfile\systemDictionary.cpp, line 256]
Event: 7.212 Thread 0x000001e70e8fc590 Exception <a 'java/lang/ClassNotFoundException'{0x000000070f69ed18}: sun/net/www/protocol/c/Handler> (0x000000070f69ed18) 
thrown [s\src\hotspot\share\classfile\systemDictionary.cpp, line 256]
Event: 10.124 Thread 0x000001e70e8fc590 Implicit null exception at 0x000001e6add207f0 to 0x000001e6add29bc4
Event: 10.503 Thread 0x000001e70e8fc590 Implicit null exception at 0x000001e6add338e0 to 0x000001e6add33ce4

VM Operations (20 events):
Event: 11.164 Executing VM operation: G1CollectForAllocation done
Event: 11.193 Executing VM operation: G1CollectForAllocation
Event: 11.204 Executing VM operation: G1CollectForAllocation done
Event: 11.219 Executing VM operation: G1CollectForAllocation
Event: 11.228 Executing VM operation: G1CollectForAllocation done
Event: 11.302 Executing VM operation: G1PauseRemark
Event: 11.305 Executing VM operation: G1PauseRemark done
Event: 11.384 Executing VM operation: G1PauseCleanup
Event: 11.384 Executing VM operation: G1PauseCleanup done
Event: 11.448 Executing VM operation: G1CollectForAllocation
Event: 11.490 Executing VM operation: G1CollectForAllocation done
Event: 11.502 Executing VM operation: G1CollectForAllocation
Event: 11.518 Executing VM operation: G1CollectForAllocation done
Event: 11.633 Executing VM operation: G1CollectForAllocation
Event: 11.668 Executing VM operation: G1CollectForAllocation done
Event: 11.778 Executing VM operation: G1CollectForAllocation
Event: 11.822 Executing VM operation: G1CollectForAllocation done
Event: 11.875 Executing VM operation: G1PauseRemark
Event: 11.881 Executing VM operation: G1PauseRemark done
Event: 11.892 Executing VM operation: G1CollectForAllocation

Events (20 events):
Event: 6.879 loading class java/util/stream/MatchOps$MatchOp
Event: 6.880 loading class java/util/stream/MatchOps$MatchOp done
Event: 6.881 loading class java/util/stream/MatchOps$BooleanTerminalSink
Event: 6.881 loading class java/util/stream/MatchOps$BooleanTerminalSink done
Event: 6.887 loading class java/util/stream/MatchOps$1MatchSink
Event: 6.887 loading class java/util/stream/MatchOps$1MatchSink done
Event: 6.957 Thread 0x000001e70e8fbb70 Thread added: 0x000001e70e8fbb70
Event: 6.999 Thread 0x000001e710e5eb90 Thread added: 0x000001e710e5eb90
Event: 7.104 Thread 0x000001e710e5f0a0 Thread added: 0x000001e710e5f0a0
Event: 7.155 Thread 0x000001e710e604e0 Thread added: 0x000001e710e604e0
Event: 7.199 Thread 0x000001e710e5f5b0 Thread added: 0x000001e710e5f5b0
Event: 7.317 Thread 0x000001e710eb24d0 Thread added: 0x000001e710eb24d0
Event: 7.329 Thread 0x000001e710eb29f0 Thread added: 0x000001e710eb29f0
Event: 7.681 Thread 0x000001e710eb29f0 Thread exited: 0x000001e710eb29f0
Event: 7.718 Thread 0x000001e710eb24d0 Thread exited: 0x000001e710eb24d0
Event: 8.603 Thread 0x000001e710e68b80 Thread added: 0x000001e710e68b80
Event: 10.418 Thread 0x000001e710e68b80 Thread exited: 0x000001e710e68b80
Event: 10.917 Thread 0x000001e7136d1620 Thread added: 0x000001e7136d1620
Event: 10.917 Thread 0x000001e7116a6010 Thread added: 0x000001e7116a6010
Event: 11.492 Thread 0x000001e7116a6010 Thread exited: 0x000001e7116a6010


Dynamic libraries:
0x00007ff6d8280000 - 0x00007ff6d828e000 	C:\Program Files\Processing\app\resources\jdk\bin\java.exe
0x00007ff8391a0000 - 0x00007ff839407000 	C:\Windows\SYSTEM32\ntdll.dll
0x00007ff838300000 - 0x00007ff8383c9000 	C:\Windows\System32\KERNEL32.DLL
0x00007ff836530000 - 0x00007ff83691f000 	C:\Windows\System32\KERNELBASE.dll
0x00007ff836c00000 - 0x00007ff836d4b000 	C:\Windows\System32\ucrtbase.dll
0x00007fffaec70000 - 0x00007fffaec87000 	C:\Program Files\Processing\app\resources\jdk\bin\jli.dll
0x00007ff837a30000 - 0x00007ff837bf5000 	C:\Windows\System32\USER32.dll
0x00007ff836de0000 - 0x00007ff836e07000 	C:\Windows\System32\win32u.dll
0x00007ff838cc0000 - 0x00007ff838ceb000 	C:\Windows\System32\GDI32.dll
0x00007ff836e10000 - 0x00007ff836f3c000 	C:\Windows\System32\gdi32full.dll
0x00007ff836930000 - 0x00007ff8369d3000 	C:\Windows\System32\msvcp_win.dll
0x00007fffaec50000 - 0x00007fffaec69000 	C:\Program Files\Processing\app\resources\jdk\bin\VCRUNTIME140.dll
0x00007ff81f030000 - 0x00007ff81f2c3000 	C:\Windows\WinSxS\amd64_microsoft.windows.common-controls_6595b64144ccf1df_6.0.26100.7309_none_3e05feeae336a044\COMCTL32.dll
0x00007ff8383d0000 - 0x00007ff838479000 	C:\Windows\System32\msvcrt.dll
0x00007ff837c00000 - 0x00007ff837c31000 	C:\Windows\System32\IMM32.DLL
0x00007fffb5f30000 - 0x00007fffb5f3c000 	C:\Program Files\Processing\app\resources\jdk\bin\vcruntime140_1.dll
0x00007fffa9c10000 - 0x00007fffa9ca1000 	C:\Program Files\Processing\app\resources\jdk\bin\msvcp140.dll
0x00007fffa8fc0000 - 0x00007fffa9c0c000 	C:\Program Files\Processing\app\resources\jdk\bin\server\jvm.dll
0x00007ff838120000 - 0x00007ff8381d4000 	C:\Windows\System32\ADVAPI32.dll
0x00007ff837c40000 - 0x00007ff837ce6000 	C:\Windows\System32\sechost.dll
0x00007ff837720000 - 0x00007ff837838000 	C:\Windows\System32\RPCRT4.dll
0x00007ff836150000 - 0x00007ff8361ae000 	C:\Windows\SYSTEM32\POWRPROF.dll
0x00007ff803460000 - 0x00007ff80346a000 	C:\Windows\SYSTEM32\WSOCK32.dll
0x00007ff838f70000 - 0x00007ff838fe4000 	C:\Windows\System32\WS2_32.dll
0x00007ff828840000 - 0x00007ff828875000 	C:\Windows\SYSTEM32\WINMM.dll
0x00007ff82f240000 - 0x00007ff82f24b000 	C:\Windows\SYSTEM32\VERSION.dll
0x00007ff836130000 - 0x00007ff836144000 	C:\Windows\SYSTEM32\UMPDC.dll
0x00007ff835060000 - 0x00007ff83507b000 	C:\Windows\SYSTEM32\kernel.appcore.dll
0x00007fffaec40000 - 0x00007fffaec4a000 	C:\Program Files\Processing\app\resources\jdk\bin\jimage.dll
0x00007ff827ae0000 - 0x00007ff827d22000 	C:\Windows\SYSTEM32\DBGHELP.DLL
0x00007ff837cf0000 - 0x00007ff838075000 	C:\Windows\System32\combase.dll
0x00007ff838be0000 - 0x00007ff838cb6000 	C:\Windows\System32\OLEAUT32.dll
0x00007ff816280000 - 0x00007ff8162bc000 	C:\Windows\SYSTEM32\dbgcore.DLL
0x00007ff836b50000 - 0x00007ff836bf5000 	C:\Windows\System32\bcryptPrimitives.dll
0x00007fffa8f80000 - 0x00007fffa8fbb000 	C:\Program Files\Processing\app\resources\jdk\bin\jdwp.dll
0x00007fffa8f50000 - 0x00007fffa8f75000 	C:\Program Files\Processing\app\resources\jdk\bin\java.dll
0x00007fffa8e70000 - 0x00007fffa8f46000 	C:\Program Files\Processing\app\resources\jdk\bin\jsvml.dll
0x00007ff836f40000 - 0x00007ff837693000 	C:\Windows\System32\SHELL32.dll
0x00007ff8369e0000 - 0x00007ff836b4a000 	C:\Windows\System32\wintypes.dll
0x00007ff833ed0000 - 0x00007ff83472e000 	C:\Windows\SYSTEM32\windows.storage.dll
0x00007ff8381e0000 - 0x00007ff8382d5000 	C:\Windows\System32\SHCORE.dll
0x00007ff838ff0000 - 0x00007ff839056000 	C:\Windows\System32\shlwapi.dll
0x00007ff836210000 - 0x00007ff836239000 	C:\Windows\SYSTEM32\profapi.dll
0x00007fffae690000 - 0x00007fffae69c000 	C:\Program Files\Processing\app\resources\jdk\bin\dt_socket.dll
0x00007ff834a50000 - 0x00007ff834a84000 	C:\Windows\SYSTEM32\IPHLPAPI.DLL
0x00007ff8355b0000 - 0x00007ff83561b000 	C:\Windows\system32\mswsock.dll
0x00007fffa8e50000 - 0x00007fffa8e69000 	C:\Program Files\Processing\app\resources\jdk\bin\net.dll
0x00007ff82f820000 - 0x00007ff82f948000 	C:\Windows\SYSTEM32\WINHTTP.dll
0x00007fffa8e30000 - 0x00007fffa8e45000 	C:\Program Files\Processing\app\resources\jdk\bin\nio.dll
0x00007fffa8e10000 - 0x00007fffa8e28000 	C:\Program Files\Processing\app\resources\jdk\bin\zip.dll
0x00007fffa8c80000 - 0x00007fffa8e0e000 	C:\Program Files\Processing\app\resources\jdk\bin\awt.dll
0x00007ff8333c0000 - 0x00007ff83345f000 	C:\Windows\SYSTEM32\apphelp.dll
0x00007ff832fc0000 - 0x00007ff83306b000 	C:\Windows\system32\uxtheme.dll
0x00007ff838520000 - 0x00007ff83867e000 	C:\Windows\System32\MSCTF.dll
0x00007ff838cf0000 - 0x00007ff838e87000 	C:\Windows\System32\ole32.dll
0x00007ff833920000 - 0x00007ff833950000 	C:\Windows\system32\DWMAPI.DLL
0x00007fff87380000 - 0x00007fff87490000 	C:\Windows\system32\opengl32.dll
0x00007fff807c0000 - 0x00007fff807ed000 	C:\Windows\SYSTEM32\GLU32.dll
0x00007ff833670000 - 0x00007ff8336b4000 	C:\Windows\SYSTEM32\dxcore.dll
0x00007fffc64a0000 - 0x00007fffc6653000 	C:\Windows\system32\d3d9.dll
0x00007ff82e930000 - 0x00007ff82e9f2000 	C:\Windows\System32\DriverStore\FileRepository\nv_dispi.inf_amd64_0ce7c82068b0dff7\nvldumdx.dll
0x00007ff835a00000 - 0x00007ff835a13000 	C:\Windows\SYSTEM32\msasn1.dll
0x00007ff82f200000 - 0x00007ff82f23b000 	C:\Windows\SYSTEM32\cryptnet.dll
0x00007ff8362f0000 - 0x00007ff836467000 	C:\Windows\System32\CRYPT32.dll
0x00007ff835800000 - 0x00007ff83580c000 	C:\Windows\SYSTEM32\cryptbase.dll
0x00007ff8358a0000 - 0x00007ff835905000 	C:\Windows\SYSTEM32\wldp.dll
0x00007ff82eef0000 - 0x00007ff82f06b000 	C:\Windows\SYSTEM32\drvstore.dll
0x00007ff835e30000 - 0x00007ff835e5d000 	C:\Windows\SYSTEM32\devobj.dll
0x00007ff835e60000 - 0x00007ff835eb7000 	C:\Windows\SYSTEM32\cfgmgr32.dll
0x00007ff836d50000 - 0x00007ff836dd0000 	C:\Windows\System32\wintrust.dll
0x00007ff8384f0000 - 0x00007ff838510000 	C:\Windows\System32\imagehlp.dll
0x00007ff8359a0000 - 0x00007ff8359bb000 	C:\Windows\SYSTEM32\CRYPTSP.dll
0x00007ff834fc0000 - 0x00007ff834ffa000 	C:\Windows\system32\rsaenh.dll
0x00007ff8361e0000 - 0x00007ff83620a000 	C:\Windows\SYSTEM32\bcrypt.dll
0x00007ff82a100000 - 0x00007ff82dbb3000 	C:\Windows\System32\DriverStore\FileRepository\nv_dispi.inf_amd64_0ce7c82068b0dff7\nvgpucomp64.dll
0x00007ff8266b0000 - 0x00007ff82678d000 	C:\Windows\System32\DriverStore\FileRepository\nv_dispi.inf_amd64_0ce7c82068b0dff7\NvMemMapStoragex.dll
0x00007fff5e9f0000 - 0x00007fff60c7d000 	C:\Windows\System32\DriverStore\FileRepository\nv_dispi.inf_amd64_0ce7c82068b0dff7\nvd3dumx.dll
0x00007ff82fa60000 - 0x00007ff82fac3000 	C:\Windows\SYSTEM32\directxdatabasehelper.dll
0x00007ff835620000 - 0x00007ff835652000 	C:\Windows\SYSTEM32\gpapi.dll
0x00007fffc1ab0000 - 0x00007fffc1c64000 	C:\Windows\System32\DriverStore\FileRepository\nv_dispi.inf_amd64_0ce7c82068b0dff7\nvppex.dll
0x00007ff835660000 - 0x00007ff83568b000 	C:\Windows\SYSTEM32\USERENV.dll
0x00007ff8382e0000 - 0x00007ff8382ea000 	C:\Windows\System32\NSI.dll
0x00007ff82f280000 - 0x00007ff82f29e000 	C:\Windows\SYSTEM32\dhcpcsvc6.DLL
0x00007ff82f250000 - 0x00007ff82f273000 	C:\Windows\SYSTEM32\dhcpcsvc.DLL
0x00007ff834a90000 - 0x00007ff834bbc000 	C:\Windows\SYSTEM32\DNSAPI.dll
0x00007fffa8c60000 - 0x00007fffa8c73000 	C:\Users\ianur\AppData\Local\Temp\jogamp_0000\file_cache\jln16161807387965268465\jln14054389585226197103\natives\windows-amd64\gluegen_rt.dll
0x00007fffa8c50000 - 0x00007fffa8c57000 	C:\Program Files\Processing\app\resources\jdk\bin\jawt.dll
0x00007fffa8c40000 - 0x00007fffa8c4d000 	C:\Users\ianur\AppData\Local\Temp\jogamp_0000\file_cache\jln16161807387965268465\jln14054389585226197103\natives\windows-amd64\nativewindow_awt.dll
0x00007fffa8c20000 - 0x00007fffa8c35000 	C:\Users\ianur\AppData\Local\Temp\jogamp_0000\file_cache\jln16161807387965268465\jln14054389585226197103\natives\windows-amd64\nativewindow_win32.dll
0x00007fffa8b90000 - 0x00007fffa8c13000 	C:\Users\ianur\AppData\Local\Temp\jogamp_0000\file_cache\jln16161807387965268465\jln14054389585226197103\natives\windows-amd64\jogl_desktop.dll
0x00007fffa8b30000 - 0x00007fffa8b82000 	C:\Users\ianur\AppData\Local\Temp\jogamp_0000\file_cache\jln16161807387965268465\jln14054389585226197103\natives\windows-amd64\jogl_mobile.dll
0x00007ff827150000 - 0x00007ff82716a000 	C:\Windows\SYSTEM32\windows.staterepositorycore.dll
0x00007fffbebd0000 - 0x00007fffc1466000 	C:\Windows\System32\DriverStore\FileRepository\nv_dispi.inf_amd64_0ce7c82068b0dff7\nvoglv64.dll
0x00007ff838690000 - 0x00007ff838b1a000 	C:\Windows\System32\SETUPAPI.dll
0x00007ff833490000 - 0x00007ff8334b9000 	C:\Windows\SYSTEM32\WTSAPI32.dll
0x00007ff835300000 - 0x00007ff835349000 	C:\Windows\SYSTEM32\SspiCli.dll
0x00007ff835180000 - 0x00007ff8351b6000 	C:\Windows\SYSTEM32\ntmarta.dll
0x00007ff835ef0000 - 0x00007ff835f54000 	C:\Windows\SYSTEM32\WINSTA.dll
0x00007ff8174d0000 - 0x00007ff8174e9000 	C:\Users\ianur\AppData\Local\Temp\jogamp_0000\file_cache\jln16161807387965268465\jln14054389585226197103\natives\windows-amd64\newt_head.dll
0x00007ff819480000 - 0x00007ff819540000 	C:\Windows\SYSTEM32\mscms.dll
0x00007ff81a7c0000 - 0x00007ff81a809000 	C:\Windows\SYSTEM32\icm32.dll
0x00007ff818cc0000 - 0x00007ff818e08000 	C:\Windows\SYSTEM32\textinputframework.dll
0x00007ff8174c0000 - 0x00007ff8174d0000 	C:\Program Files\Processing\app\resources\jdk\bin\verify.dll
0x00007fffa8b10000 - 0x00007fffa8b21000 	C:\Program Files\Processing\app\resources\jdk\bin\jsound.dll
0x00007fff3fbf0000 - 0x00007fff3fc84000 	C:\Windows\SYSTEM32\DSOUND.dll
0x00007fff3fb30000 - 0x00007fff3fbe1000 	C:\Windows\SYSTEM32\ResampleDmo.DLL
0x00007fff7cf70000 - 0x00007fff7cfa6000 	C:\Windows\SYSTEM32\winmmbase.dll
0x00007ff830a90000 - 0x00007ff830a9e000 	C:\Windows\SYSTEM32\msdmo.dll
0x00007ff838b20000 - 0x00007ff838bd0000 	C:\Windows\System32\clbcatq.dll
0x00007ff82e640000 - 0x00007ff82e6d7000 	C:\Windows\System32\MMDevApi.dll
0x00007fff643f0000 - 0x00007fff64437000 	C:\Windows\SYSTEM32\wdmaud.drv
0x00007ff827ee0000 - 0x00007ff828094000 	C:\Windows\SYSTEM32\AUDIOSES.DLL
0x00007fff647c0000 - 0x00007fff647cf000 	C:\Windows\SYSTEM32\msacm32.drv
0x00007fff64790000 - 0x00007fff647b1000 	C:\Windows\SYSTEM32\MSACM32.dll
0x00007fff64780000 - 0x00007fff6478c000 	C:\Windows\SYSTEM32\midimap.dll
0x00007ff833ab0000 - 0x00007ff833ac4000 	C:\Windows\SYSTEM32\resourcepolicyclient.dll
0x00007ff81b060000 - 0x00007ff81b1b2000 	C:\Windows\System32\Windows.UI.dll
0x00007ff82ffe0000 - 0x00007ff82ffeb000 	C:\Windows\SYSTEM32\avrt.dll
0x00007ff832e90000 - 0x00007ff832fb7000 	C:\Windows\SYSTEM32\CoreMessaging.dll
0x00007ff82f2b0000 - 0x00007ff82f592000 	C:\Windows\SYSTEM32\CoreUIComponents.dll

dbghelp: loaded successfully - version: 4.0.5 - missing functions: none
symbol engine: initialized successfully - sym options: 0x614 - pdb path: .;C:\Program Files\Processing\app\resources\jdk\bin;C:\Windows\SYSTEM32;C:\Windows\WinSxS\amd64_microsoft.windows.common-controls_6595b64144ccf1df_6.0.26100.7309_none_3e05feeae336a044;C:\Program Files\Processing\app\resources\jdk\bin\server;C:\Windows\System32\DriverStore\FileRepository\nv_dispi.inf_amd64_0ce7c82068b0dff7;C:\Users\ianur\AppData\Local\Temp\jogamp_0000\file_cache\jln16161807387965268465\jln14054389585226197103\natives\windows-amd64

VM Arguments:
jvm_args: -agentlib:jdwp=transport=dt_socket,address=8998,server=y,suspend=y,quiet=y -Djna.nosys=true -Djava.library.path=;C:\Program Files\Processing\app\resources\core\library;C:\Users\ianur\Documents\Processing\libraries\oscP5\library;C:\Users\ianur\Documents\Processing\libraries\spout\library;C:\Users\ianur\Documents\Processing\libraries\minim\library;C:\Program Files\Processing;C:\Windows\system32;C:\Windows;C:\Windows\system32;C:\Windows;C:\Windows\System32\Wbem;C:\Windows\System32\WindowsPowerShell\v1.0;C:\Windows\System32\OpenSSH;C:\Users\ianur\AppData\Local\Microsoft\WindowsApps;C:\Program Files\Processing;C:\Users\ianur\AppData\Local\Programs\Microsoft VS Code\bin;C:\Program Files\Processing\app;. -ea 
java_command: processing.core.PApplet --editor-location=1912,37 --external --display=1 --sketch-path=C:\Users\ianur\Desktop\SinestesiaPDE\SinestesiaPDE SinestesiaPDE
java_class_path (initial): C:\Users\ianur\AppData\Local\Temp\processing\SinestesiaPDE9259456642072739240temp;C:\Program Files\Processing\app\resources\core\library\annotations-13.0.jar;C:\Program Files\Processing\app\resources\core\library\antlr-2.7.7.jar;C:\Program Files\Processing\app\resources\core\library\core-4.4.10.jar;C:\Program Files\Processing\app\resources\core\library\gluegen-rt-2.5.0-natives-android-aarch64.jar;C:\Program Files\Processing\app\resources\core\library\gluegen-rt-2.5.0-natives-linux-aarch64.jar;C:\Program Files\Processing\app\resources\core\library\gluegen-rt-2.5.0-natives-linux-amd64.jar;C:\Program Files\Processing\app\resources\core\library\gluegen-rt-2.5.0-natives-linux-armv6hf.jar;C:\Program Files\Processing\app\resources\core\library\gluegen-rt-2.5.0-natives-macosx-universal.jar;C:\Program Files\Processing\app\resources\core\library\gluegen-rt-2.5.0-natives-windows-amd64.jar;C:\Program Files\Processing\app\resources\core\library\gluegen-rt-2.5.0.jar;C:\Program Files\Processing\app\resources\core\library\gluegen-rt-main-2.5.0.jar;C:\Program Files\Processing\app\resources\core\library\jogl-all-2.5.0-natives-android-aarch64.jar;C:\Program Files\Processing\app\resources\core\library\jogl-all-2.5.0-natives-linux-aarch64.jar;C:\Program Files\Processing\app\resources\core\library\jogl-all-2.5.0-natives-linux-amd64.jar;C:\Program Files\Processing\app\resources\core\library\jogl-all-2.5.0-natives-linux-armv6hf.jar;C:\Program Files\Processing\app\resources\core\library\jogl-all-2.5.0-natives-macosx-universal.jar;C:\Program Files\Processing\app\resources\core\library\jogl-all-2.5.0-natives-windows-amd64.jar;C:\Program Files\Processing\app\resources\core\library\jogl-all-2.5.0.jar;C:\Program Files\Processing\app\resources\core\library\jogl-all-main-2.5.0.jar;C:\Program Files\Processing\app\resources\core\library\kotlin-stdlib-2.0.20.jar;C:\Users\ianur\Documents\Processing\libraries\oscP5\library\oscP5.jar;C:\Users\ianur\Documents\Processing\libra
Launcher Type: SUN_STANDARD

[Global flags]
     intx CICompilerCount                          = 4                                         {product} {ergonomic}
     uint ConcGCThreads                            = 2                                         {product} {ergonomic}
     uint G1ConcRefinementThreads                  = 8                                         {product} {ergonomic}
   size_t G1HeapRegionSize                         = 2097152                                   {product} {ergonomic}
    uintx GCDrainStackTargetSize                   = 64                                        {product} {ergonomic}
   size_t InitialHeapSize                          = 268435456                                 {product} {ergonomic}
   size_t MarkStackSize                            = 4194304                                   {product} {ergonomic}
   size_t MaxHeapSize                              = 4271898624                                {product} {ergonomic}
   size_t MaxNewSize                               = 2562719744                                {product} {ergonomic}
   size_t MinHeapDeltaBytes                        = 2097152                                   {product} {ergonomic}
   size_t MinHeapSize                              = 8388608                                   {product} {ergonomic}
    uintx NonNMethodCodeHeapSize                   = 5839372                                {pd product} {ergonomic}
    uintx NonProfiledCodeHeapSize                  = 122909434                              {pd product} {ergonomic}
    uintx ProfiledCodeHeapSize                     = 122909434                              {pd product} {ergonomic}
    uintx ReservedCodeCacheSize                    = 251658240                              {pd product} {ergonomic}
     bool SegmentedCodeCache                       = true                                      {product} {ergonomic}
   size_t SoftMaxHeapSize                          = 4271898624                             {manageable} {ergonomic}
     bool UseCompressedClassPointers               = true                           {product lp64_product} {ergonomic}
     bool UseCompressedOops                        = true                           {product lp64_product} {ergonomic}
     bool UseG1GC                                  = true                                      {product} {ergonomic}
     bool UseLargePagesIndividualAllocation        = false                                  {pd product} {ergonomic}

Logging:
Log output configuration:
 #0: stdout all=warning uptime,level,tags
 #1: stderr all=off uptime,level,tags

Environment Variables:
PATH=C:\Windows\system32;C:\Windows;C:\Windows\System32\Wbem;C:\Windows\System32\WindowsPowerShell\v1.0\;C:\Windows\System32\OpenSSH\;C:\Users\ianur\AppData\Local\Microsoft\WindowsApps;C:\Program Files\Processing\;C:\Users\ianur\AppData\Local\Programs\Microsoft VS Code\bin;C:\Program Files\Processing\app
USERNAME=ianur
OS=Windows_NT
PROCESSOR_IDENTIFIER=Intel64 Family 6 Model 165 Stepping 3, GenuineIntel
TMP=C:\Users\ianur\AppData\Local\Temp
TEMP=C:\Users\ianur\AppData\Local\Temp



---------------  S Y S T E M  ---------------

OS:
 Windows 11 , 64 bit Build 26100 (10.0.26100.7309)
OS uptime: 0 days 0:24 hours
Hyper-V role detected

CPU: total 8 (initial active 8) (4 cores per cpu, 2 threads per core) family 6 model 165 stepping 3 microcode 0xf8, cx8, cmov, fxsr, ht, mmx, 3dnowpref, sse, sse2, sse3, ssse3, sse4.1, sse4.2, popcnt, lzcnt, tsc, tscinvbit, avx, avx2, aes, erms, clmul, bmi1, bmi2, adx, fma, vzeroupper, clflush, clflushopt, hv
Processor Information for all 8 processors :
  Max Mhz: 3600, Current Mhz: 3600, Mhz Limit: 3600

Memory: 4k page, system-wide physical 16292M (894M free)
TotalPageFile size 21950M (AvailPageFile size 1106M)
current process WorkingSet (physical memory assigned to process): 879M, peak: 880M
current process commit charge ("private bytes"): 1210M, peak: 2468M

vm_info: OpenJDK 64-Bit Server VM (17.0.8.1+1) for windows-amd64 JRE (17.0.8.1+1), built on Aug 23 2023 15:29:17 by "admin" with MS VC++ 16.7 (VS2019)

END.
