# Blender 4.5.3 LTS
# www.blender.org
mtllib esfera3.mtl
o Sphere.001
v 0.000000 0.826144 -0.548476
v 0.000000 0.552012 -0.820853
v 0.000000 0.193841 -0.968262
v 0.000000 -0.193841 -0.968262
v 0.000000 -0.552012 -0.820853
v 0.073705 0.917962 -0.370538
v 0.136188 0.702578 -0.684665
v 0.177939 0.380232 -0.894557
v 0.192599 -0.000000 -0.968262
v 0.177939 -0.380232 -0.894557
v 0.136188 -0.702578 -0.684664
v 0.073705 -0.917962 -0.370538
v 0.076443 0.973792 -0.184550
v 0.209893 0.826144 -0.506726
v 0.314127 0.552012 -0.758369
v 0.370538 0.193841 -0.894557
v 0.370538 -0.193841 -0.894557
v 0.314127 -0.552012 -0.758369
v 0.209893 -0.826144 -0.506726
v 0.076443 -0.973792 -0.184550
v 0.209893 0.917962 -0.314127
v 0.387831 0.702578 -0.580431
v 0.506726 0.380232 -0.758369
v 0.548476 -0.000000 -0.820853
v 0.506726 -0.380232 -0.758369
v 0.387831 -0.702578 -0.580431
v 0.209893 -0.917962 -0.314127
v 0.141248 0.973792 -0.141248
v 0.387831 0.826144 -0.387831
v 0.580431 0.552012 -0.580431
v 0.684665 0.193841 -0.684664
v 0.684665 -0.193841 -0.684664
v 0.580431 -0.552012 -0.580431
v 0.387831 -0.826144 -0.387831
v 0.141248 -0.973792 -0.141248
v 0.314127 0.917962 -0.209893
v 0.580431 0.702578 -0.387831
v 0.758369 0.380232 -0.506726
v 0.820853 -0.000000 -0.548476
v 0.758369 -0.380232 -0.506726
v 0.580431 -0.702578 -0.387831
v 0.314127 -0.917962 -0.209893
v 0.000000 0.997577 -0.000000
v 0.184550 0.973792 -0.076443
v 0.506726 0.826144 -0.209893
v 0.758369 0.552012 -0.314127
v 0.894557 0.193841 -0.370538
v 0.894557 -0.193841 -0.370538
v 0.758369 -0.552012 -0.314127
v 0.506726 -0.826144 -0.209893
v 0.184550 -0.973792 -0.076443
v 0.370538 0.917962 -0.073705
v 0.684664 0.702578 -0.136188
v 0.894557 0.380232 -0.177939
v 0.968262 -0.000000 -0.192599
v 0.894557 -0.380232 -0.177938
v 0.684664 -0.702578 -0.136188
v 0.370538 -0.917962 -0.073705
v 0.199755 0.973792 -0.000000
v 0.548476 0.826144 -0.000000
v 0.820853 0.552012 -0.000000
v 0.968262 0.193841 -0.000000
v 0.968262 -0.193841 0.000000
v 0.820853 -0.552012 0.000000
v 0.548476 -0.826144 0.000000
v 0.199755 -0.973792 0.000000
v 0.370538 0.917962 0.073705
v 0.684664 0.702578 0.136188
v 0.894557 0.380232 0.177939
v 0.968262 0.000000 0.192599
v 0.894557 -0.380232 0.177939
v 0.684664 -0.702578 0.136188
v 0.370538 -0.917962 0.073705
v 0.184550 0.973792 0.076443
v 0.506726 0.826144 0.209893
v 0.758369 0.552012 0.314127
v 0.894557 0.193841 0.370538
v 0.894557 -0.193841 0.370538
v 0.758369 -0.552012 0.314127
v 0.506726 -0.826144 0.209893
v 0.184550 -0.973792 0.076443
v 0.314127 0.917962 0.209893
v 0.580431 0.702578 0.387831
v 0.758369 0.380232 0.506726
v 0.820852 0.000000 0.548476
v 0.758369 -0.380232 0.506726
v 0.580430 -0.702578 0.387831
v 0.314127 -0.917962 0.209893
v 0.141248 0.973792 0.141248
v 0.387831 0.826144 0.387831
v 0.580430 0.552012 0.580430
v 0.684664 0.193841 0.684664
v 0.684664 -0.193841 0.684664
v 0.580430 -0.552012 0.580430
v 0.387831 -0.826144 0.387831
v 0.141248 -0.973792 0.141248
v 0.209893 0.917962 0.314127
v 0.387831 0.702578 0.580430
v 0.506726 0.380232 0.758369
v 0.548476 0.000000 0.820853
v 0.506726 -0.380232 0.758369
v 0.387831 -0.702578 0.580430
v 0.209893 -0.917962 0.314127
v 0.076443 0.973792 0.184550
v 0.209893 0.826144 0.506726
v 0.314127 0.552012 0.758369
v 0.370538 0.193841 0.894557
v 0.370538 -0.193841 0.894557
v 0.314127 -0.552012 0.758369
v 0.209893 -0.826144 0.506726
v 0.076443 -0.973792 0.184550
v 0.073704 0.917962 0.370538
v 0.136188 0.702578 0.684664
v 0.177938 0.380232 0.894557
v 0.192599 0.000000 0.968261
v 0.177938 -0.380232 0.894557
v 0.136188 -0.702578 0.684664
v 0.073704 -0.917962 0.370538
v 0.000000 0.973792 0.199755
v 0.000000 0.826144 0.548476
v 0.000000 0.552012 0.820853
v 0.000000 0.193841 0.968262
v 0.000000 -0.193841 0.968262
v 0.000000 -0.552012 0.820853
v 0.000000 -0.826144 0.548476
v 0.000000 -0.973792 0.199755
v -0.073705 0.917962 0.370538
v -0.136188 0.702578 0.684664
v -0.177938 0.380232 0.894557
v -0.192599 0.000000 0.968261
v -0.177938 -0.380232 0.894557
v -0.136188 -0.702578 0.684664
v -0.073705 -0.917962 0.370538
v -0.076443 0.973792 0.184550
v -0.209893 0.826144 0.506726
v -0.314127 0.552012 0.758369
v -0.370538 0.193841 0.894557
v -0.370538 -0.193841 0.894557
v -0.314127 -0.552012 0.758369
v -0.209893 -0.826144 0.506726
v -0.076443 -0.973792 0.184550
v -0.209893 0.917962 0.314127
v -0.387831 0.702578 0.580430
v -0.506726 0.380232 0.758369
v -0.548476 0.000000 0.820852
v -0.506726 -0.380232 0.758369
v -0.387831 -0.702578 0.580430
v -0.209893 -0.917962 0.314127
v -0.141248 0.973792 0.141248
v -0.387831 0.826144 0.387831
v -0.580430 0.552012 0.580430
v -0.684664 0.193841 0.684664
v -0.684664 -0.193841 0.684664
v -0.580430 -0.552012 0.580430
v -0.387831 -0.826144 0.387831
v -0.141248 -0.973792 0.141248
v 0.000000 -0.997577 0.000000
v -0.314127 0.917962 0.209893
v -0.580430 0.702578 0.387831
v -0.758369 0.380232 0.506726
v -0.820852 0.000000 0.548476
v -0.758369 -0.380232 0.506726
v -0.580430 -0.702578 0.387831
v -0.314127 -0.917962 0.209893
v -0.184550 0.973792 0.076443
v -0.506726 0.826144 0.209893
v -0.758369 0.552012 0.314126
v -0.894557 0.193841 0.370537
v -0.894557 -0.193841 0.370537
v -0.758369 -0.552012 0.314127
v -0.506726 -0.826144 0.209893
v -0.184550 -0.973792 0.076443
v -0.370538 0.917962 0.073704
v -0.684664 0.702578 0.136188
v -0.894557 0.380232 0.177938
v -0.968261 0.000000 0.192599
v -0.894557 -0.380232 0.177938
v -0.684664 -0.702578 0.136188
v -0.370538 -0.917962 0.073704
v -0.199755 0.973792 -0.000000
v -0.548476 0.826144 -0.000000
v -0.820852 0.552012 -0.000000
v -0.968261 0.193841 -0.000000
v -0.968261 -0.193841 0.000000
v -0.820852 -0.552012 0.000000
v -0.548476 -0.826144 0.000000
v -0.199755 -0.973792 0.000000
v -0.370538 0.917962 -0.073705
v -0.684664 0.702578 -0.136188
v -0.894557 0.380232 -0.177939
v -0.968261 -0.000000 -0.192600
v -0.894557 -0.380232 -0.177938
v -0.684664 -0.702578 -0.136188
v -0.370538 -0.917962 -0.073705
v -0.184550 0.973792 -0.076443
v -0.506726 0.826144 -0.209893
v -0.758369 0.552012 -0.314127
v -0.894557 0.193841 -0.370538
v -0.894557 -0.193841 -0.370538
v -0.758369 -0.552012 -0.314127
v -0.506726 -0.826144 -0.209893
v -0.184550 -0.973792 -0.076443
v -0.314126 0.917962 -0.209893
v -0.580430 0.702578 -0.387831
v -0.758369 0.380232 -0.506726
v -0.820852 -0.000000 -0.548476
v -0.758369 -0.380232 -0.506726
v -0.580430 -0.702578 -0.387831
v -0.314126 -0.917962 -0.209893
v -0.141248 0.973792 -0.141248
v -0.387831 0.826144 -0.387831
v -0.580430 0.552012 -0.580430
v -0.684664 0.193841 -0.684664
v -0.684664 -0.193841 -0.684664
v -0.580430 -0.552012 -0.580430
v -0.387831 -0.826144 -0.387831
v -0.141248 -0.973792 -0.141248
v -0.209893 0.917962 -0.314127
v -0.387831 0.702578 -0.580430
v -0.506726 0.380232 -0.758369
v -0.548475 -0.000000 -0.820852
v -0.506726 -0.380232 -0.758369
v -0.387831 -0.702578 -0.580430
v -0.209893 -0.917962 -0.314127
v -0.076443 0.973792 -0.184550
v -0.209892 0.826144 -0.506726
v -0.314126 0.552012 -0.758369
v -0.370537 0.193841 -0.894557
v -0.370537 -0.193841 -0.894557
v -0.314126 -0.552012 -0.758369
v -0.209892 -0.826144 -0.506726
v -0.076443 -0.973792 -0.184550
v -0.073704 0.917962 -0.370538
v -0.136188 0.702578 -0.684664
v -0.177938 0.380232 -0.894557
v -0.192599 -0.000000 -0.968261
v -0.177938 -0.380232 -0.894557
v -0.136188 -0.702578 -0.684664
v -0.073704 -0.917962 -0.370538
v 0.000000 0.973792 -0.199755
v 0.000000 -0.826144 -0.548476
v 0.000000 -0.973792 -0.199755
v 0.343585 -0.825559 -0.418442
v 0.253053 -0.865719 -0.378721
v 0.255106 -0.825559 -0.477562
v 0.341531 -0.758621 -0.511138
v 0.306132 0.193233 -0.907491
v 0.190025 0.066754 -0.955322
v 0.064453 0.193233 -0.955564
v 0.180463 0.314756 -0.907249
v -0.023218 0.917599 -0.371395
v 0.000000 0.925614 -0.313543
v 0.023219 0.917599 -0.371395
v 0.000000 0.879102 -0.423397
v 0.029344 -0.973827 -0.193747
v 0.046185 -0.947688 -0.232189
v 0.047034 -0.973827 -0.190228
v 0.029129 -0.966112 -0.146443
v 0.000000 -0.127102 -0.968262
v -0.126288 -0.000000 -0.968261
v 0.000000 0.127102 -0.968262
v 0.126288 -0.000000 -0.968262
v 0.352010 0.917599 -0.120676
v 0.391168 0.879102 -0.162027
v 0.334239 0.917599 -0.163578
v 0.289676 0.925615 -0.119988
v 0.101254 -0.973827 -0.167770
v 0.131525 -0.947688 -0.196840
v 0.116251 -0.973827 -0.157749
v 0.082953 -0.966112 -0.124148
v 0.447861 0.379205 -0.783209
v 0.360219 0.259359 -0.869645
v 0.237127 0.379205 -0.870498
v 0.324063 0.488926 -0.782356
v 0.773964 -0.000000 -0.595365
v 0.684665 -0.127102 -0.684664
v 0.595365 -0.000000 -0.773964
v 0.684665 0.127102 -0.684664
v -0.114048 -0.379205 -0.894980
v 0.000000 -0.259359 -0.941297
v 0.114048 -0.379205 -0.894980
v 0.000000 -0.488926 -0.846816
v -0.078623 0.701624 -0.685612
v 0.000000 0.770125 -0.604136
v 0.078623 0.701624 -0.685612
v 0.000000 0.611865 -0.761382
v 0.447861 -0.379205 -0.783209
v 0.324063 -0.488926 -0.782356
v 0.237127 -0.379205 -0.870498
v 0.360219 -0.259359 -0.869645
v -0.078623 -0.701624 -0.685612
v 0.000000 -0.611865 -0.761383
v 0.078623 -0.701624 -0.685612
v 0.000000 -0.770125 -0.604136
v 0.157749 -0.973827 -0.116251
v 0.196840 -0.947688 -0.131524
v 0.167770 -0.973827 -0.101254
v 0.124148 -0.966112 -0.082953
v 0.157300 0.825559 -0.518075
v 0.119930 0.758621 -0.602928
v 0.052932 0.825559 -0.538834
v 0.088860 0.865719 -0.446731
v 0.254369 -0.550869 -0.771029
v 0.143935 -0.642770 -0.723608
v 0.060054 -0.550869 -0.809681
v 0.169761 -0.443371 -0.853445
v 0.942886 -0.000000 -0.253862
v 0.894557 -0.127102 -0.370538
v 0.846229 -0.000000 -0.487213
v 0.894557 0.127102 -0.370538
v 0.541147 -0.066754 -0.809883
v 0.630111 -0.193233 -0.721261
v 0.513915 -0.314756 -0.769129
v 0.425225 -0.193233 -0.858161
v 0.254369 0.550869 -0.771029
v 0.169761 0.443371 -0.853445
v 0.060054 0.550869 -0.809681
v 0.143935 0.642770 -0.723608
v 0.157300 -0.825559 -0.518075
v 0.088860 -0.865719 -0.446731
v 0.052933 -0.825559 -0.538834
v 0.119930 -0.758621 -0.602928
v 0.540396 0.701624 -0.429206
v 0.538379 0.611865 -0.538379
v 0.429206 0.701624 -0.540396
v 0.427189 0.770125 -0.427189
v 0.487213 -0.000000 -0.846229
v 0.370538 -0.127102 -0.894557
v 0.253863 -0.000000 -0.942886
v 0.370538 0.127102 -0.894557
v 0.530066 -0.550869 -0.614995
v 0.409891 -0.642770 -0.613445
v 0.365334 -0.550869 -0.725066
v 0.483438 -0.443371 -0.723516
v 0.598790 0.488926 -0.598790
v 0.713491 0.379205 -0.552202
v 0.665598 0.259359 -0.665598
v 0.552202 0.379205 -0.713491
v 0.477562 -0.825559 -0.255106
v 0.378721 -0.865719 -0.253053
v 0.418442 -0.825559 -0.343585
v 0.511138 -0.758621 -0.341531
v -0.023218 -0.917599 -0.371395
v 0.000000 -0.879102 -0.423397
v 0.023219 -0.917599 -0.371395
v 0.000000 -0.925615 -0.313542
v 0.101254 0.973827 -0.167770
v 0.082953 0.966112 -0.124148
v 0.116251 0.973827 -0.157749
v 0.131524 0.947688 -0.196840
v 0.279034 -0.917599 -0.246198
v 0.221708 -0.925615 -0.221708
v 0.246198 -0.917599 -0.279034
v 0.299387 -0.879102 -0.299387
v 0.540396 -0.701624 -0.429206
v 0.427189 -0.770125 -0.427189
v 0.429206 -0.701624 -0.540396
v 0.538379 -0.611865 -0.538379
v 0.685612 -0.701624 0.078623
v 0.604136 -0.770125 0.000000
v 0.685612 -0.701624 -0.078623
v 0.761383 -0.611865 0.000000
v 0.713491 -0.379205 -0.552202
v 0.598790 -0.488926 -0.598790
v 0.552202 -0.379205 -0.713491
v 0.665598 -0.259359 -0.665598
v 0.725066 0.550869 -0.365334
v 0.723516 0.443371 -0.483438
v 0.614995 0.550869 -0.530066
v 0.613445 0.642770 -0.409891
v 0.870498 -0.379205 -0.237127
v 0.782356 -0.488926 -0.324063
v 0.783209 -0.379205 -0.447861
v 0.869645 -0.259359 -0.360219
v 0.968262 0.000000 0.126288
v 0.968262 -0.127102 0.000000
v 0.968262 -0.000000 -0.126288
v 0.968262 0.127102 -0.000000
v 0.518074 0.825559 0.157300
v 0.602928 0.758621 0.119930
v 0.538834 0.825559 0.052932
v 0.446731 0.865719 0.088860
v 0.391168 -0.879102 -0.162027
v 0.352010 -0.917599 -0.120676
v 0.289676 -0.925615 -0.119988
v 0.334239 -0.917599 -0.163578
v 0.725066 -0.550869 -0.365334
v 0.613445 -0.642770 -0.409891
v 0.614995 -0.550869 -0.530066
v 0.723516 -0.443371 -0.483438
v 0.663511 -0.701624 -0.189734
v 0.558149 -0.770125 -0.231193
v 0.603336 -0.701624 -0.335011
v 0.703426 -0.611865 -0.291368
v 0.477562 0.825559 -0.255106
v 0.511138 0.758621 -0.341531
v 0.418442 0.825559 -0.343585
v 0.378721 0.865719 -0.253053
v 0.858161 0.193233 -0.425225
v 0.809883 0.066754 -0.541146
v 0.721261 0.193233 -0.630110
v 0.769129 0.314756 -0.513915
v 0.907491 0.193233 0.306132
v 0.955322 0.066754 0.190025
v 0.955564 0.193233 0.064453
v 0.907249 0.314756 0.180463
v 0.167770 0.973827 -0.101254
v 0.196840 0.947688 -0.131524
v 0.157749 0.973827 -0.116251
v 0.124148 0.966112 -0.082953
v 0.782356 0.488926 -0.324063
v 0.870498 0.379205 -0.237127
v 0.869645 0.259359 -0.360219
v 0.783209 0.379205 -0.447861
v 0.538834 -0.825559 -0.052932
v 0.446731 -0.865719 -0.088860
v 0.518074 -0.825559 -0.157300
v 0.602928 -0.758621 -0.119930
v 0.809681 0.550869 -0.060054
v 0.853445 0.443371 -0.169761
v 0.771029 0.550869 -0.254368
v 0.723608 0.642770 -0.143935
v 0.858161 -0.193233 -0.425225
v 0.769129 -0.314756 -0.513915
v 0.721261 -0.193233 -0.630110
v 0.809883 -0.066754 -0.541146
v 0.894980 -0.379205 0.114048
v 0.846816 -0.488926 0.000000
v 0.894980 -0.379205 -0.114048
v 0.941297 -0.259359 0.000000
v 0.771029 0.550869 0.254369
v 0.853445 0.443371 0.169761
v 0.809681 0.550869 0.060054
v 0.723608 0.642770 0.143935
v 0.663511 0.701624 -0.189734
v 0.703426 0.611865 -0.291368
v 0.603336 0.701624 -0.335011
v 0.558149 0.770125 -0.231193
v 0.685612 0.701624 0.078623
v 0.761383 0.611865 -0.000000
v 0.685612 0.701624 -0.078623
v 0.604136 0.770125 -0.000000
v 0.809681 -0.550869 -0.060054
v 0.723608 -0.642770 -0.143935
v 0.771029 -0.550869 -0.254368
v 0.853445 -0.443371 -0.169761
v 0.423397 -0.879102 0.000000
v 0.371395 -0.917599 0.023219
v 0.313543 -0.925615 0.000000
v 0.371395 -0.917599 -0.023219
v 0.955564 0.193233 -0.064453
v 0.955322 0.066754 -0.190025
v 0.907491 0.193233 -0.306132
v 0.907249 0.314756 -0.180463
v 0.190228 -0.973827 -0.047034
v 0.232189 -0.947688 -0.046185
v 0.193747 -0.973827 -0.029344
v 0.146443 -0.966112 -0.029129
v 0.193747 0.973827 -0.029344
v 0.232189 0.947688 -0.046185
v 0.190228 0.973827 -0.047034
v 0.146443 0.966112 -0.029129
v 0.446731 0.865719 -0.088860
v 0.538834 0.825559 -0.052932
v 0.602928 0.758621 -0.119930
v 0.518074 0.825559 -0.157300
v 0.603335 0.701624 0.335011
v 0.703426 0.611865 0.291368
v 0.663511 0.701624 0.189734
v 0.558149 0.770125 0.231193
v 0.518074 -0.825559 0.157300
v 0.446731 -0.865719 0.088860
v 0.538834 -0.825559 0.052932
v 0.602928 -0.758621 0.119930
v 0.907491 -0.193233 0.306132
v 0.907249 -0.314756 0.180463
v 0.955564 -0.193233 0.064453
v 0.955322 -0.066754 0.190025
v 0.955564 -0.193233 -0.064453
v 0.907249 -0.314756 -0.180463
v 0.907491 -0.193233 -0.306132
v 0.955322 -0.066754 -0.190025
v 0.371395 0.917599 0.023219
v 0.423397 0.879102 -0.000000
v 0.371395 0.917599 -0.023219
v 0.313543 0.925615 -0.000000
v 0.614995 0.550869 0.530066
v 0.723516 0.443371 0.483438
v 0.725065 0.550869 0.365334
v 0.613445 0.642770 0.409891
v 0.425225 0.193233 0.858161
v 0.541146 0.066754 0.809883
v 0.630110 0.193233 0.721261
v 0.513915 0.314756 0.769129
v 0.429206 0.701624 0.540396
v 0.538379 0.611865 0.538379
v 0.540396 0.701624 0.429206
v 0.427189 0.770125 0.427189
v 0.783209 -0.379205 0.447861
v 0.782356 -0.488926 0.324063
v 0.870498 -0.379205 0.237127
v 0.869645 -0.259359 0.360219
v 0.246198 0.917599 0.279034
v 0.299387 0.879102 0.299387
v 0.279034 0.917599 0.246198
v 0.221708 0.925615 0.221708
v 0.193747 -0.973827 0.029344
v 0.232189 -0.947688 0.046185
v 0.190228 -0.973827 0.047034
v 0.146443 -0.966112 0.029129
v 0.894980 0.379205 0.114048
v 0.941297 0.259359 -0.000000
v 0.894980 0.379205 -0.114048
v 0.846816 0.488926 -0.000000
v 0.853445 -0.443371 0.169761
v 0.771029 -0.550869 0.254369
v 0.723608 -0.642770 0.143935
v 0.809681 -0.550869 0.060054
v 0.783209 0.379205 0.447861
v 0.869645 0.259359 0.360219
v 0.870498 0.379205 0.237127
v 0.782356 0.488926 0.324063
v 0.167769 -0.973827 0.101254
v 0.196840 -0.947688 0.131524
v 0.157749 -0.973827 0.116251
v 0.124148 -0.966112 0.082953
v 0.418442 -0.825559 0.343585
v 0.378720 -0.865719 0.253053
v 0.477562 -0.825559 0.255106
v 0.511138 -0.758621 0.341531
v 0.064453 0.193233 0.955563
v 0.190025 0.066754 0.955322
v 0.306131 0.193233 0.907491
v 0.180463 0.314756 0.907249
v 0.552202 0.379205 0.713491
v 0.665597 0.259359 0.665597
v 0.713491 0.379205 0.552202
v 0.598790 0.488926 0.598790
v 0.193747 0.973827 0.029344
v 0.146442 0.966112 0.029129
v 0.190228 0.973827 0.047034
v 0.232189 0.947688 0.046185
v 0.334239 0.917599 0.163578
v 0.391168 0.879102 0.162027
v 0.352010 0.917599 0.120676
v 0.289676 0.925615 0.119988
v 0.603335 -0.701624 0.335011
v 0.558149 -0.770125 0.231193
v 0.663511 -0.701624 0.189734
v 0.703426 -0.611865 0.291369
v 0.894557 0.127102 0.370538
v 0.846229 0.000000 0.487213
v 0.894557 -0.127102 0.370538
v 0.942886 0.000000 0.253863
v 0.429206 -0.701624 0.540396
v 0.427189 -0.770125 0.427189
v 0.540396 -0.701624 0.429206
v 0.538379 -0.611865 0.538379
v 0.552202 -0.379205 0.713491
v 0.598790 -0.488926 0.598790
v 0.713491 -0.379205 0.552202
v 0.665597 -0.259359 0.665597
v 0.409891 0.642770 0.613445
v 0.365334 0.550869 0.725066
v 0.483438 0.443371 0.723516
v 0.530066 0.550869 0.614995
v 0.418442 0.825559 0.343585
v 0.511138 0.758621 0.341531
v 0.477562 0.825559 0.255106
v 0.378720 0.865719 0.253053
v 0.120676 0.917599 0.352010
v 0.162027 0.879102 0.391168
v 0.163578 0.917599 0.334239
v 0.119987 0.925615 0.289675
v 0.334239 -0.917599 0.163578
v 0.289675 -0.925615 0.119988
v 0.352010 -0.917599 0.120676
v 0.391168 -0.879102 0.162027
v 0.721261 -0.193233 0.630111
v 0.769129 -0.314756 0.513915
v 0.858161 -0.193233 0.425225
v 0.809883 -0.066754 0.541147
v 0.246198 -0.917599 0.279034
v 0.221708 -0.925615 0.221708
v 0.279034 -0.917599 0.246198
v 0.299387 -0.879102 0.299387
v 0.120676 -0.917599 0.352010
v 0.119987 -0.925615 0.289675
v 0.163578 -0.917599 0.334239
v 0.162027 -0.879102 0.391168
v 0.255106 -0.825559 0.477562
v 0.253053 -0.865719 0.378720
v 0.343585 -0.825559 0.418442
v 0.341531 -0.758621 0.511138
v 0.060054 -0.550869 0.809680
v 0.143935 -0.642770 0.723608
v 0.254368 -0.550869 0.771029
v 0.169761 -0.443371 0.853445
v 0.167769 0.973827 0.101254
v 0.124148 0.966112 0.082953
v 0.157749 0.973827 0.116251
v 0.196841 0.947688 0.131525
v 0.684664 0.127102 0.684664
v 0.595365 0.000000 0.773964
v 0.684664 -0.127102 0.684664
v 0.773964 0.000000 0.595365
v 0.143935 0.642770 0.723608
v 0.060054 0.550869 0.809680
v 0.169761 0.443371 0.853445
v 0.254368 0.550869 0.771029
v 0.116251 -0.973827 0.157749
v 0.131524 -0.947688 0.196840
v 0.101254 -0.973827 0.167769
v 0.082953 -0.966112 0.124148
v 0.237127 0.379205 0.870498
v 0.360219 0.259359 0.869645
v 0.447861 0.379205 0.783209
v 0.324062 0.488926 0.782356
v 0.614995 -0.550869 0.530066
v 0.613445 -0.642770 0.409891
v 0.725065 -0.550869 0.365334
v 0.723516 -0.443371 0.483438
v 0.189734 -0.701624 0.663511
v 0.231193 -0.770125 0.558149
v 0.335011 -0.701624 0.603335
v 0.291368 -0.611865 0.703426
v 0.237127 -0.379205 0.870498
v 0.324062 -0.488926 0.782356
v 0.447861 -0.379205 0.783209
v 0.360219 -0.259359 0.869645
v 0.255106 0.825559 0.477562
v 0.341531 0.758621 0.511138
v 0.343585 0.825559 0.418442
v 0.253053 0.865719 0.378720
v -0.114048 0.379205 0.894980
v 0.000000 0.259359 0.941297
v 0.114048 0.379205 0.894980
v 0.000000 0.488926 0.846816
v 0.425225 -0.193233 0.858161
v 0.513915 -0.314756 0.769129
v 0.630110 -0.193233 0.721261
v 0.541146 -0.066754 0.809883
v 0.189734 0.701624 0.663511
v 0.291368 0.611865 0.703426
v 0.335011 0.701624 0.603335
v 0.231193 0.770125 0.558149
v 0.064453 -0.193233 0.955563
v 0.180463 -0.314756 0.907249
v 0.306132 -0.193233 0.907491
v 0.190025 -0.066754 0.955322
v 0.116251 0.973827 0.157749
v 0.082953 0.966112 0.124148
v 0.101254 0.973827 0.167769
v 0.131524 0.947688 0.196840
v 0.047034 -0.973827 0.190228
v 0.046185 -0.947688 0.232189
v 0.029344 -0.973827 0.193747
v 0.029129 -0.966112 0.146442
v 0.365334 -0.550869 0.725066
v 0.409891 -0.642770 0.613445
v 0.530066 -0.550869 0.614995
v 0.483438 -0.443371 0.723516
v -0.306132 0.193233 0.907490
v -0.190026 0.066754 0.955322
v -0.064453 0.193233 0.955563
v -0.180463 0.314756 0.907249
v -0.114048 -0.379205 0.894980
v 0.000000 -0.488926 0.846816
v 0.114048 -0.379205 0.894980
v 0.000000 -0.259359 0.941297
v 0.000000 0.925615 0.313542
v -0.023219 0.917599 0.371395
v 0.000000 0.879102 0.423397
v 0.023218 0.917599 0.371395
v 0.052932 0.825559 0.538834
v 0.119930 0.758621 0.602928
v 0.157300 0.825559 0.518074
v 0.088860 0.865719 0.446731
v 0.119930 -0.758621 0.602928
v 0.052932 -0.825559 0.538834
v 0.088860 -0.865719 0.446731
v 0.157300 -0.825559 0.518074
v -0.023219 -0.917599 0.371395
v 0.000000 -0.925615 0.313542
v 0.023218 -0.917599 0.371395
v 0.000000 -0.879102 0.423397
v -0.078623 -0.701624 0.685612
v 0.000000 -0.770125 0.604136
v 0.078623 -0.701624 0.685612
v 0.000000 -0.611865 0.761382
v -0.078623 0.701624 0.685612
v 0.000000 0.611865 0.761382
v 0.078623 0.701624 0.685612
v 0.000000 0.770125 0.604136
v 0.253862 0.000000 0.942885
v 0.370538 -0.127102 0.894557
v 0.487213 0.000000 0.846229
v 0.370538 0.127102 0.894557
v -0.306132 -0.193233 0.907491
v -0.180463 -0.314756 0.907249
v -0.064453 -0.193233 0.955563
v -0.190026 -0.066754 0.955322
v 0.047034 0.973827 0.190228
v 0.029129 0.966112 0.146443
v 0.029344 0.973827 0.193747
v 0.046185 0.947688 0.232189
v -0.029344 -0.973827 0.193747
v -0.046185 -0.947688 0.232189
v -0.047034 -0.973827 0.190228
v -0.029129 -0.966112 0.146442
v -0.360219 -0.259359 0.869645
v -0.447861 -0.379205 0.783209
v -0.324063 -0.488926 0.782356
v -0.237127 -0.379205 0.870498
v -0.254368 -0.550869 0.771029
v -0.143935 -0.642770 0.723608
v -0.060054 -0.550869 0.809680
v -0.169761 -0.443371 0.853445
v -0.530066 0.550869 0.614995
v -0.483438 0.443371 0.723515
v -0.365334 0.550869 0.725065
v -0.409891 0.642770 0.613445
v -0.163578 -0.917599 0.334239
v -0.119988 -0.925615 0.289675
v -0.120676 -0.917599 0.352010
v -0.162027 -0.879102 0.391168
v -0.157300 0.825559 0.518074
v -0.119930 0.758621 0.602928
v -0.052932 0.825559 0.538834
v -0.088860 0.865719 0.446731
v -0.119930 -0.758621 0.602928
v -0.157300 -0.825559 0.518074
v -0.088860 -0.865719 0.446731
v -0.052932 -0.825559 0.538834
v -0.335011 0.701624 0.603335
v -0.291368 0.611865 0.703426
v -0.189734 0.701624 0.663511
v -0.231193 0.770125 0.558149
v -0.335011 -0.701624 0.603335
v -0.231193 -0.770125 0.558149
v -0.189734 -0.701624 0.663511
v -0.291368 -0.611865 0.703426
v -0.487213 0.000000 0.846228
v -0.370538 -0.127102 0.894557
v -0.253863 0.000000 0.942885
v -0.370538 0.127102 0.894557
v -0.126289 0.000000 0.968261
v 0.000000 -0.127102 0.968262
v 0.126288 0.000000 0.968261
v 0.000000 0.127102 0.968262
v -0.163578 0.917599 0.334239
v -0.162027 0.879102 0.391168
v -0.120676 0.917599 0.352010
v -0.119988 0.925615 0.289675
v -0.540396 0.701624 0.429206
v -0.538379 0.611865 0.538379
v -0.429206 0.701624 0.540396
v -0.427189 0.770125 0.427189
v -0.352010 0.917599 0.120676
v -0.391168 0.879102 0.162027
v -0.334239 0.917599 0.163578
v -0.289675 0.925615 0.119987
v -0.029344 0.973827 0.193747
v -0.029129 0.966112 0.146442
v -0.047034 0.973827 0.190228
v -0.046185 0.947688 0.232189
v -0.082953 -0.966112 0.124148
v -0.101254 -0.973827 0.167769
v -0.131525 -0.947688 0.196840
v -0.116251 -0.973827 0.157749
v -0.101254 0.973827 0.167769
v -0.082953 0.966112 0.124148
v -0.116251 0.973827 0.157749
v -0.131524 0.947688 0.196840
v -0.630110 -0.193233 0.721260
v -0.513915 -0.314756 0.769129
v -0.425225 -0.193233 0.858160
v -0.541146 -0.066754 0.809882
v -0.447861 0.379205 0.783209
v -0.360219 0.259359 0.869645
v -0.237127 0.379205 0.870498
v -0.324063 0.488926 0.782356
v -0.254368 0.550869 0.771029
v -0.169761 0.443371 0.853445
v -0.060054 0.550869 0.809680
v -0.143935 0.642770 0.723608
v -0.513915 0.314756 0.769129
v -0.630110 0.193233 0.721260
v -0.541146 0.066754 0.809882
v -0.425225 0.193233 0.858160
v -0.725065 0.550869 0.365334
v -0.723515 0.443371 0.483437
v -0.614995 0.550869 0.530066
v -0.613445 0.642770 0.409891
v -0.343585 0.825559 0.418442
v -0.341531 0.758621 0.511138
v -0.255106 0.825559 0.477562
v -0.253053 0.865719 0.378720
v -0.540396 -0.701624 0.429206
v -0.427189 -0.770125 0.427189
v -0.429206 -0.701624 0.540396
v -0.538379 -0.611865 0.538379
v -0.538834 -0.825559 0.052932
v -0.446731 -0.865719 0.088860
v -0.518074 -0.825559 0.157300
v -0.602928 -0.758621 0.119930
v -0.279034 0.917599 0.246198
v -0.299387 0.879102 0.299387
v -0.246198 0.917599 0.279034
v -0.221708 0.925615 0.221708
v -0.530066 -0.550869 0.614995
v -0.409891 -0.642770 0.613445
v -0.365334 -0.550869 0.725065
v -0.483438 -0.443371 0.723515
v -0.725065 -0.550869 0.365334
v -0.613445 -0.642770 0.409891
v -0.614995 -0.550869 0.530066
v -0.723515 -0.443371 0.483437
v -0.538834 0.825559 0.052932
v -0.602928 0.758621 0.119930
v -0.518074 0.825559 0.157300
v -0.446731 0.865719 0.088860
v -0.858161 -0.193233 0.425225
v -0.769129 -0.314756 0.513915
v -0.721261 -0.193233 0.630110
v -0.809883 -0.066754 0.541146
v -0.558149 0.770125 0.231193
v -0.663511 0.701624 0.189734
v -0.703426 0.611865 0.291368
v -0.603335 0.701624 0.335011
v -0.279034 -0.917599 0.246198
v -0.221708 -0.925615 0.221708
v -0.246198 -0.917599 0.279034
v -0.299387 -0.879102 0.299387
v -0.713491 0.379205 0.552202
v -0.665597 0.259359 0.665597
v -0.552202 0.379205 0.713491
v -0.598790 0.488926 0.598789
v -0.477562 -0.825559 0.255106
v -0.378720 -0.865719 0.253053
v -0.418442 -0.825559 0.343584
v -0.511138 -0.758621 0.341531
v -0.343585 -0.825559 0.418442
v -0.253053 -0.865719 0.378720
v -0.255106 -0.825559 0.477562
v -0.341531 -0.758621 0.511138
v -0.773964 0.000000 0.595365
v -0.684664 -0.127102 0.684664
v -0.595365 0.000000 0.773963
v -0.684664 0.127102 0.684664
v -0.809680 0.550869 0.060054
v -0.853445 0.443371 0.169761
v -0.771029 0.550869 0.254368
v -0.723608 0.642770 0.143935
v -0.477562 0.825559 0.255106
v -0.511138 0.758621 0.341531
v -0.418442 0.825559 0.343584
v -0.378720 0.865719 0.253053
v -0.663511 -0.701624 0.189734
v -0.558149 -0.770125 0.231193
v -0.603335 -0.701624 0.335011
v -0.703426 -0.611865 0.291368
v -0.968261 -0.000000 -0.126289
v -0.968261 -0.127102 0.000000
v -0.968261 0.000000 0.126288
v -0.968261 0.127102 -0.000000
v -0.769128 0.314756 0.513915
v -0.858160 0.193233 0.425225
v -0.809883 0.066754 0.541146
v -0.721261 0.193233 0.630110
v -0.196840 -0.947688 0.131524
v -0.167769 -0.973827 0.101254
v -0.124148 -0.966112 0.082953
v -0.157749 -0.973827 0.116251
v -0.157749 0.973827 0.116251
v -0.124148 0.966112 0.082953
v -0.167769 0.973827 0.101254
v -0.196840 0.947688 0.131524
v -0.713491 -0.379205 0.552202
v -0.598790 -0.488926 0.598789
v -0.552202 -0.379205 0.713491
v -0.665597 -0.259359 0.665597
v -0.809680 -0.550869 0.060054
v -0.723608 -0.642770 0.143935
v -0.771029 -0.550869 0.254368
v -0.853445 -0.443371 0.169761
v -0.955563 -0.193233 0.064453
v -0.907249 -0.314756 0.180463
v -0.907491 -0.193233 0.306131
v -0.955322 -0.066754 0.190025
v -0.761382 -0.611865 0.000000
v -0.685612 -0.701624 -0.078623
v -0.604136 -0.770125 0.000000
v -0.685612 -0.701624 0.078623
v -0.870498 0.379205 0.237127
v -0.869645 0.259359 0.360218
v -0.783209 0.379205 0.447861
v -0.782356 0.488926 0.324062
v -0.352010 -0.917599 0.120676
v -0.289676 -0.925615 0.119987
v -0.334239 -0.917599 0.163578
v -0.391168 -0.879102 0.162027
v -0.942885 0.000000 0.253862
v -0.894557 -0.127102 0.370537
v -0.846228 0.000000 0.487212
v -0.894557 0.127102 0.370537
v -0.371395 0.917599 -0.023219
v -0.423397 0.879102 -0.000000
v -0.371395 0.917599 0.023218
v -0.313542 0.925615 -0.000000
v -0.190228 0.973827 0.047034
v -0.146442 0.966112 0.029129
v -0.193747 0.973827 0.029344
v -0.232189 0.947688 0.046185
v -0.190228 -0.973827 0.047034
v -0.232189 -0.947688 0.046185
v -0.193747 -0.973827 0.029344
v -0.146442 -0.966112 0.029129
v -0.846228 -0.000000 -0.487213
v -0.894557 -0.127102 -0.370538
v -0.942885 -0.000000 -0.253863
v -0.894557 0.127102 -0.370538
v -0.771029 0.550869 -0.254369
v -0.853445 0.443371 -0.169761
v -0.809680 0.550869 -0.060054
v -0.723608 0.642770 -0.143935
v -0.894980 -0.379205 -0.114048
v -0.846816 -0.488926 0.000000
v -0.894980 -0.379205 0.114048
v -0.941297 -0.259359 0.000000
v -0.246198 0.917599 -0.279034
v -0.299387 0.879102 -0.299387
v -0.279034 0.917599 -0.246198
v -0.221708 0.925615 -0.221708
v -0.870498 -0.379205 0.237127
v -0.782356 -0.488926 0.324062
v -0.783209 -0.379205 0.447861
v -0.869645 -0.259359 0.360218
v -0.894980 0.379205 -0.114048
v -0.941297 0.259359 -0.000000
v -0.894980 0.379205 0.114048
v -0.846816 0.488926 -0.000000
v -0.783209 -0.379205 -0.447861
v -0.782356 -0.488926 -0.324063
v -0.870498 -0.379205 -0.237127
v -0.869645 -0.259359 -0.360219
v -0.907490 -0.193233 -0.306132
v -0.907249 -0.314756 -0.180463
v -0.955563 -0.193233 -0.064453
v -0.955321 -0.066754 -0.190026
v -0.232189 0.947688 -0.046185
v -0.193747 0.973827 -0.029344
v -0.146442 0.966112 -0.029129
v -0.190228 0.973827 -0.047034
v -0.371395 -0.917599 -0.023219
v -0.313542 -0.925615 0.000000
v -0.371395 -0.917599 0.023218
v -0.423397 -0.879102 0.000000
v -0.771029 -0.550869 -0.254368
v -0.723608 -0.642770 -0.143935
v -0.809680 -0.550869 -0.060054
v -0.853445 -0.443371 -0.169761
v -0.604136 0.770125 -0.000000
v -0.685612 0.701624 -0.078623
v -0.761382 0.611865 -0.000000
v -0.685612 0.701624 0.078623
v -0.334239 0.917599 -0.163578
v -0.391168 0.879102 -0.162027
v -0.352010 0.917599 -0.120676
v -0.289675 0.925615 -0.119988
v -0.955563 0.193233 0.064453
v -0.955322 0.066754 0.190025
v -0.907491 0.193233 0.306131
v -0.907249 0.314756 0.180463
v -0.429206 0.701624 -0.540396
v -0.538378 0.611865 -0.538379
v -0.540396 0.701624 -0.429206
v -0.427188 0.770125 -0.427189
v -0.595364 -0.000000 -0.773963
v -0.684664 -0.127102 -0.684664
v -0.773963 -0.000000 -0.595365
v -0.684664 0.127102 -0.684664
v -0.809882 -0.066754 -0.541146
v -0.721260 -0.193233 -0.630110
v -0.769128 -0.314756 -0.513915
v -0.858160 -0.193233 -0.425225
v -0.418442 0.825559 -0.343585
v -0.511138 0.758621 -0.341531
v -0.477561 0.825559 -0.255106
v -0.378720 0.865719 -0.253053
v -0.614995 0.550869 -0.530066
v -0.723515 0.443371 -0.483438
v -0.725065 0.550869 -0.365334
v -0.613445 0.642770 -0.409891
v -0.518074 0.825559 -0.157300
v -0.602928 0.758621 -0.119930
v -0.538834 0.825559 -0.052932
v -0.446731 0.865719 -0.088860
v -0.518074 -0.825559 -0.157300
v -0.446731 -0.865719 -0.088860
v -0.538834 -0.825559 -0.052932
v -0.602928 -0.758621 -0.119930
v -0.334239 -0.917599 -0.163578
v -0.289675 -0.925615 -0.119988
v -0.352010 -0.917599 -0.120676
v -0.391168 -0.879102 -0.162027
v -0.703425 -0.611865 -0.291368
v -0.603335 -0.701624 -0.335011
v -0.558149 -0.770125 -0.231193
v -0.663511 -0.701624 -0.189734
v -0.783209 0.379205 -0.447861
v -0.869645 0.259359 -0.360219
v -0.870498 0.379205 -0.237127
v -0.782356 0.488926 -0.324063
v -0.614995 -0.550869 -0.530066
v -0.613445 -0.642770 -0.409891
v -0.725065 -0.550869 -0.365334
v -0.723515 -0.443371 -0.483438
v -0.721260 0.193233 -0.630110
v -0.809882 0.066754 -0.541146
v -0.858160 0.193233 -0.425225
v -0.769128 0.314756 -0.513915
v -0.907490 0.193233 -0.306132
v -0.955321 0.066754 -0.190026
v -0.955563 0.193233 -0.064453
v -0.907249 0.314756 -0.180463
v -0.193747 -0.973827 -0.029344
v -0.232189 -0.947688 -0.046185
v -0.190228 -0.973827 -0.047034
v -0.146443 -0.966112 -0.029129
v -0.120676 0.917599 -0.352010
v -0.162027 0.879102 -0.391168
v -0.163578 0.917599 -0.334239
v -0.119987 0.925615 -0.289675
v -0.116251 -0.973827 -0.157749
v -0.131524 -0.947688 -0.196840
v -0.101254 -0.973827 -0.167769
v -0.082953 -0.966112 -0.124148
v -0.603335 0.701624 -0.335011
v -0.703425 0.611865 -0.291368
v -0.663511 0.701624 -0.189734
v -0.558149 0.770125 -0.231193
v -0.253862 -0.000000 -0.942885
v -0.370537 -0.127102 -0.894557
v -0.487212 -0.000000 -0.846228
v -0.370537 0.127102 -0.894557
v -0.365334 0.550869 -0.725065
v -0.483437 0.443371 -0.723515
v -0.530066 0.550869 -0.614995
v -0.409891 0.642770 -0.613445
v -0.418442 -0.825559 -0.343585
v -0.378720 -0.865719 -0.253053
v -0.477561 -0.825559 -0.255106
v -0.511138 -0.758621 -0.341531
v -0.189734 0.701624 -0.663511
v -0.291368 0.611865 -0.703425
v -0.335011 0.701624 -0.603335
v -0.231193 0.770125 -0.558149
v -0.255106 -0.825559 -0.477562
v -0.253053 -0.865719 -0.378720
v -0.343584 -0.825559 -0.418442
v -0.341531 -0.758621 -0.511138
v -0.598789 0.488926 -0.598789
v -0.552202 0.379205 -0.713491
v -0.665597 0.259359 -0.665597
v -0.713490 0.379205 -0.552202
v -0.246198 -0.917599 -0.279034
v -0.221708 -0.925615 -0.221708
v -0.279034 -0.917599 -0.246198
v -0.299387 -0.879102 -0.299387
v -0.429206 -0.701624 -0.540396
v -0.427188 -0.770125 -0.427189
v -0.540396 -0.701624 -0.429206
v -0.538378 -0.611865 -0.538379
v -0.167769 -0.973827 -0.101254
v -0.196840 -0.947688 -0.131525
v -0.157749 -0.973827 -0.116251
v -0.124148 -0.966112 -0.082953
v -0.167769 0.973827 -0.101254
v -0.124148 0.966112 -0.082953
v -0.157749 0.973827 -0.116251
v -0.196840 0.947688 -0.131524
v -0.552202 -0.379205 -0.713490
v -0.598789 -0.488926 -0.598790
v -0.713490 -0.379205 -0.552202
v -0.665597 -0.259359 -0.665597
v -0.237127 -0.379205 -0.870498
v -0.324062 -0.488926 -0.782356
v -0.447861 -0.379205 -0.783209
v -0.360218 -0.259359 -0.869645
v -0.162027 -0.879102 -0.391168
v -0.120676 -0.917599 -0.352010
v -0.119987 -0.925615 -0.289675
v -0.163578 -0.917599 -0.334239
v -0.365334 -0.550869 -0.725065
v -0.409891 -0.642770 -0.613445
v -0.530066 -0.550869 -0.614995
v -0.483437 -0.443371 -0.723515
v -0.189734 -0.701624 -0.663511
v -0.231193 -0.770125 -0.558149
v -0.335011 -0.701624 -0.603335
v -0.291368 -0.611865 -0.703425
v -0.255106 0.825559 -0.477562
v -0.341531 0.758621 -0.511138
v -0.343584 0.825559 -0.418442
v -0.253053 0.865719 -0.378720
v -0.425225 0.193233 -0.858160
v -0.541146 0.066754 -0.809883
v -0.630110 0.193233 -0.721260
v -0.513915 0.314756 -0.769128
v -0.116251 0.973827 -0.157749
v -0.082953 0.966112 -0.124148
v -0.101254 0.973827 -0.167769
v -0.131524 0.947688 -0.196840
v -0.324062 0.488926 -0.782356
v -0.237127 0.379205 -0.870498
v -0.360218 0.259359 -0.869645
v -0.447861 0.379205 -0.783209
v -0.052932 -0.825559 -0.538834
v -0.088860 -0.865719 -0.446731
v -0.157300 -0.825559 -0.518074
v -0.119930 -0.758621 -0.602928
v -0.060054 0.550869 -0.809680
v -0.169761 0.443371 -0.853444
v -0.254368 0.550869 -0.771029
v -0.143934 0.642770 -0.723608
v -0.425225 -0.193233 -0.858160
v -0.513915 -0.314756 -0.769128
v -0.630110 -0.193233 -0.721260
v -0.541146 -0.066754 -0.809883
v -0.060054 -0.550869 -0.809681
v -0.143934 -0.642770 -0.723608
v -0.254368 -0.550869 -0.771029
v -0.169761 -0.443371 -0.853445
v -0.064453 0.193233 -0.955564
v -0.190025 0.066754 -0.955321
v -0.306131 0.193233 -0.907490
v -0.180463 0.314756 -0.907249
v -0.047034 -0.973827 -0.190228
v -0.046185 -0.947688 -0.232189
v -0.029344 -0.973827 -0.193747
v -0.029129 -0.966112 -0.146442
v -0.047034 0.973827 -0.190228
v -0.029129 0.966112 -0.146443
v -0.029344 0.973827 -0.193747
v -0.046185 0.947688 -0.232189
v 0.114048 0.379205 -0.894980
v 0.000000 0.259359 -0.941297
v -0.114048 0.379205 -0.894980
v 0.000000 0.488926 -0.846816
v -0.052932 0.825559 -0.538834
v -0.119930 0.758621 -0.602928
v -0.157300 0.825559 -0.518074
v -0.088860 0.865719 -0.446731
v 0.306132 -0.193233 -0.907491
v 0.180463 -0.314756 -0.907249
v 0.064453 -0.193233 -0.955564
v 0.190025 -0.066754 -0.955322
v -0.064453 -0.193233 -0.955564
v -0.180463 -0.314756 -0.907249
v -0.306131 -0.193233 -0.907490
v -0.190025 -0.066754 -0.955321
v 0.335011 -0.701624 -0.603336
v 0.231193 -0.770125 -0.558149
v 0.189734 -0.701624 -0.663511
v 0.291368 -0.611865 -0.703426
v 0.630111 0.193233 -0.721261
v 0.541147 0.066754 -0.809883
v 0.425225 0.193233 -0.858161
v 0.513915 0.314756 -0.769129
v 0.029344 0.973827 -0.193747
v 0.029129 0.966112 -0.146442
v 0.047034 0.973827 -0.190228
v 0.046185 0.947688 -0.232189
v 0.163578 0.917599 -0.334239
v 0.162027 0.879102 -0.391168
v 0.120676 0.917599 -0.352010
v 0.119988 0.925615 -0.289676
v 0.343585 0.825559 -0.418442
v 0.341531 0.758621 -0.511138
v 0.255106 0.825559 -0.477562
v 0.253053 0.865719 -0.378721
v 0.279034 0.917599 -0.246198
v 0.299387 0.879102 -0.299387
v 0.246198 0.917599 -0.279034
v 0.221708 0.925615 -0.221708
v 0.335011 0.701624 -0.603336
v 0.291369 0.611865 -0.703426
v 0.189734 0.701624 -0.663511
v 0.231193 0.770125 -0.558149
v 0.530066 0.550869 -0.614995
v 0.483438 0.443371 -0.723516
v 0.365334 0.550869 -0.725066
v 0.409891 0.642770 -0.613445
v 0.163578 -0.917599 -0.334239
v 0.119988 -0.925615 -0.289676
v 0.120676 -0.917599 -0.352010
v 0.162027 -0.879102 -0.391168
v 0.721260 0.193233 0.630110
v 0.809883 0.066754 0.541147
v 0.858161 0.193233 0.425225
v 0.769129 0.314756 0.513915
v 0.379587 -0.921920 -0.472323
v 0.289055 -0.962081 -0.432601
v 0.291108 -0.921920 -0.531442
v 0.377533 -0.854982 -0.565019
v 0.328356 0.215748 -1.019222
v 0.212250 0.089269 -1.067053
v 0.086678 0.215748 -1.067295
v 0.202688 0.337271 -1.018981
v -0.023219 1.024533 -0.416671
v 0.000000 1.032548 -0.358818
v 0.023218 1.024533 -0.416671
v 0.000000 0.986036 -0.468673
v 0.034015 -1.087456 -0.217232
v 0.050857 -1.061316 -0.255674
v 0.051705 -1.087456 -0.213713
v 0.033801 -1.079740 -0.169928
v 0.000000 -0.127102 -1.084386
v -0.126288 -0.000000 -1.084385
v 0.000000 0.127102 -1.084386
v 0.126288 -0.000000 -1.084386
v 0.393839 1.024533 -0.138002
v 0.432997 0.986036 -0.179353
v 0.376069 1.024533 -0.180904
v 0.331505 1.032549 -0.137314
v 0.114557 -1.087456 -0.187679
v 0.144828 -1.061316 -0.216750
v 0.129554 -1.087456 -0.177659
v 0.096257 -1.079740 -0.144058
v 0.488955 0.423401 -0.882420
v 0.401313 0.303554 -0.968856
v 0.278222 0.423401 -0.969709
v 0.365157 0.533121 -0.881567
v 0.856076 -0.000000 -0.677477
v 0.766777 -0.127102 -0.766776
v 0.677477 -0.000000 -0.856076
v 0.766777 0.127102 -0.766776
v -0.114048 -0.423400 -1.002365
v 0.000000 -0.303554 -1.048682
v 0.114048 -0.423400 -1.002365
v 0.000000 -0.533121 -0.954201
v -0.078623 0.783472 -0.767988
v 0.000000 0.851973 -0.686512
v 0.078623 0.783472 -0.767988
v 0.000000 0.693713 -0.843758
v 0.488955 -0.423401 -0.882420
v 0.365157 -0.533121 -0.881567
v 0.278222 -0.423401 -0.969709
v 0.401313 -0.303554 -0.968856
v -0.078623 -0.783472 -0.767988
v 0.000000 -0.693713 -0.843758
v 0.078623 -0.783472 -0.767988
v 0.000000 -0.851973 -0.686511
v 0.177659 -1.087456 -0.129554
v 0.216750 -1.061316 -0.144828
v 0.187679 -1.087456 -0.114557
v 0.144058 -1.079740 -0.096256
v 0.169942 0.921920 -0.581631
v 0.132572 0.854982 -0.666485
v 0.065575 0.921920 -0.602391
v 0.101503 0.962081 -0.510288
v 0.273242 -0.615098 -0.865914
v 0.162809 -0.706998 -0.818493
v 0.078928 -0.615098 -0.904566
v 0.188635 -0.507600 -0.948330
v 1.050170 -0.000000 -0.298301
v 1.001842 -0.127102 -0.414976
v 0.953513 -0.000000 -0.531651
v 1.001842 0.127102 -0.414976
v 0.604437 -0.089269 -0.904604
v 0.693401 -0.215748 -0.815982
v 0.577206 -0.337271 -0.863850
v 0.488516 -0.215748 -0.952882
v 0.273242 0.615098 -0.865914
v 0.188635 0.507600 -0.948330
v 0.078928 0.615098 -0.904566
v 0.162808 0.706998 -0.818493
v 0.169942 -0.921920 -0.581631
v 0.101502 -0.962081 -0.510288
v 0.065575 -0.921920 -0.602391
v 0.132572 -0.854982 -0.666485
v 0.598644 0.783472 -0.487454
v 0.596627 0.693713 -0.596627
v 0.487454 0.783472 -0.598644
v 0.485437 0.851973 -0.485437
v 0.531652 -0.000000 -0.953513
v 0.414976 -0.127102 -1.001842
v 0.298301 -0.000000 -1.050170
v 0.414976 0.127102 -1.001842
v 0.583814 -0.615098 -0.695435
v 0.463639 -0.706998 -0.693885
v 0.419082 -0.615098 -0.805506
v 0.537186 -0.507600 -0.803956
v 0.674722 0.533121 -0.674722
v 0.789423 0.423401 -0.628135
v 0.741530 0.303554 -0.741530
v 0.628135 0.423401 -0.789423
v 0.531442 -0.921920 -0.291108
v 0.432601 -0.962081 -0.289055
v 0.472323 -0.921920 -0.379586
v 0.565019 -0.854983 -0.377533
v -0.023218 -1.024533 -0.416671
v 0.000000 -0.986036 -0.468672
v 0.023218 -1.024533 -0.416671
v 0.000000 -1.032549 -0.358818
v 0.114557 1.087456 -0.187679
v 0.096256 1.079740 -0.144058
v 0.129554 1.087456 -0.177659
v 0.144828 1.061316 -0.216750
v 0.311049 -1.024533 -0.278213
v 0.253723 -1.032549 -0.253723
v 0.278213 -1.024533 -0.311049
v 0.331402 -0.986036 -0.331402
v 0.598644 -0.783472 -0.487454
v 0.485437 -0.851973 -0.485437
v 0.487454 -0.783472 -0.598644
v 0.596627 -0.693713 -0.596627
v 0.767988 -0.783472 0.078623
v 0.686512 -0.851973 0.000000
v 0.767988 -0.783472 -0.078623
v 0.843758 -0.693713 0.000000
v 0.789423 -0.423401 -0.628135
v 0.674722 -0.533121 -0.674722
v 0.628135 -0.423401 -0.789423
v 0.741530 -0.303554 -0.741530
v 0.805506 0.615098 -0.419082
v 0.803955 0.507600 -0.537186
v 0.695435 0.615098 -0.583814
v 0.693885 0.706998 -0.463639
v 0.969709 -0.423401 -0.278222
v 0.881567 -0.533121 -0.365157
v 0.882420 -0.423401 -0.488955
v 0.968856 -0.303554 -0.401313
v 1.084386 0.000000 0.126288
v 1.084386 -0.127102 0.000000
v 1.084386 -0.000000 -0.126288
v 1.084386 0.127102 -0.000000
v 0.581631 0.921920 0.169942
v 0.666485 0.854982 0.132572
v 0.602391 0.921920 0.065575
v 0.510288 0.962081 0.101503
v 0.432997 -0.986036 -0.179353
v 0.393839 -1.024533 -0.138002
v 0.331505 -1.032549 -0.137314
v 0.376069 -1.024533 -0.180904
v 0.805506 -0.615098 -0.419082
v 0.693885 -0.706998 -0.463639
v 0.695435 -0.615098 -0.583814
v 0.803956 -0.507600 -0.537186
v 0.739616 -0.783472 -0.221258
v 0.634254 -0.851973 -0.262717
v 0.679440 -0.783472 -0.366535
v 0.779531 -0.693713 -0.322892
v 0.531442 0.921920 -0.291108
v 0.565019 0.854982 -0.377533
v 0.472323 0.921920 -0.379586
v 0.432601 0.962081 -0.289055
v 0.952882 0.215748 -0.488516
v 0.904604 0.089269 -0.604437
v 0.815982 0.215748 -0.693401
v 0.863850 0.337271 -0.577206
v 1.019222 0.215748 0.328357
v 1.067053 0.089269 0.212250
v 1.067295 0.215748 0.086678
v 1.018981 0.337271 0.202688
v 0.187679 1.087456 -0.114557
v 0.216750 1.061316 -0.144828
v 0.177659 1.087456 -0.129554
v 0.144058 1.079740 -0.096256
v 0.881567 0.533121 -0.365157
v 0.969709 0.423401 -0.278222
v 0.968856 0.303554 -0.401313
v 0.882420 0.423401 -0.488955
v 0.602391 -0.921920 -0.065575
v 0.510288 -0.962081 -0.101503
v 0.581631 -0.921920 -0.169942
v 0.666485 -0.854982 -0.132572
v 0.904566 0.615098 -0.078928
v 0.948330 0.507600 -0.188635
v 0.865914 0.615098 -0.273242
v 0.818494 0.706998 -0.162808
v 0.952882 -0.215748 -0.488516
v 0.863850 -0.337271 -0.577206
v 0.815982 -0.215748 -0.693401
v 0.904604 -0.089269 -0.604437
v 1.002365 -0.423401 0.114048
v 0.954201 -0.533121 0.000000
v 1.002365 -0.423401 -0.114048
v 1.048682 -0.303554 0.000000
v 0.865914 0.615098 0.273242
v 0.948330 0.507600 0.188635
v 0.904566 0.615098 0.078928
v 0.818493 0.706998 0.162809
v 0.739616 0.783472 -0.221258
v 0.779531 0.693713 -0.322892
v 0.679440 0.783472 -0.366535
v 0.634254 0.851973 -0.262717
v 0.767988 0.783472 0.078623
v 0.843758 0.693713 -0.000000
v 0.767988 0.783472 -0.078623
v 0.686512 0.851973 -0.000000
v 0.904566 -0.615098 -0.078928
v 0.818493 -0.706998 -0.162808
v 0.865914 -0.615098 -0.273242
v 0.948330 -0.507600 -0.188635
v 0.468673 -0.986036 0.000000
v 0.416671 -1.024533 0.023219
v 0.358818 -1.032549 0.000000
v 0.416671 -1.024533 -0.023219
v 1.067295 0.215748 -0.086678
v 1.067053 0.089269 -0.212250
v 1.019222 0.215748 -0.328356
v 1.018980 0.337271 -0.202688
v 0.213714 -1.087456 -0.051705
v 0.255674 -1.061316 -0.050857
v 0.217232 -1.087456 -0.034015
v 0.169928 -1.079740 -0.033801
v 0.217232 1.087456 -0.034015
v 0.255674 1.061316 -0.050857
v 0.213714 1.087456 -0.051705
v 0.169928 1.079740 -0.033801
v 0.510288 0.962081 -0.101503
v 0.602391 0.921920 -0.065575
v 0.666485 0.854982 -0.132572
v 0.581631 0.921920 -0.169942
v 0.679440 0.783472 0.366535
v 0.779531 0.693713 0.322892
v 0.739616 0.783472 0.221258
v 0.634254 0.851973 0.262717
v 0.581631 -0.921920 0.169942
v 0.510288 -0.962081 0.101503
v 0.602391 -0.921920 0.065575
v 0.666485 -0.854982 0.132572
v 1.019222 -0.215748 0.328357
v 1.018981 -0.337271 0.202688
v 1.067295 -0.215748 0.086678
v 1.067053 -0.089269 0.212250
v 1.067295 -0.215748 -0.086678
v 1.018981 -0.337271 -0.202688
v 1.019222 -0.215748 -0.328356
v 1.067053 -0.089269 -0.212250
v 0.416671 1.024533 0.023218
v 0.468673 0.986036 -0.000000
v 0.416671 1.024533 -0.023219
v 0.358818 1.032549 -0.000000
v 0.695435 0.615098 0.583814
v 0.803955 0.507600 0.537186
v 0.805505 0.615098 0.419082
v 0.693885 0.706998 0.463639
v 0.488516 0.215748 0.952882
v 0.604437 0.089269 0.904604
v 0.693401 0.215748 0.815982
v 0.577206 0.337271 0.863850
v 0.487454 0.783472 0.598644
v 0.596627 0.693713 0.596627
v 0.598644 0.783472 0.487454
v 0.485437 0.851973 0.485437
v 0.882420 -0.423401 0.488955
v 0.881567 -0.533121 0.365157
v 0.969709 -0.423401 0.278222
v 0.968856 -0.303554 0.401313
v 0.278213 1.024533 0.311049
v 0.331402 0.986036 0.331402
v 0.311049 1.024533 0.278213
v 0.253723 1.032549 0.253723
v 0.217232 -1.087456 0.034016
v 0.255674 -1.061316 0.050857
v 0.213713 -1.087455 0.051705
v 0.169928 -1.079740 0.033801
v 1.002365 0.423400 0.114048
v 1.048682 0.303554 -0.000000
v 1.002365 0.423400 -0.114048
v 0.954201 0.533121 -0.000000
v 0.948330 -0.507600 0.188635
v 0.865914 -0.615098 0.273242
v 0.818493 -0.706998 0.162809
v 0.904566 -0.615098 0.078928
v 0.882420 0.423401 0.488955
v 0.968856 0.303554 0.401313
v 0.969709 0.423401 0.278222
v 0.881567 0.533121 0.365157
v 0.187679 -1.087456 0.114557
v 0.216750 -1.061316 0.144828
v 0.177659 -1.087456 0.129554
v 0.144058 -1.079740 0.096256
v 0.472323 -0.921920 0.379587
v 0.432601 -0.962081 0.289055
v 0.531442 -0.921920 0.291108
v 0.565018 -0.854982 0.377533
v 0.086677 0.215748 1.067295
v 0.212250 0.089269 1.067053
v 0.328356 0.215748 1.019222
v 0.202688 0.337271 1.018980
v 0.628135 0.423401 0.789423
v 0.741530 0.303554 0.741530
v 0.789423 0.423401 0.628135
v 0.674722 0.533121 0.674722
v 0.217232 1.087456 0.034015
v 0.169927 1.079740 0.033801
v 0.213713 1.087456 0.051705
v 0.255674 1.061316 0.050857
v 0.376068 1.024533 0.180904
v 0.432997 0.986036 0.179353
v 0.393839 1.024533 0.138002
v 0.331505 1.032549 0.137314
v 0.679440 -0.783472 0.366535
v 0.634254 -0.851973 0.262717
v 0.739616 -0.783472 0.221258
v 0.779531 -0.693713 0.322892
v 1.001842 0.127102 0.414977
v 0.953513 0.000000 0.531652
v 1.001842 -0.127102 0.414977
v 1.050170 0.000000 0.298301
v 0.487454 -0.783472 0.598644
v 0.485437 -0.851973 0.485437
v 0.598644 -0.783472 0.487454
v 0.596627 -0.693713 0.596627
v 0.628135 -0.423401 0.789423
v 0.674722 -0.533121 0.674722
v 0.789423 -0.423401 0.628135
v 0.741530 -0.303554 0.741530
v 0.463639 0.706998 0.693885
v 0.419082 0.615098 0.805505
v 0.537186 0.507600 0.803955
v 0.583814 0.615098 0.695435
v 0.472323 0.921920 0.379587
v 0.565018 0.854982 0.377533
v 0.531442 0.921920 0.291108
v 0.432601 0.962081 0.289055
v 0.138002 1.024533 0.393839
v 0.179353 0.986036 0.432997
v 0.180904 1.024533 0.376069
v 0.137314 1.032549 0.331505
v 0.376068 -1.024533 0.180904
v 0.331505 -1.032549 0.137314
v 0.393839 -1.024533 0.138002
v 0.432997 -0.986036 0.179353
v 0.815982 -0.215748 0.693401
v 0.863850 -0.337271 0.577206
v 0.952882 -0.215748 0.488516
v 0.904604 -0.089269 0.604437
v 0.278213 -1.024533 0.311049
v 0.253723 -1.032549 0.253723
v 0.311049 -1.024533 0.278213
v 0.331402 -0.986036 0.331402
v 0.138002 -1.024533 0.393839
v 0.137314 -1.032549 0.331505
v 0.180904 -1.024533 0.376068
v 0.179353 -0.986036 0.432997
v 0.291108 -0.921920 0.531442
v 0.289055 -0.962081 0.432601
v 0.379586 -0.921920 0.472323
v 0.377533 -0.854982 0.565018
v 0.078928 -0.615098 0.904566
v 0.162808 -0.706998 0.818493
v 0.273242 -0.615098 0.865914
v 0.188635 -0.507600 0.948330
v 0.187679 1.087456 0.114557
v 0.144058 1.079740 0.096256
v 0.177659 1.087456 0.129554
v 0.216750 1.061316 0.144828
v 0.766776 0.127102 0.766776
v 0.677477 0.000000 0.856076
v 0.766776 -0.127102 0.766776
v 0.856075 0.000000 0.677477
v 0.162808 0.706998 0.818493
v 0.078928 0.615098 0.904566
v 0.188635 0.507600 0.948330
v 0.273242 0.615098 0.865914
v 0.129554 -1.087456 0.177659
v 0.144828 -1.061316 0.216750
v 0.114557 -1.087456 0.187679
v 0.096256 -1.079740 0.144057
v 0.278221 0.423400 0.969709
v 0.401313 0.303554 0.968856
v 0.488955 0.423400 0.882420
v 0.365157 0.533121 0.881567
v 0.695435 -0.615098 0.583814
v 0.693885 -0.706998 0.463639
v 0.805505 -0.615098 0.419082
v 0.803955 -0.507600 0.537186
v 0.221258 -0.783472 0.739616
v 0.262717 -0.851973 0.634254
v 0.366534 -0.783472 0.679440
v 0.322892 -0.693713 0.779531
v 0.278221 -0.423400 0.969709
v 0.365157 -0.533121 0.881567
v 0.488955 -0.423400 0.882420
v 0.401313 -0.303554 0.968856
v 0.291108 0.921920 0.531442
v 0.377533 0.854982 0.565018
v 0.379586 0.921920 0.472323
v 0.289055 0.962081 0.432601
v -0.114048 0.423400 1.002365
v 0.000000 0.303554 1.048682
v 0.114048 0.423400 1.002365
v 0.000000 0.533121 0.954201
v 0.488516 -0.215748 0.952882
v 0.577206 -0.337271 0.863850
v 0.693401 -0.215748 0.815982
v 0.604437 -0.089269 0.904604
v 0.221258 0.783472 0.739616
v 0.322892 0.693713 0.779531
v 0.366534 0.783472 0.679440
v 0.262716 0.851973 0.634254
v 0.086677 -0.215748 1.067295
v 0.202688 -0.337271 1.018980
v 0.328356 -0.215748 1.019222
v 0.212250 -0.089269 1.067053
v 0.129554 1.087456 0.177659
v 0.096256 1.079740 0.144058
v 0.114557 1.087456 0.187679
v 0.144828 1.061316 0.216750
v 0.051705 -1.087456 0.213713
v 0.050857 -1.061316 0.255674
v 0.034015 -1.087456 0.217232
v 0.033801 -1.079740 0.169927
v 0.419082 -0.615098 0.805505
v 0.463639 -0.706998 0.693885
v 0.583814 -0.615098 0.695435
v 0.537186 -0.507600 0.803955
v -0.328356 0.215748 1.019222
v -0.212250 0.089269 1.067053
v -0.086678 0.215748 1.067295
v -0.202688 0.337271 1.018980
v -0.114048 -0.423400 1.002365
v 0.000000 -0.533121 0.954201
v 0.114048 -0.423400 1.002365
v 0.000000 -0.303554 1.048682
v 0.000000 1.032549 0.358818
v -0.023219 1.024533 0.416671
v 0.000000 0.986036 0.468673
v 0.023218 1.024533 0.416671
v 0.065574 0.921920 0.602391
v 0.132572 0.854982 0.666485
v 0.169942 0.921920 0.581631
v 0.101502 0.962081 0.510288
v 0.132572 -0.854982 0.666485
v 0.065574 -0.921920 0.602391
v 0.101502 -0.962081 0.510288
v 0.169942 -0.921920 0.581631
v -0.023219 -1.024533 0.416671
v 0.000000 -1.032549 0.358818
v 0.023218 -1.024533 0.416671
v 0.000000 -0.986036 0.468673
v -0.078623 -0.783472 0.767988
v 0.000000 -0.851973 0.686511
v 0.078623 -0.783472 0.767988
v 0.000000 -0.693713 0.843758
v -0.078623 0.783472 0.767988
v 0.000000 0.693713 0.843758
v 0.078623 0.783472 0.767988
v 0.000000 0.851973 0.686511
v 0.298301 0.000000 1.050170
v 0.414976 -0.127102 1.001842
v 0.531651 0.000000 0.953513
v 0.414976 0.127102 1.001842
v -0.328356 -0.215748 1.019222
v -0.202688 -0.337271 1.018980
v -0.086678 -0.215748 1.067295
v -0.212250 -0.089269 1.067053
v 0.051705 1.087456 0.213713
v 0.033801 1.079740 0.169928
v 0.034015 1.087456 0.217232
v 0.050857 1.061316 0.255674
v -0.034015 -1.087456 0.217232
v -0.050857 -1.061316 0.255674
v -0.051705 -1.087456 0.213713
v -0.033801 -1.079740 0.169928
v -0.401313 -0.303554 0.968856
v -0.488955 -0.423401 0.882420
v -0.365157 -0.533121 0.881567
v -0.278222 -0.423401 0.969709
v -0.273242 -0.615098 0.865914
v -0.162808 -0.706998 0.818493
v -0.078928 -0.615098 0.904566
v -0.188635 -0.507600 0.948330
v -0.583814 0.615098 0.695435
v -0.537186 0.507600 0.803955
v -0.419082 0.615098 0.805505
v -0.463639 0.706998 0.693885
v -0.180904 -1.024533 0.376068
v -0.137314 -1.032549 0.331505
v -0.138002 -1.024533 0.393839
v -0.179353 -0.986036 0.432997
v -0.169942 0.921920 0.581631
v -0.132572 0.854982 0.666485
v -0.065575 0.921920 0.602391
v -0.101503 0.962081 0.510288
v -0.132572 -0.854982 0.666485
v -0.169942 -0.921920 0.581631
v -0.101503 -0.962081 0.510288
v -0.065575 -0.921920 0.602391
v -0.366535 0.783472 0.679440
v -0.322892 0.693713 0.779530
v -0.221258 0.783472 0.739616
v -0.262717 0.851973 0.634254
v -0.366535 -0.783472 0.679440
v -0.262717 -0.851973 0.634254
v -0.221258 -0.783472 0.739616
v -0.322892 -0.693713 0.779530
v -0.531652 0.000000 0.953513
v -0.414977 -0.127102 1.001841
v -0.298301 0.000000 1.050170
v -0.414977 0.127102 1.001841
v -0.126289 0.000000 1.084385
v 0.000000 -0.127102 1.084385
v 0.126288 0.000000 1.084385
v 0.000000 0.127102 1.084385
v -0.180904 1.024533 0.376068
v -0.179353 0.986036 0.432997
v -0.138002 1.024533 0.393839
v -0.137314 1.032549 0.331505
v -0.598644 0.783472 0.487454
v -0.596627 0.693713 0.596627
v -0.487454 0.783472 0.598644
v -0.485437 0.851973 0.485437
v -0.393839 1.024533 0.138002
v -0.432997 0.986036 0.179353
v -0.376068 1.024533 0.180904
v -0.331505 1.032549 0.137314
v -0.034015 1.087456 0.217232
v -0.033801 1.079740 0.169927
v -0.051705 1.087456 0.213713
v -0.050857 1.061316 0.255674
v -0.096257 -1.079740 0.144058
v -0.114557 -1.087456 0.187679
v -0.144828 -1.061316 0.216750
v -0.129554 -1.087456 0.177659
v -0.114557 1.087456 0.187679
v -0.096256 1.079740 0.144058
v -0.129554 1.087456 0.177659
v -0.144828 1.061316 0.216750
v -0.693401 -0.215748 0.815982
v -0.577206 -0.337271 0.863850
v -0.488516 -0.215748 0.952882
v -0.604437 -0.089269 0.904604
v -0.488955 0.423400 0.882420
v -0.401313 0.303554 0.968856
v -0.278222 0.423400 0.969709
v -0.365157 0.533121 0.881567
v -0.273242 0.615098 0.865914
v -0.188635 0.507600 0.948330
v -0.078928 0.615098 0.904566
v -0.162809 0.706998 0.818493
v -0.577206 0.337271 0.863850
v -0.693401 0.215748 0.815982
v -0.604437 0.089269 0.904604
v -0.488516 0.215748 0.952882
v -0.805505 0.615098 0.419082
v -0.803955 0.507600 0.537186
v -0.695435 0.615098 0.583814
v -0.693885 0.706998 0.463639
v -0.379586 0.921920 0.472323
v -0.377533 0.854982 0.565018
v -0.291108 0.921920 0.531442
v -0.289055 0.962081 0.432601
v -0.598644 -0.783472 0.487454
v -0.485437 -0.851973 0.485437
v -0.487454 -0.783472 0.598644
v -0.596627 -0.693713 0.596627
v -0.602391 -0.921920 0.065574
v -0.510288 -0.962081 0.101502
v -0.581631 -0.921920 0.169942
v -0.666485 -0.854982 0.132572
v -0.311049 1.024533 0.278213
v -0.331402 0.986036 0.331402
v -0.278213 1.024533 0.311049
v -0.253723 1.032549 0.253723
v -0.583814 -0.615098 0.695435
v -0.463639 -0.706998 0.693885
v -0.419082 -0.615098 0.805505
v -0.537186 -0.507600 0.803955
v -0.805505 -0.615098 0.419082
v -0.693885 -0.706998 0.463639
v -0.695435 -0.615098 0.583814
v -0.803955 -0.507600 0.537186
v -0.602391 0.921920 0.065574
v -0.666485 0.854983 0.132572
v -0.581631 0.921920 0.169942
v -0.510288 0.962081 0.101502
v -0.952882 -0.215748 0.488515
v -0.863850 -0.337271 0.577206
v -0.815982 -0.215748 0.693401
v -0.904604 -0.089269 0.604437
v -0.634254 0.851973 0.262716
v -0.739616 0.783472 0.221258
v -0.779530 0.693713 0.322892
v -0.679440 0.783472 0.366534
v -0.311049 -1.024533 0.278213
v -0.253723 -1.032549 0.253723
v -0.278213 -1.024533 0.311049
v -0.331402 -0.986036 0.331401
v -0.789423 0.423400 0.628135
v -0.741530 0.303554 0.741530
v -0.628135 0.423400 0.789423
v -0.674722 0.533121 0.674722
v -0.531442 -0.921920 0.291108
v -0.432601 -0.962081 0.289055
v -0.472323 -0.921920 0.379586
v -0.565018 -0.854983 0.377533
v -0.379586 -0.921920 0.472323
v -0.289055 -0.962081 0.432601
v -0.291108 -0.921920 0.531442
v -0.377533 -0.854983 0.565018
v -0.856076 0.000000 0.677477
v -0.766776 -0.127102 0.766776
v -0.677477 0.000000 0.856075
v -0.766776 0.127102 0.766776
v -0.904566 0.615098 0.078928
v -0.948330 0.507600 0.188634
v -0.865914 0.615098 0.273242
v -0.818493 0.706998 0.162808
v -0.531442 0.921920 0.291108
v -0.565018 0.854982 0.377533
v -0.472323 0.921920 0.379586
v -0.432601 0.962081 0.289055
v -0.739616 -0.783472 0.221258
v -0.634254 -0.851973 0.262716
v -0.679440 -0.783472 0.366534
v -0.779530 -0.693713 0.322892
v -1.084385 -0.000000 -0.126289
v -1.084385 -0.127102 0.000000
v -1.084385 0.000000 0.126288
v -1.084385 0.127102 -0.000000
v -0.863850 0.337271 0.577206
v -0.952882 0.215748 0.488515
v -0.904604 0.089269 0.604437
v -0.815982 0.215748 0.693401
v -0.216750 -1.061316 0.144828
v -0.187679 -1.087456 0.114557
v -0.144058 -1.079740 0.096256
v -0.177659 -1.087456 0.129554
v -0.177659 1.087456 0.129554
v -0.144058 1.079740 0.096256
v -0.187679 1.087456 0.114557
v -0.216750 1.061316 0.144827
v -0.789423 -0.423400 0.628134
v -0.674722 -0.533121 0.674722
v -0.628135 -0.423400 0.789423
v -0.741530 -0.303554 0.741530
v -0.904566 -0.615098 0.078928
v -0.818493 -0.706998 0.162808
v -0.865914 -0.615098 0.273242
v -0.948330 -0.507600 0.188634
v -1.067295 -0.215748 0.086677
v -1.018980 -0.337271 0.202688
v -1.019222 -0.215748 0.328356
v -1.067053 -0.089269 0.212250
v -0.843758 -0.693713 0.000000
v -0.767988 -0.783471 -0.078623
v -0.686511 -0.851973 0.000000
v -0.767988 -0.783472 0.078623
v -0.969709 0.423400 0.278221
v -0.968856 0.303554 0.401313
v -0.882420 0.423400 0.488955
v -0.881567 0.533121 0.365157
v -0.393839 -1.024533 0.138002
v -0.331505 -1.032549 0.137314
v -0.376068 -1.024533 0.180904
v -0.432997 -0.986036 0.179353
v -1.050170 0.000000 0.298301
v -1.001842 -0.127102 0.414976
v -0.953513 0.000000 0.531651
v -1.001841 0.127102 0.414976
v -0.416671 1.024533 -0.023219
v -0.468673 0.986036 -0.000000
v -0.416671 1.024533 0.023218
v -0.358818 1.032549 -0.000000
v -0.213713 1.087456 0.051705
v -0.169927 1.079740 0.033801
v -0.217232 1.087456 0.034015
v -0.255674 1.061316 0.050857
v -0.213713 -1.087456 0.051705
v -0.255674 -1.061316 0.050857
v -0.217232 -1.087456 0.034015
v -0.169927 -1.079740 0.033801
v -0.953512 -0.000000 -0.531652
v -1.001841 -0.127102 -0.414977
v -1.050169 -0.000000 -0.298301
v -1.001841 0.127102 -0.414977
v -0.865914 0.615098 -0.273242
v -0.948330 0.507600 -0.188635
v -0.904566 0.615098 -0.078928
v -0.818493 0.706998 -0.162809
v -1.002365 -0.423400 -0.114048
v -0.954201 -0.533121 0.000000
v -1.002365 -0.423400 0.114048
v -1.048682 -0.303554 0.000000
v -0.278213 1.024533 -0.311049
v -0.331401 0.986036 -0.331402
v -0.311049 1.024533 -0.278213
v -0.253723 1.032548 -0.253723
v -0.969709 -0.423401 0.278221
v -0.881567 -0.533121 0.365157
v -0.882420 -0.423401 0.488955
v -0.968856 -0.303554 0.401313
v -1.002365 0.423401 -0.114048
v -1.048682 0.303554 -0.000000
v -1.002365 0.423401 0.114048
v -0.954201 0.533121 -0.000000
v -0.882420 -0.423400 -0.488955
v -0.881567 -0.533121 -0.365157
v -0.969709 -0.423400 -0.278222
v -0.968855 -0.303554 -0.401313
v -1.019222 -0.215748 -0.328357
v -1.018980 -0.337271 -0.202688
v -1.067295 -0.215748 -0.086678
v -1.067053 -0.089269 -0.212250
v -0.255674 1.061316 -0.050857
v -0.217232 1.087456 -0.034015
v -0.169928 1.079740 -0.033801
v -0.213713 1.087456 -0.051705
v -0.416671 -1.024533 -0.023219
v -0.358818 -1.032549 0.000000
v -0.416671 -1.024533 0.023218
v -0.468673 -0.986036 0.000000
v -0.865914 -0.615098 -0.273242
v -0.818493 -0.706998 -0.162809
v -0.904566 -0.615098 -0.078928
v -0.948330 -0.507600 -0.188635
v -0.686511 0.851973 -0.000000
v -0.767988 0.783471 -0.078623
v -0.843758 0.693713 -0.000000
v -0.767988 0.783472 0.078623
v -0.376068 1.024533 -0.180904
v -0.432997 0.986036 -0.179353
v -0.393839 1.024533 -0.138002
v -0.331505 1.032549 -0.137314
v -1.067295 0.215748 0.086677
v -1.067053 0.089269 0.212250
v -1.019222 0.215748 0.328356
v -1.018980 0.337271 0.202688
v -0.487454 0.783472 -0.598644
v -0.596627 0.693713 -0.596627
v -0.598644 0.783472 -0.487454
v -0.485437 0.851973 -0.485437
v -0.677476 -0.000000 -0.856075
v -0.766776 -0.127102 -0.766776
v -0.856075 -0.000000 -0.677477
v -0.766776 0.127102 -0.766776
v -0.904603 -0.089269 -0.604437
v -0.815981 -0.215748 -0.693401
v -0.863850 -0.337271 -0.577206
v -0.952881 -0.215748 -0.488516
v -0.472323 0.921920 -0.379586
v -0.565018 0.854982 -0.377533
v -0.531442 0.921920 -0.291108
v -0.432601 0.962081 -0.289055
v -0.695435 0.615098 -0.583814
v -0.803955 0.507600 -0.537186
v -0.805505 0.615098 -0.419082
v -0.693885 0.706998 -0.463639
v -0.581631 0.921920 -0.169942
v -0.666485 0.854982 -0.132572
v -0.602391 0.921920 -0.065575
v -0.510288 0.962081 -0.101503
v -0.581631 -0.921920 -0.169942
v -0.510288 -0.962081 -0.101503
v -0.602391 -0.921920 -0.065575
v -0.666485 -0.854982 -0.132572
v -0.376068 -1.024533 -0.180904
v -0.331505 -1.032549 -0.137314
v -0.393839 -1.024533 -0.138002
v -0.432997 -0.986036 -0.179353
v -0.779530 -0.693713 -0.322892
v -0.679440 -0.783472 -0.366535
v -0.634254 -0.851973 -0.262717
v -0.739616 -0.783471 -0.221258
v -0.882420 0.423400 -0.488955
v -0.968855 0.303554 -0.401313
v -0.969709 0.423400 -0.278222
v -0.881567 0.533121 -0.365157
v -0.695435 -0.615098 -0.583814
v -0.693885 -0.706998 -0.463639
v -0.805505 -0.615098 -0.419082
v -0.803955 -0.507600 -0.537186
v -0.815981 0.215748 -0.693401
v -0.904603 0.089269 -0.604437
v -0.952881 0.215748 -0.488516
v -0.863850 0.337271 -0.577206
v -1.019222 0.215748 -0.328357
v -1.067053 0.089269 -0.212250
v -1.067295 0.215748 -0.086678
v -1.018980 0.337271 -0.202688
v -0.217232 -1.087456 -0.034015
v -0.255674 -1.061316 -0.050857
v -0.213713 -1.087456 -0.051705
v -0.169928 -1.079740 -0.033801
v -0.138002 1.024533 -0.393839
v -0.179353 0.986036 -0.432997
v -0.180904 1.024533 -0.376068
v -0.137314 1.032549 -0.331505
v -0.129554 -1.087456 -0.177659
v -0.144828 -1.061316 -0.216750
v -0.114557 -1.087456 -0.187679
v -0.096256 -1.079740 -0.144057
v -0.679440 0.783472 -0.366534
v -0.779530 0.693713 -0.322892
v -0.739616 0.783471 -0.221258
v -0.634254 0.851973 -0.262717
v -0.298301 -0.000000 -1.050169
v -0.414976 -0.127102 -1.001841
v -0.531651 -0.000000 -0.953513
v -0.414976 0.127102 -1.001841
v -0.419082 0.615098 -0.805505
v -0.537186 0.507600 -0.803955
v -0.583814 0.615098 -0.695435
v -0.463639 0.706998 -0.693885
v -0.472323 -0.921920 -0.379586
v -0.432601 -0.962081 -0.289055
v -0.531442 -0.921920 -0.291108
v -0.565018 -0.854982 -0.377533
v -0.221258 0.783472 -0.739616
v -0.322892 0.693713 -0.779530
v -0.366534 0.783472 -0.679440
v -0.262716 0.851973 -0.634254
v -0.291108 -0.921920 -0.531442
v -0.289055 -0.962081 -0.432601
v -0.379586 -0.921920 -0.472323
v -0.377533 -0.854982 -0.565018
v -0.674722 0.533121 -0.674722
v -0.628134 0.423401 -0.789423
v -0.741530 0.303554 -0.741530
v -0.789423 0.423401 -0.628135
v -0.278213 -1.024533 -0.311049
v -0.253723 -1.032549 -0.253723
v -0.311049 -1.024533 -0.278213
v -0.331401 -0.986036 -0.331401
v -0.487454 -0.783472 -0.598644
v -0.485437 -0.851973 -0.485437
v -0.598644 -0.783472 -0.487454
v -0.596627 -0.693713 -0.596627
v -0.187679 -1.087456 -0.114557
v -0.216750 -1.061316 -0.144828
v -0.177659 -1.087456 -0.129554
v -0.144058 -1.079740 -0.096256
v -0.187679 1.087456 -0.114557
v -0.144057 1.079740 -0.096256
v -0.177659 1.087456 -0.129554
v -0.216750 1.061316 -0.144828
v -0.628134 -0.423400 -0.789423
v -0.674722 -0.533121 -0.674722
v -0.789423 -0.423401 -0.628135
v -0.741530 -0.303554 -0.741530
v -0.278221 -0.423400 -0.969709
v -0.365157 -0.533121 -0.881567
v -0.488955 -0.423400 -0.882420
v -0.401313 -0.303554 -0.968856
v -0.179353 -0.986036 -0.432997
v -0.138002 -1.024533 -0.393839
v -0.137314 -1.032549 -0.331505
v -0.180904 -1.024533 -0.376068
v -0.419082 -0.615098 -0.805505
v -0.463639 -0.706998 -0.693885
v -0.583814 -0.615098 -0.695435
v -0.537186 -0.507600 -0.803955
v -0.221258 -0.783472 -0.739616
v -0.262716 -0.851973 -0.634254
v -0.366534 -0.783472 -0.679440
v -0.322892 -0.693713 -0.779530
v -0.291108 0.921920 -0.531442
v -0.377533 0.854982 -0.565018
v -0.379586 0.921920 -0.472323
v -0.289055 0.962081 -0.432601
v -0.488515 0.215748 -0.952882
v -0.604436 0.089269 -0.904604
v -0.693401 0.215748 -0.815982
v -0.577206 0.337271 -0.863850
v -0.129554 1.087456 -0.177659
v -0.096256 1.079740 -0.144057
v -0.114557 1.087456 -0.187679
v -0.144828 1.061316 -0.216750
v -0.365157 0.533121 -0.881567
v -0.278221 0.423400 -0.969709
v -0.401313 0.303554 -0.968856
v -0.488955 0.423400 -0.882420
v -0.065574 -0.921920 -0.602391
v -0.101502 -0.962081 -0.510288
v -0.169942 -0.921920 -0.581631
v -0.132572 -0.854982 -0.666484
v -0.078928 0.615098 -0.904566
v -0.188634 0.507600 -0.948330
v -0.273242 0.615098 -0.865914
v -0.162808 0.706998 -0.818493
v -0.488515 -0.215748 -0.952882
v -0.577206 -0.337271 -0.863850
v -0.693401 -0.215748 -0.815982
v -0.604436 -0.089269 -0.904604
v -0.078928 -0.615098 -0.904566
v -0.162808 -0.706998 -0.818493
v -0.273242 -0.615098 -0.865914
v -0.188635 -0.507600 -0.948330
v -0.086678 0.215748 -1.067295
v -0.212250 0.089269 -1.067053
v -0.328356 0.215748 -1.019222
v -0.202688 0.337271 -1.018980
v -0.051705 -1.087456 -0.213713
v -0.050857 -1.061316 -0.255674
v -0.034015 -1.087456 -0.217232
v -0.033801 -1.079740 -0.169928
v -0.051705 1.087456 -0.213713
v -0.033801 1.079740 -0.169928
v -0.034015 1.087456 -0.217232
v -0.050857 1.061316 -0.255674
v 0.114048 0.423401 -1.002365
v 0.000000 0.303554 -1.048682
v -0.114048 0.423401 -1.002365
v 0.000000 0.533121 -0.954201
v -0.065575 0.921920 -0.602391
v -0.132572 0.854982 -0.666485
v -0.169942 0.921920 -0.581631
v -0.101503 0.962081 -0.510288
v 0.328356 -0.215748 -1.019222
v 0.202688 -0.337271 -1.018981
v 0.086678 -0.215748 -1.067295
v 0.212250 -0.089269 -1.067053
v -0.086678 -0.215748 -1.067295
v -0.202688 -0.337271 -1.018980
v -0.328356 -0.215748 -1.019222
v -0.212250 -0.089269 -1.067053
v 0.366535 -0.783472 -0.679440
v 0.262717 -0.851973 -0.634254
v 0.221258 -0.783472 -0.739616
v 0.322892 -0.693713 -0.779531
v 0.693401 0.215748 -0.815982
v 0.604437 0.089269 -0.904604
v 0.488516 0.215748 -0.952882
v 0.577206 0.337271 -0.863850
v 0.034015 1.087455 -0.217232
v 0.033801 1.079740 -0.169927
v 0.051705 1.087456 -0.213713
v 0.050857 1.061316 -0.255675
v 0.180904 1.024533 -0.376069
v 0.179353 0.986036 -0.432997
v 0.138002 1.024533 -0.393839
v 0.137314 1.032549 -0.331505
v 0.379587 0.921920 -0.472323
v 0.377533 0.854982 -0.565019
v 0.291108 0.921920 -0.531442
v 0.289055 0.962081 -0.432601
v 0.311049 1.024533 -0.278213
v 0.331402 0.986036 -0.331402
v 0.278213 1.024533 -0.311049
v 0.253723 1.032549 -0.253723
v 0.366535 0.783472 -0.679440
v 0.322892 0.693713 -0.779531
v 0.221258 0.783472 -0.739616
v 0.262717 0.851973 -0.634254
v 0.583814 0.615098 -0.695435
v 0.537186 0.507600 -0.803956
v 0.419082 0.615098 -0.805506
v 0.463639 0.706998 -0.693885
v 0.180904 -1.024533 -0.376069
v 0.137314 -1.032549 -0.331505
v 0.138002 -1.024533 -0.393839
v 0.179353 -0.986036 -0.432997
v 0.815982 0.215748 0.693401
v 0.904604 0.089269 0.604437
v 0.952882 0.215748 0.488516
v 0.863850 0.337271 0.577206
vn 0.4048 -0.9144 -0.0000
vn 0.6064 -0.6221 -0.4952
vn 0.4228 -0.4449 -0.7895
vn -0.2043 -0.9789 -0.0000
vn -0.8364 -0.4248 0.3464
vn -0.6712 -0.0000 0.7413
vn -0.2213 -0.0000 0.9752
vn -0.5331 -0.8167 0.2208
vn 0.9061 -0.4231 -0.0000
vn 0.6064 -0.6221 0.4952
vn 0.4228 -0.4449 0.7895
vn 0.9769 0.2135 -0.0000
vn -0.8364 0.4248 0.3464
vn -0.9988 -0.0000 -0.0496
vn -0.8461 -0.0000 -0.5331
vn -0.5331 0.8167 0.2208
vn 0.5442 0.2010 0.8145
vn 0.7926 0.4994 0.3498
vn 0.9378 0.3447 -0.0404
vn 0.5130 -0.3839 0.7678
vn -0.8502 0.1789 -0.4951
vn -0.4474 0.5929 -0.6695
vn -0.2259 0.9136 -0.3381
vn -0.9926 0.1199 -0.0189
vn 0.0198 0.4994 0.8662
vn -0.3962 0.3447 0.8510
vn -0.5404 -0.2319 -0.8088
vn -0.4011 -0.6920 -0.6003
vn 0.3026 0.8387 0.4528
vn 0.0050 1.0000 0.0074
vn -0.1320 0.1789 -0.9750
vn 0.3624 0.1199 -0.9243
vn -0.3680 -0.7492 0.5507
vn -0.8013 -0.4124 -0.4333
vn -0.6734 -0.6848 -0.2787
vn -0.5386 -0.2455 0.8060
vn 0.7070 -0.4124 0.5745
vn 0.5152 -0.6848 0.5155
vn 0.1653 -0.9547 -0.2474
vn 0.4391 -0.6127 -0.6571
vn 0.0787 -0.6221 -0.7790
vn 0.6407 -0.4231 -0.6407
vn 0.6908 0.2135 -0.6908
vn -0.2593 -0.4449 -0.8572
vn -0.0524 -0.7521 0.6570
vn -0.5430 -0.8090 0.2249
vn -0.9187 -0.1058 0.3805
vn 0.0501 -0.6244 0.7795
vn 0.2862 -0.9144 -0.2862
vn -0.1444 -0.9789 0.1444
vn -0.1390 -0.9886 0.0576
vn 0.5731 -0.7844 -0.2374
vn 0.7790 -0.6221 -0.0787
vn 0.8572 -0.4449 0.2593
vn -0.5016 -0.7521 -0.4275
vn -0.5158 -0.6244 -0.5866
vn 0.8976 -0.3485 0.2699
vn 0.7070 0.0207 0.7070
vn 0.5926 0.5456 0.5926
vn 0.9523 -0.2359 -0.1936
vn -0.7003 0.7088 -0.0851
vn -0.1509 0.9624 -0.2259
vn 0.2310 0.9095 0.3457
vn -0.8316 0.5371 0.1412
vn 0.4820 -0.7317 0.4820
vn 0.1522 -0.9766 0.1522
vn -0.4305 0.6322 -0.6442
vn -0.5551 -0.0423 -0.8307
vn 0.2699 -0.3485 0.8976
vn -0.1936 -0.2359 0.9523
vn 0.1894 0.7088 -0.6796
vn 0.4487 0.5371 -0.7143
vn -0.9062 0.4124 -0.0936
vn -0.1292 0.7492 0.6496
vn -0.1891 0.2455 0.9508
vn -0.7288 0.6848 0.0002
vn 0.0580 0.9547 -0.2918
vn 0.1542 0.6127 -0.7751
vn 0.8730 0.4124 0.2603
vn 0.6732 0.6848 0.2791
vn -0.2030 -0.7521 -0.6270
vn 0.4156 -0.8090 -0.4156
vn 0.7031 -0.1058 -0.7031
vn -0.3446 -0.6244 -0.7010
vn -0.5928 0.3485 0.7260
vn -0.6298 0.7317 0.2608
vn -0.1988 0.9766 0.0823
vn -0.1856 0.2359 0.9539
vn 0.1064 -0.9886 -0.1064
vn -0.4386 -0.7844 0.4386
vn -0.9237 -0.0207 0.3826
vn -0.7743 -0.5456 0.3207
vn 0.6270 -0.7521 0.2030
vn 0.7010 -0.6244 0.3446
vn -0.9326 0.3485 -0.0942
vn -0.8057 0.2359 -0.5433
vn 0.7790 -0.6221 0.0786
vn 0.6407 -0.4231 0.6407
vn 0.6908 0.2135 0.6908
vn 0.8572 -0.4449 -0.2593
vn -0.6896 -0.6221 -0.3708
vn -0.3468 -0.4231 -0.8371
vn -0.3739 0.2135 -0.9026
vn -0.8912 -0.4449 -0.0885
vn 0.2862 -0.9144 0.2862
vn -0.1444 -0.9789 -0.1444
vn -0.1549 -0.9144 -0.3740
vn 0.0782 -0.9789 0.1887
vn 0.0786 -0.6221 0.7790
vn -0.2593 -0.4449 0.8572
vn 0.2254 -0.6221 -0.7498
vn 0.5676 -0.4449 -0.6927
vn -0.0524 0.7521 0.6570
vn -0.1390 0.9886 0.0576
vn 0.5731 0.7844 -0.2374
vn 0.0501 0.6244 0.7795
vn -0.5430 0.8090 0.2249
vn -0.9187 0.1058 0.3805
vn -0.5016 0.7521 -0.4275
vn -0.5158 0.6244 -0.5866
vn 0.8013 0.4124 0.4333
vn 0.3680 0.7492 -0.5507
vn 0.5386 0.2455 -0.8060
vn 0.6734 0.6848 0.2787
vn -0.4048 -0.9144 -0.0000
vn -0.6064 -0.6221 0.4952
vn -0.4228 -0.4449 0.7895
vn 0.2043 -0.9789 -0.0000
vn -0.1653 0.9547 0.2474
vn -0.4391 0.6127 0.6571
vn -0.6064 -0.6221 -0.4952
vn -0.4228 -0.4449 -0.7895
vn -0.7070 0.4124 -0.5745
vn -0.5152 0.6848 -0.5155
vn -0.9061 -0.4231 -0.0000
vn -0.9769 0.2135 -0.0000
vn 0.8364 -0.4248 0.3464
vn 0.9988 -0.0000 -0.0496
vn 0.8461 -0.0000 -0.5331
vn 0.5331 -0.8167 0.2208
vn -0.7926 -0.4994 -0.3498
vn -0.5442 -0.2010 -0.8145
vn -0.5130 0.3839 -0.7678
vn -0.9378 -0.3447 0.0404
vn 0.6712 -0.0000 0.7413
vn 0.2213 -0.0000 0.9752
vn -0.3026 -0.8387 -0.4528
vn -0.0050 -1.0000 -0.0074
vn 0.8364 0.4248 0.3464
vn 0.5331 0.8167 0.2208
vn -0.0198 -0.4994 -0.8662
vn 0.3962 -0.3447 -0.8510
vn -0.0786 0.6221 0.7790
vn -0.2862 0.9144 0.2862
vn 0.1444 0.9789 -0.1444
vn 0.2593 0.4449 0.8572
vn -0.6407 0.4231 0.6407
vn -0.6908 -0.2135 0.6908
vn -0.7790 0.6221 0.0786
vn -0.8572 0.4449 -0.2593
vn 0.5869 -0.7521 -0.2998
vn -0.0000 -0.9886 -0.1504
vn -0.0000 -0.7844 0.6203
vn 0.7393 -0.6244 -0.2521
vn -0.7828 -0.1789 0.5961
vn -0.9540 0.2319 0.1898
vn -0.7081 0.6920 0.1408
vn -0.3973 -0.1199 0.9098
vn -0.0000 -0.8090 -0.5878
vn -0.0000 -0.1058 -0.9944
vn -0.7898 -0.5929 0.1571
vn -0.3988 -0.9136 0.0793
vn -0.5869 -0.7521 -0.2998
vn -0.7393 -0.6244 -0.2521
vn -0.9513 -0.1789 -0.2511
vn -0.7153 -0.1199 -0.6885
vn 0.7498 -0.6221 -0.2254
vn 0.8371 -0.4231 0.3468
vn 0.9026 0.2135 0.3739
vn 0.6927 -0.4449 -0.5676
vn -0.0576 -0.9886 -0.1390
vn -0.6570 -0.7521 -0.0524
vn -0.7795 -0.6244 0.0501
vn 0.2374 -0.7844 0.5731
vn 0.3740 -0.9144 0.1549
vn -0.1887 -0.9789 -0.0782
vn 0.4275 -0.7521 -0.5016
vn 0.5866 -0.6244 -0.5158
vn 0.3708 -0.6221 0.6896
vn 0.0885 -0.4449 0.8912
vn -0.2249 -0.8090 -0.5430
vn -0.3805 -0.1058 -0.9187
vn 0.4275 0.7521 0.5016
vn -0.0576 0.9886 0.1390
vn 0.2374 0.7844 -0.5731
vn 0.5866 0.6244 0.5158
vn -0.2249 0.8090 0.5430
vn -0.3805 0.1058 0.9187
vn -0.6570 0.7521 0.0524
vn -0.7795 0.6244 -0.0501
vn 0.0851 -0.7088 -0.7003
vn 0.6442 -0.6322 -0.4305
vn 0.8307 0.0423 -0.5551
vn -0.1412 -0.5371 -0.8316
vn -0.6265 -0.4994 0.5985
vn -0.9608 -0.2010 0.1911
vn -0.9056 0.3839 0.1801
vn -0.3216 -0.3447 0.8819
vn 0.2259 -0.9624 -0.1509
vn -0.3457 -0.9095 0.2310
vn -0.5341 -0.8387 0.1062
vn -0.0088 -1.0000 0.0017
vn 0.6796 -0.7088 0.1894
vn 0.7143 -0.5371 0.4487
vn -0.8078 -0.4994 -0.3132
vn -0.6346 -0.3447 -0.6917
vn 0.5016 0.7521 -0.4275
vn 0.1390 0.9886 0.0576
vn -0.5731 0.7844 -0.2374
vn 0.5158 0.6244 -0.5866
vn -0.7260 -0.3485 -0.5928
vn -0.3826 0.0207 -0.9237
vn -0.3207 0.5456 -0.7743
vn -0.9539 -0.2359 -0.1856
vn 0.5430 0.8090 0.2249
vn 0.9187 0.1058 0.3805
vn -0.2608 -0.7317 -0.6298
vn -0.0823 -0.9766 -0.1988
vn 0.0524 0.7521 0.6570
vn -0.0501 0.6244 0.7795
vn 0.0942 -0.3485 -0.9326
vn 0.5433 -0.2359 -0.8057
vn 0.4280 -0.0000 0.9038
vn -0.0000 0.4248 0.9053
vn -0.0000 0.8167 0.5770
vn 0.8163 -0.0000 0.5777
vn -0.0000 -0.4248 0.9053
vn -0.0000 -0.8167 0.5770
vn -0.4280 -0.0000 0.9038
vn -0.8163 -0.0000 0.5777
vn 0.7070 -0.0207 -0.7070
vn 0.2699 0.3485 -0.8976
vn -0.1936 0.2359 -0.9523
vn 0.5926 -0.5456 -0.5926
vn -0.2699 -0.3485 0.8976
vn -0.7070 0.0207 0.7070
vn -0.5926 0.5456 0.5926
vn 0.1936 -0.2359 0.9523
vn 0.8976 0.3485 -0.2699
vn 0.9523 0.2359 0.1936
vn -0.4820 -0.7317 0.4820
vn -0.1522 -0.9766 0.1522
vn 0.4820 0.7317 -0.4820
vn 0.1522 0.9766 -0.1522
vn -0.8976 -0.3485 0.2699
vn -0.9523 -0.2359 -0.1936
vn -0.0936 0.4124 0.9062
vn 0.6496 0.7492 0.1292
vn 0.9508 0.2455 0.1891
vn 0.0002 0.6848 0.7288
vn -0.8976 -0.3485 -0.2699
vn -0.7070 0.0207 -0.7070
vn -0.5926 0.5456 -0.5926
vn -0.9523 -0.2359 0.1936
vn -0.2918 0.9547 -0.0580
vn -0.7751 0.6127 -0.1542
vn -0.4820 -0.7317 -0.4820
vn -0.1522 -0.9766 -0.1522
vn 0.2603 0.4124 -0.8730
vn 0.2791 0.6848 -0.6732
vn -0.2699 -0.3485 -0.8976
vn 0.1936 -0.2359 -0.9523
vn 0.0496 -0.0000 0.9988
vn -0.3464 0.4248 0.8364
vn -0.2208 0.8167 0.5331
vn 0.5331 -0.0000 0.8461
vn -0.3464 -0.4248 0.8364
vn -0.2208 -0.8167 0.5331
vn -0.7413 -0.0000 0.6712
vn -0.9752 -0.0000 0.2213
vn 0.0198 -0.4994 -0.8662
vn 0.5442 -0.2010 -0.8145
vn 0.5130 0.3839 -0.7678
vn -0.3962 -0.3447 -0.8510
vn -0.5745 0.4124 -0.7070
vn -0.5507 0.7492 0.3680
vn -0.8060 0.2455 0.5386
vn -0.5155 0.6848 -0.5152
vn 0.3026 -0.8387 -0.4528
vn 0.0050 -1.0000 -0.0074
vn 0.2474 0.9547 -0.1653
vn 0.6571 0.6127 -0.4391
vn 0.7926 -0.4994 -0.3498
vn 0.9378 -0.3447 0.0404
vn 0.4333 0.4124 0.8013
vn 0.2787 0.6848 0.6734
vn 0.8976 0.3485 0.2699
vn 0.4820 0.7317 0.4820
vn 0.1522 0.9766 0.1522
vn 0.9523 0.2359 -0.1936
vn 0.4333 0.4124 -0.8013
vn -0.5507 0.7492 -0.3680
vn -0.8060 0.2455 -0.5386
vn 0.2787 0.6848 -0.6734
vn 0.7070 -0.0207 0.7070
vn 0.5926 -0.5456 0.5926
vn 0.2474 0.9547 0.1653
vn 0.6571 0.6127 0.4391
vn 0.2699 0.3485 0.8976
vn -0.1936 0.2359 0.9523
vn -0.5745 0.4124 0.7070
vn -0.5155 0.6848 0.5152
vn 0.2254 -0.6221 0.7498
vn -0.3467 -0.4231 0.8371
vn -0.3739 0.2135 0.9026
vn 0.5676 -0.4449 0.6927
vn -0.1549 -0.9144 0.3740
vn 0.0782 -0.9789 -0.1887
vn -0.6896 -0.6221 0.3708
vn -0.8912 -0.4449 0.0885
vn -0.0496 -0.0000 -0.9988
vn 0.3464 0.4248 -0.8364
vn 0.2208 0.8167 -0.5331
vn -0.5331 -0.0000 -0.8461
vn 0.2474 -0.9547 -0.1653
vn 0.4333 -0.4124 0.8013
vn 0.2787 -0.6848 0.6734
vn 0.6571 -0.6127 -0.4391
vn 0.3464 -0.4248 -0.8364
vn 0.2208 -0.8167 -0.5331
vn -0.5745 -0.4124 -0.7070
vn -0.5155 -0.6848 -0.5152
vn 0.7413 -0.0000 -0.6712
vn 0.9752 -0.0000 -0.2213
vn -0.5507 -0.7492 0.3680
vn -0.8060 -0.2455 0.5386
vn 0.5961 0.1789 0.7828
vn 0.1571 0.5929 0.7898
vn 0.0793 0.9136 0.3988
vn 0.9098 0.1199 0.3973
vn 0.4333 -0.4124 -0.8013
vn 0.2474 -0.9547 0.1653
vn 0.6571 -0.6127 0.4391
vn 0.2787 -0.6848 -0.6734
vn 0.1898 -0.2319 0.9540
vn 0.1408 -0.6920 0.7081
vn -0.5507 -0.7492 -0.3680
vn -0.8060 -0.2455 -0.5386
vn -0.2511 0.1789 0.9513
vn -0.6885 0.1199 0.7153
vn -0.5745 -0.4124 0.7070
vn -0.5155 -0.6848 0.5152
vn 0.2254 0.6221 0.7498
vn -0.1549 0.9144 0.3740
vn 0.0782 0.9789 -0.1887
vn 0.5676 0.4449 0.6927
vn -0.3467 0.4231 0.8371
vn -0.3739 -0.2135 0.9026
vn -0.6896 0.6221 0.3708
vn -0.8912 0.4449 0.0885
vn 0.0787 0.6221 -0.7790
vn 0.2862 0.9144 -0.2862
vn -0.1444 0.9789 0.1444
vn -0.2593 0.4449 -0.8572
vn -0.8088 -0.2319 0.5404
vn -0.4951 0.1789 0.8502
vn -0.0189 0.1199 0.9926
vn -0.6003 -0.6920 0.4011
vn 0.6407 0.4231 -0.6407
vn 0.6908 -0.2135 -0.6908
vn -0.9750 0.1789 0.1320
vn -0.9243 0.1199 -0.3624
vn 0.7790 0.6221 -0.0787
vn 0.8572 0.4449 0.2593
vn -0.6695 0.5929 0.4474
vn -0.3381 0.9136 0.2259
vn 0.6796 -0.7088 -0.1894
vn 0.6442 -0.6322 0.4305
vn 0.8307 0.0423 0.5551
vn 0.7143 -0.5371 -0.4487
vn -0.7790 -0.6221 -0.0787
vn -0.6407 -0.4231 -0.6407
vn -0.6908 0.2135 -0.6908
vn -0.8572 -0.4449 0.2593
vn 0.2259 -0.9624 0.1509
vn -0.3457 -0.9095 -0.2310
vn -0.2862 -0.9144 -0.2862
vn 0.1444 -0.9789 0.1444
vn 0.0851 -0.7088 0.7003
vn -0.1412 -0.5371 0.8316
vn -0.0787 -0.6221 -0.7790
vn 0.2593 -0.4449 -0.8572
vn -0.0530 -0.9624 0.2665
vn 0.4350 -0.7088 0.5554
vn 0.6879 -0.5371 0.4882
vn 0.0811 -0.9095 -0.4078
vn -0.6144 -0.7088 0.3466
vn -0.8224 -0.5371 0.1878
vn -0.1512 -0.6322 0.7599
vn -0.1949 0.0423 0.9799
vn -0.4350 -0.7088 -0.5554
vn 0.1512 -0.6322 -0.7599
vn 0.1949 0.0423 -0.9799
vn -0.6879 -0.5371 -0.4882
vn -0.9038 -0.0000 0.4280
vn -0.9053 0.4248 -0.0000
vn -0.5770 0.8167 -0.0000
vn -0.5777 -0.0000 0.8163
vn 0.0530 -0.9624 -0.2665
vn -0.0811 -0.9095 0.4078
vn -0.9053 -0.4248 -0.0000
vn -0.5770 -0.8167 -0.0000
vn 0.6144 -0.7088 -0.3466
vn 0.8224 -0.5371 -0.1878
vn -0.9038 -0.0000 -0.4280
vn -0.5777 -0.0000 -0.8163
vn -0.4333 -0.4124 0.8013
vn -0.2474 -0.9547 -0.1653
vn -0.6571 -0.6127 -0.4391
vn -0.2787 -0.6848 0.6734
vn -0.6271 -0.7521 0.2030
vn -0.4156 -0.8090 -0.4156
vn -0.7031 -0.1058 -0.7031
vn -0.7010 -0.6244 0.3445
vn 0.5507 -0.7492 0.3680
vn 0.8060 -0.2455 0.5386
vn -0.1064 -0.9886 -0.1064
vn 0.4386 -0.7844 0.4386
vn 0.5745 -0.4124 -0.7070
vn 0.5155 -0.6848 -0.5152
vn 0.2030 -0.7521 -0.6270
vn 0.3445 -0.6244 -0.7010
vn 0.4350 0.7088 0.5554
vn -0.0530 0.9624 0.2665
vn 0.0811 0.9095 -0.4078
vn 0.6879 0.5371 0.4882
vn -0.1512 0.6322 0.7599
vn -0.1949 -0.0423 0.9799
vn -0.6144 0.7088 0.3466
vn -0.8224 0.5371 0.1878
vn -0.3131 0.4994 -0.8078
vn 0.1062 0.8387 -0.5341
vn 0.0017 1.0000 -0.0088
vn -0.6917 0.3447 -0.6346
vn -0.3708 -0.6221 0.6896
vn -0.8371 -0.4231 0.3468
vn -0.9026 0.2135 0.3739
vn -0.0885 -0.4449 0.8912
vn 0.1911 0.2010 -0.9608
vn 0.1801 -0.3839 -0.9056
vn -0.3740 -0.9144 0.1549
vn 0.1887 -0.9789 -0.0782
vn 0.5985 0.4994 -0.6265
vn 0.8819 0.3447 -0.3216
vn -0.7498 -0.6221 -0.2254
vn -0.6927 -0.4449 -0.5676
vn 0.9326 0.3485 -0.0942
vn 0.6297 0.7317 0.2609
vn 0.1988 0.9766 0.0823
vn 0.8057 0.2359 -0.5433
vn -0.7070 -0.0207 -0.7070
vn -0.8976 0.3485 -0.2699
vn -0.9523 0.2359 0.1936
vn -0.5926 -0.5456 -0.5926
vn 0.9237 -0.0207 0.3826
vn 0.7743 -0.5456 0.3207
vn -0.2699 0.3485 -0.8976
vn 0.1936 0.2359 -0.9523
vn 0.5928 0.3485 0.7260
vn 0.1856 0.2359 0.9539
vn -0.4820 0.7317 -0.4820
vn -0.1522 0.9766 -0.1522
vn 0.4275 -0.7521 0.5016
vn -0.2249 -0.8090 0.5430
vn -0.3805 -0.1058 0.9187
vn 0.5866 -0.6244 0.5158
vn -0.0576 -0.9886 0.1390
vn 0.2374 -0.7844 -0.5731
vn -0.6570 -0.7521 0.0524
vn -0.7795 -0.6244 -0.0501
vn 0.4474 -0.5929 -0.6695
vn 0.1320 -0.1789 -0.9750
vn -0.3624 -0.1199 -0.9243
vn 0.2259 -0.9136 -0.3381
vn -0.0851 0.7088 0.7003
vn -0.2259 0.9624 0.1509
vn 0.3457 0.9095 -0.2310
vn 0.1412 0.5371 0.8316
vn 0.3959 -0.8286 -0.3959
vn 0.2119 -0.9244 -0.3171
vn 0.1509 -0.9624 -0.2259
vn 0.7003 -0.7088 -0.0851
vn 0.2142 -0.8286 -0.5172
vn -0.1894 -0.7088 -0.6796
vn 0.3966 -0.7003 -0.5935
vn 0.4305 -0.6322 -0.6442
vn 0.3757 0.1904 -0.9070
vn 0.1951 -0.0000 -0.9808
vn 0.1898 -0.2319 -0.9540
vn 0.5961 0.1789 -0.7828
vn -0.0000 0.1904 -0.9817
vn -0.2511 0.1789 -0.9513
vn 0.1809 0.3748 -0.9093
vn 0.1571 0.5929 -0.7898
vn -0.0744 0.9244 -0.3740
vn -0.0000 0.9917 -0.1288
vn -0.0000 0.9886 -0.1504
vn -0.5869 0.7521 -0.2998
vn 0.0744 0.9244 -0.3740
vn 0.5869 0.7521 -0.2998
vn -0.0000 0.8286 -0.5598
vn -0.0000 0.8090 -0.5878
vn 0.0493 -0.9917 -0.1190
vn -0.0000 -1.0000 -0.0000
vn 0.1292 -0.7492 -0.6496
vn -0.8730 -0.4124 -0.2603
vn -0.0000 -0.9917 -0.1288
vn 0.9062 -0.4124 0.0936
vn 0.0744 -0.9244 -0.3740
vn -0.0580 -0.9547 0.2918
vn -0.0000 -0.1904 -0.9817
vn -0.1951 -0.0000 -0.9808
vn -0.4280 -0.0000 -0.9038
vn -0.0000 -0.4248 -0.9053
vn -0.0000 0.4248 -0.9053
vn 0.4280 -0.0000 -0.9038
vn 0.3740 0.9244 -0.0744
vn 0.5172 0.8286 -0.2142
vn 0.5430 0.8090 -0.2249
vn 0.5016 0.7521 0.4275
vn 0.3171 0.9244 -0.2119
vn 0.0524 0.7521 -0.6570
vn 0.1190 0.9917 -0.0493
vn 0.1390 0.9886 -0.0576
vn 0.0911 -0.9917 -0.0911
vn 0.3680 -0.7492 -0.5507
vn -0.7070 -0.4124 -0.5745
vn 0.8013 -0.4124 0.4333
vn -0.1653 -0.9547 0.2474
vn 0.5151 0.3748 -0.7709
vn 0.3826 -0.0207 -0.9237
vn 0.7260 0.3485 -0.5928
vn -0.0942 0.3485 -0.9326
vn 0.3204 0.5469 -0.7735
vn 0.2609 0.7317 -0.6297
vn 0.8315 -0.0000 -0.5556
vn 0.6942 -0.1904 -0.6942
vn 0.6401 -0.4248 -0.6401
vn 0.9417 -0.0000 -0.3364
vn 0.5556 -0.0000 -0.8315
vn 0.3364 -0.0000 -0.9417
vn 0.6942 0.1904 -0.6942
vn 0.6401 0.4248 -0.6401
vn -0.1809 -0.3748 -0.9093
vn -0.0000 0.0207 -0.9998
vn -0.4439 -0.3485 -0.8255
vn 0.1809 -0.3748 -0.9093
vn 0.4439 -0.3485 -0.8255
vn -0.0000 -0.5469 -0.8372
vn -0.0000 -0.7317 -0.6816
vn -0.1393 0.7003 -0.7001
vn -0.0000 0.9144 -0.4048
vn -0.4952 0.6221 -0.6064
vn 0.1393 0.7003 -0.7001
vn 0.4952 0.6221 -0.6064
vn -0.0000 0.5469 -0.8372
vn -0.0000 0.4231 -0.9061
vn 0.5151 -0.3748 -0.7709
vn 0.3204 -0.5469 -0.7735
vn 0.2609 -0.7317 -0.6297
vn 0.7260 -0.3485 -0.5928
vn -0.0942 -0.3485 -0.9326
vn 0.3757 -0.1904 -0.9070
vn 0.3826 0.0207 -0.9237
vn -0.1393 -0.7003 -0.7001
vn -0.0000 -0.4231 -0.9061
vn -0.4952 -0.6221 -0.6064
vn 0.1393 -0.7003 -0.7001
vn 0.4952 -0.6221 -0.6064
vn -0.0000 -0.8286 -0.5598
vn -0.0000 -0.9144 -0.4048
vn 0.1190 -0.9917 -0.0493
vn 0.5507 -0.7492 -0.3680
vn -0.4333 -0.4124 -0.8013
vn 0.5745 -0.4124 0.7070
vn 0.3171 -0.9244 -0.2119
vn -0.2474 -0.9547 0.1653
vn 0.2142 0.8286 -0.5172
vn 0.1512 0.6322 -0.7599
vn 0.6144 0.7088 -0.3466
vn -0.4350 0.7088 -0.5554
vn 0.0530 0.9624 -0.2665
vn 0.1062 -0.8387 -0.5341
vn 0.5985 -0.4994 -0.6265
vn -0.3131 -0.4994 -0.8078
vn 0.1911 -0.2010 -0.9608
vn 0.9808 -0.0000 -0.1951
vn 0.9070 -0.1904 -0.3757
vn 0.8364 -0.4248 -0.3464
vn 0.9988 -0.0000 0.0496
vn 0.6712 -0.0000 -0.7413
vn 0.9070 0.1904 -0.3757
vn 0.8364 0.4248 -0.3464
vn 0.8502 -0.1789 -0.4951
vn 0.5404 0.2319 -0.8088
vn 0.5935 0.7003 -0.3966
vn 0.5920 0.5469 -0.5920
vn 0.3966 0.7003 -0.5935
vn 0.3959 0.8286 -0.3959
vn 0.5920 -0.5469 -0.5920
vn 0.7709 0.3748 -0.5151
vn 0.5172 -0.8286 -0.2142
vn 0.5935 -0.7003 -0.3966
vn -0.0744 -0.9244 -0.3740
vn 0.0911 0.9917 -0.0911
vn 0.2119 0.9244 -0.3171
vn 0.0493 0.9917 -0.1190
vn -0.0000 1.0000 -0.0000
vn 0.7001 -0.7003 0.1393
vn 0.5598 -0.8286 -0.0000
vn 0.7001 -0.7003 -0.1393
vn 0.8372 -0.5469 -0.0000
vn 0.7709 -0.3748 -0.5151
vn 0.4820 -0.7317 -0.4820
vn 0.8976 -0.3485 -0.2699
vn 0.2699 -0.3485 -0.8976
vn 0.7070 0.0207 -0.7070
vn 0.7735 0.5469 -0.3204
vn 0.8145 0.2010 -0.5442
vn 0.8662 0.4994 -0.0198
vn 0.3498 0.4994 -0.7926
vn 0.4528 0.8387 -0.3026
vn 0.9093 -0.3748 -0.1809
vn 0.7735 -0.5469 -0.3204
vn 0.6297 -0.7317 -0.2608
vn 0.9326 -0.3485 0.0942
vn 0.5928 -0.3485 -0.7260
vn 0.9237 0.0207 -0.3826
vn 0.9808 -0.0000 0.1951
vn 0.9817 -0.1904 -0.0000
vn 0.9053 -0.4248 -0.0000
vn 0.9038 -0.0000 0.4280
vn 0.9038 -0.0000 -0.4280
vn 0.9817 0.1904 -0.0000
vn 0.9053 0.4248 -0.0000
vn 0.5172 0.8286 0.2142
vn 0.7001 0.7003 0.1393
vn 0.7599 0.6322 0.1512
vn 0.3466 0.7088 0.6144
vn 0.5598 0.8286 -0.0000
vn 0.5554 0.7088 -0.4350
vn 0.3740 0.9244 0.0744
vn 0.2665 0.9624 0.0530
vn 0.3740 -0.9244 -0.0744
vn 0.5016 -0.7521 0.4275
vn 0.5430 -0.8090 -0.2249
vn 0.1390 -0.9886 -0.0576
vn 0.0524 -0.7521 -0.6570
vn 0.4528 -0.8387 -0.3026
vn 0.8662 -0.4994 -0.0198
vn 0.3498 -0.4994 -0.7926
vn 0.8145 -0.2010 -0.5442
vn 0.3740 -0.9144 -0.1549
vn 0.7498 -0.6221 0.2254
vn 0.3708 -0.6221 -0.6896
vn 0.8371 -0.4231 -0.3467
vn 0.6442 0.6322 -0.4305
vn 0.6796 0.7088 0.1894
vn 0.0851 0.7088 -0.7003
vn 0.2259 0.9624 -0.1509
vn 0.8088 -0.2319 -0.5404
vn 0.9750 0.1789 -0.1320
vn 0.4951 0.1789 -0.8502
vn 0.6695 0.5929 -0.4474
vn 0.9070 0.1904 0.3757
vn 0.9540 -0.2319 0.1898
vn 0.7828 0.1789 0.5961
vn 0.9513 0.1789 -0.2511
vn 0.9093 0.3748 0.1809
vn 0.7898 0.5929 0.1571
vn 0.5507 0.7492 -0.3680
vn 0.5745 0.4124 0.7070
vn -0.4333 0.4124 -0.8013
vn -0.2474 0.9547 0.1653
vn 0.9093 0.3748 -0.1809
vn 0.9326 0.3485 0.0942
vn 0.6297 0.7317 -0.2609
vn 0.9237 -0.0207 -0.3826
vn 0.5928 0.3485 -0.7260
vn 0.2665 -0.9624 -0.0530
vn 0.5554 -0.7088 0.4350
vn 0.3466 -0.7088 -0.6144
vn 0.7599 -0.6322 -0.1512
vn 0.8372 0.5469 -0.0000
vn 0.9608 0.2010 -0.1911
vn 0.8078 0.4994 0.3131
vn 0.6265 0.4994 -0.5985
vn 0.7001 0.7003 -0.1393
vn 0.5341 0.8387 -0.1062
vn 0.6695 -0.5929 -0.4474
vn 0.9750 -0.1789 -0.1320
vn 0.4951 -0.1789 -0.8502
vn 0.8088 0.2319 -0.5404
vn 0.9093 -0.3748 0.1809
vn 0.6816 -0.7317 -0.0000
vn 0.8255 -0.3485 0.4439
vn 0.8255 -0.3485 -0.4439
vn 0.9998 0.0207 -0.0000
vn 0.7735 0.5469 0.3204
vn 0.9608 0.2010 0.1911
vn 0.6265 0.4994 0.5985
vn 0.8078 0.4994 -0.3131
vn 0.5341 0.8387 0.1062
vn 0.8371 0.4231 -0.3467
vn 0.7498 0.6221 0.2254
vn 0.3708 0.6221 -0.6896
vn 0.3740 0.9144 -0.1549
vn 0.9061 0.4231 -0.0000
vn 0.6064 0.6221 0.4952
vn 0.6064 0.6221 -0.4952
vn 0.4048 0.9144 -0.0000
vn 0.5341 -0.8387 -0.1062
vn 0.8078 -0.4994 0.3131
vn 0.6265 -0.4994 -0.5985
vn 0.9608 -0.2010 -0.1911
vn 0.3740 -0.9244 0.0744
vn 0.2998 -0.7521 0.5869
vn 0.5878 -0.8090 -0.0000
vn 0.1288 -0.9917 -0.0000
vn 0.1504 -0.9886 -0.0000
vn 0.2998 -0.7521 -0.5869
vn 0.9540 -0.2319 -0.1898
vn 0.9513 0.1789 0.2511
vn 0.7828 0.1789 -0.5961
vn 0.7898 0.5929 -0.1571
vn 0.6496 -0.7492 -0.1292
vn -0.0936 -0.4124 -0.9062
vn 0.2603 -0.4124 0.8730
vn -0.2918 -0.9547 0.0580
vn 0.6496 0.7492 -0.1292
vn 0.2603 0.4124 0.8730
vn 0.1288 0.9917 -0.0000
vn -0.0936 0.4124 -0.9062
vn -0.2918 0.9547 0.0580
vn 0.5554 0.7088 0.4350
vn 0.2665 0.9624 -0.0530
vn 0.7599 0.6322 -0.1512
vn 0.3466 0.7088 -0.6144
vn 0.5935 0.7003 0.3966
vn 0.8371 0.4231 0.3467
vn 0.3708 0.6221 0.6896
vn 0.7498 0.6221 -0.2254
vn 0.3740 0.9144 0.1549
vn 0.5172 -0.8286 0.2142
vn 0.2665 -0.9624 0.0530
vn 0.3466 -0.7088 0.6144
vn 0.5554 -0.7088 -0.4350
vn 0.7599 -0.6322 0.1512
vn 0.9070 -0.1904 0.3757
vn 0.7898 -0.5929 0.1571
vn 0.7828 -0.1789 0.5961
vn 0.9513 -0.1789 -0.2511
vn 0.9540 0.2319 0.1898
vn 0.7898 -0.5929 -0.1571
vn 0.9513 -0.1789 0.2511
vn 0.7828 -0.1789 -0.5961
vn 0.9540 0.2319 -0.1898
vn 0.5878 0.8090 -0.0000
vn 0.2998 0.7521 0.5869
vn 0.2998 0.7521 -0.5869
vn 0.1504 0.9886 -0.0000
vn 0.5920 0.5469 0.5920
vn 0.7709 0.3748 0.5151
vn 0.8145 0.2010 0.5442
vn 0.3498 0.4994 0.7926
vn 0.8662 0.4994 0.0198
vn 0.4528 0.8387 0.3026
vn 0.3757 0.1904 0.9070
vn 0.5556 -0.0000 0.8315
vn 0.5404 -0.2319 0.8088
vn 0.1320 0.1789 0.9750
vn 0.6942 0.1904 0.6942
vn 0.8502 0.1789 0.4951
vn 0.5151 0.3748 0.7709
vn 0.4474 0.5929 0.6695
vn 0.3966 0.7003 0.5935
vn 0.6407 0.4231 0.6407
vn 0.0786 0.6221 0.7790
vn 0.7790 0.6221 0.0787
vn 0.3959 0.8286 0.3959
vn 0.2862 0.9144 0.2862
vn 0.7709 -0.3748 0.5151
vn 0.7735 -0.5469 0.3204
vn 0.6297 -0.7317 0.2609
vn 0.5928 -0.3485 0.7260
vn 0.9326 -0.3485 -0.0942
vn 0.9237 0.0207 0.3826
vn 0.2119 0.9244 0.3171
vn 0.4156 0.8090 0.4156
vn -0.2030 0.7521 0.6270
vn 0.3171 0.9244 0.2119
vn 0.6270 0.7521 -0.2030
vn 0.0911 0.9917 0.0911
vn 0.1064 0.9886 0.1064
vn 0.1190 -0.9917 0.0493
vn 0.6496 -0.7492 0.1292
vn 0.2603 -0.4124 -0.8730
vn -0.0936 -0.4124 0.9062
vn -0.2918 -0.9547 -0.0580
vn 0.9998 -0.0207 -0.0000
vn 0.8255 0.3485 0.4439
vn 0.8255 0.3485 -0.4439
vn 0.6816 0.7317 -0.0000
vn 0.6265 -0.4994 0.5985
vn 0.9608 -0.2010 0.1911
vn 0.5341 -0.8387 0.1062
vn 0.8078 -0.4994 -0.3131
vn 0.0911 -0.9917 0.0911
vn 0.3171 -0.9244 0.2119
vn 0.3959 -0.8286 0.3959
vn 0.5935 -0.7003 0.3966
vn -0.0000 0.1904 0.9817
vn 0.1951 -0.0000 0.9808
vn 0.1809 0.3748 0.9093
vn 0.1190 0.9917 0.0493
vn 0.8315 -0.0000 0.5556
vn 0.3966 -0.7003 0.5935
vn 0.5920 -0.5469 0.5920
vn 0.5151 -0.3748 0.7709
vn 0.6942 -0.1904 0.6942
vn 0.3204 0.5469 0.7735
vn 0.6442 0.6322 0.4305
vn 0.0851 0.7088 0.7003
vn 0.6796 0.7088 -0.1894
vn 0.2259 0.9624 0.1509
vn 0.0744 0.9244 0.3740
vn 0.2142 0.8286 0.5172
vn 0.2249 0.8090 0.5430
vn -0.4275 0.7521 0.5016
vn 0.6570 0.7521 0.0524
vn 0.0493 0.9917 0.1190
vn 0.0576 0.9886 0.1390
vn 0.1390 -0.9886 0.0576
vn 0.0524 -0.7521 0.6570
vn 0.5016 -0.7521 -0.4275
vn 0.5430 -0.8090 0.2249
vn 0.6695 -0.5929 0.4474
vn 0.4951 -0.1789 0.8502
vn 0.9750 -0.1789 0.1320
vn 0.8088 0.2319 0.5404
vn 0.2119 -0.9244 0.3171
vn 0.1064 -0.9886 0.1064
vn -0.2030 -0.7521 0.6270
vn 0.6270 -0.7521 -0.2030
vn 0.4156 -0.8090 0.4156
vn 0.0744 -0.9244 0.3740
vn 0.0493 -0.9917 0.1190
vn 0.0576 -0.9886 0.1390
vn -0.4275 -0.7521 0.5016
vn 0.6570 -0.7521 0.0524
vn 0.2142 -0.8286 0.5172
vn 0.2249 -0.8090 0.5430
vn 0.1509 -0.9624 0.2259
vn -0.1894 -0.7088 0.6796
vn 0.7003 -0.7088 0.0851
vn 0.4305 -0.6322 0.6442
vn -0.0000 -0.5469 0.8372
vn 0.1393 -0.7003 0.7001
vn 0.1062 -0.8387 0.5341
vn -0.3131 -0.4994 0.8078
vn 0.3204 -0.5469 0.7735
vn 0.5985 -0.4994 0.6265
vn 0.1809 -0.3748 0.9093
vn 0.1911 -0.2010 0.9608
vn -0.2474 0.9547 -0.1653
vn 0.5745 0.4124 -0.7070
vn -0.4333 0.4124 0.8013
vn 0.5507 0.7492 0.3680
vn 0.3364 -0.0000 0.9417
vn 0.6401 0.4248 0.6401
vn 0.6401 -0.4248 0.6401
vn 0.9417 -0.0000 0.3364
vn 0.1393 0.7003 0.7001
vn -0.0000 0.5469 0.8372
vn -0.3131 0.4994 0.8078
vn 0.1062 0.8387 0.5341
vn 0.1911 0.2010 0.9608
vn 0.5985 0.4994 0.6265
vn 0.3680 -0.7492 0.5507
vn 0.8013 -0.4124 -0.4333
vn -0.7070 -0.4124 0.5745
vn -0.1653 -0.9547 -0.2474
vn 0.3826 -0.0207 0.9237
vn -0.0942 0.3485 0.9326
vn 0.7260 0.3485 0.5928
vn 0.2608 0.7317 0.6298
vn 0.4528 -0.8387 0.3026
vn 0.3498 -0.4994 0.7926
vn 0.8662 -0.4994 0.0198
vn 0.8145 -0.2010 0.5442
vn 0.1549 -0.9144 0.3740
vn -0.2254 -0.6221 0.7498
vn 0.6896 -0.6221 0.3708
vn 0.3467 -0.4231 0.8371
vn 0.2608 -0.7317 0.6298
vn -0.0942 -0.3485 0.9326
vn 0.7260 -0.3485 0.5928
vn 0.3757 -0.1904 0.9070
vn 0.3826 0.0207 0.9237
vn 0.4305 0.6322 0.6442
vn -0.1894 0.7088 0.6796
vn 0.7003 0.7088 0.0851
vn 0.1509 0.9624 0.2259
vn -0.1809 0.3748 0.9093
vn -0.0000 -0.0207 0.9998
vn -0.4439 0.3485 0.8255
vn 0.4439 0.3485 0.8255
vn -0.0000 0.7317 0.6816
vn 0.4474 -0.5929 0.6695
vn 0.1320 -0.1789 0.9750
vn 0.8502 -0.1789 0.4951
vn 0.5404 0.2319 0.8088
vn 0.3468 0.4231 0.8371
vn -0.2254 0.6221 0.7498
vn 0.6896 0.6221 0.3708
vn 0.1549 0.9144 0.3740
vn -0.0000 -0.1904 0.9817
vn 0.1571 -0.5929 0.7898
vn -0.2511 -0.1789 0.9513
vn 0.5961 -0.1789 0.7828
vn 0.1898 0.2319 0.9540
vn -0.1653 0.9547 -0.2474
vn 0.8013 0.4124 -0.4333
vn -0.7070 0.4124 0.5745
vn 0.3680 0.7492 0.5507
vn -0.0000 -0.9917 0.1288
vn 0.1292 -0.7492 0.6496
vn 0.9062 -0.4124 -0.0936
vn -0.8730 -0.4124 0.2603
vn -0.0580 -0.9547 -0.2918
vn 0.3026 -0.8387 0.4528
vn 0.0198 -0.4994 0.8662
vn 0.7926 -0.4994 0.3498
vn 0.5442 -0.2010 0.8145
vn -0.3757 0.1904 0.9070
vn -0.1951 -0.0000 0.9808
vn -0.1898 -0.2319 0.9540
vn -0.5961 0.1789 0.7828
vn 0.2511 0.1789 0.9513
vn -0.1571 0.5929 0.7898
vn -0.1809 -0.3748 0.9093
vn -0.0000 -0.7317 0.6816
vn -0.4439 -0.3485 0.8255
vn 0.4439 -0.3485 0.8255
vn -0.0000 0.0207 0.9998
vn -0.0000 0.9917 0.1288
vn -0.0744 0.9244 0.3740
vn -0.5869 0.7521 0.2998
vn -0.0000 0.9886 0.1504
vn -0.0000 0.8286 0.5598
vn -0.0000 0.8090 0.5878
vn 0.5869 0.7521 0.2998
vn 0.1512 0.6322 0.7599
vn -0.4350 0.7088 0.5554
vn 0.6144 0.7088 0.3466
vn 0.0530 0.9624 0.2665
vn -0.0000 -0.8286 0.5598
vn -0.4350 -0.7088 0.5554
vn 0.1512 -0.6322 0.7599
vn 0.0530 -0.9624 0.2665
vn 0.6144 -0.7088 0.3466
vn -0.0744 -0.9244 0.3740
vn -0.0000 -0.9886 0.1504
vn -0.5869 -0.7521 0.2998
vn 0.5869 -0.7521 0.2998
vn -0.0000 -0.8090 0.5878
vn -0.1393 -0.7003 0.7001
vn -0.0000 -0.9144 0.4048
vn -0.4952 -0.6221 0.6064
vn 0.4952 -0.6221 0.6064
vn -0.0000 -0.4231 0.9061
vn -0.1393 0.7003 0.7001
vn -0.0000 0.4231 0.9061
vn -0.4952 0.6221 0.6064
vn 0.4952 0.6221 0.6064
vn -0.0000 0.9144 0.4048
vn 0.3464 -0.4248 0.8364
vn -0.0496 -0.0000 0.9988
vn 0.7413 -0.0000 0.6712
vn 0.3464 0.4248 0.8364
vn -0.3757 -0.1904 0.9070
vn -0.1571 -0.5929 0.7898
vn -0.5961 -0.1789 0.7828
vn 0.2511 -0.1789 0.9513
vn -0.1898 0.2319 0.9540
vn -0.0580 0.9547 -0.2918
vn 0.9062 0.4124 -0.0936
vn -0.8730 0.4124 0.2603
vn 0.1292 0.7492 0.6496
vn -0.0493 -0.9917 0.1190
vn -0.1292 -0.7492 0.6496
vn 0.8730 -0.4124 0.2603
vn -0.9062 -0.4124 -0.0936
vn 0.0580 -0.9547 -0.2918
vn -0.5151 -0.3748 0.7709
vn -0.7260 -0.3485 0.5928
vn -0.3826 0.0207 0.9237
vn -0.3204 -0.5469 0.7735
vn -0.2609 -0.7317 0.6297
vn 0.0942 -0.3485 0.9326
vn -0.1062 -0.8387 0.5341
vn -0.5985 -0.4994 0.6265
vn 0.3131 -0.4994 0.8078
vn -0.1911 -0.2010 0.9608
vn -0.5920 0.5469 0.5920
vn -0.5151 0.3748 0.7709
vn -0.5442 0.2010 0.8145
vn -0.7926 0.4994 0.3498
vn -0.3204 0.5469 0.7735
vn -0.0198 0.4994 0.8662
vn -0.3966 0.7003 0.5935
vn -0.3026 0.8387 0.4528
vn -0.2119 -0.9244 0.3171
vn -0.2142 -0.8286 0.5172
vn -0.2142 0.8286 0.5172
vn -0.3966 -0.7003 0.5935
vn -0.5556 -0.0000 0.8315
vn -0.2119 0.9244 0.3171
vn -0.0493 0.9917 0.1190
vn -0.5935 0.7003 0.3966
vn -0.3959 0.8286 0.3959
vn -0.3740 0.9244 0.0744
vn -0.5172 0.8286 0.2142
vn -0.3171 0.9244 0.2119
vn -0.1190 0.9917 0.0493
vn -0.0911 -0.9917 0.0911
vn -0.0911 0.9917 0.0911
vn 0.1653 0.9547 -0.2474
vn 0.7070 0.4124 0.5745
vn -0.8013 0.4124 -0.4333
vn -0.3680 0.7492 0.5507
vn -0.6942 -0.1904 0.6942
vn -0.4474 -0.5929 0.6695
vn -0.8502 -0.1789 0.4951
vn -0.1320 -0.1789 0.9750
vn -0.5404 0.2319 0.8088
vn -0.3826 -0.0207 0.9237
vn -0.7260 0.3485 0.5928
vn 0.0942 0.3485 0.9326
vn -0.2609 0.7317 0.6298
vn -0.1911 0.2010 0.9608
vn -0.5985 0.4994 0.6265
vn 0.3131 0.4994 0.8078
vn -0.1062 0.8387 0.5341
vn -0.6942 0.1904 0.6942
vn -0.8502 0.1789 0.4951
vn -0.4474 0.5929 0.6695
vn -0.5404 -0.2319 0.8088
vn -0.1320 0.1789 0.9750
vn -0.7735 0.5469 0.3204
vn -0.7709 0.3748 0.5151
vn -0.8145 0.2010 0.5442
vn -0.8662 0.4994 0.0198
vn -0.3498 0.4994 0.7926
vn -0.4528 0.8387 0.3026
vn -0.4305 0.6322 0.6442
vn -0.7003 0.7088 0.0851
vn 0.1894 0.7088 0.6796
vn -0.1509 0.9624 0.2259
vn -0.5935 -0.7003 0.3966
vn -0.3959 -0.8286 0.3959
vn -0.2862 -0.9144 0.2862
vn -0.7790 -0.6221 0.0786
vn -0.0786 -0.6221 0.7790
vn -0.5920 -0.5469 0.5920
vn -0.6407 -0.4231 0.6407
vn -0.5598 -0.8286 -0.0000
vn -0.3740 -0.9244 0.0744
vn -0.2665 -0.9624 0.0530
vn -0.5554 -0.7088 -0.4350
vn -0.5172 -0.8286 0.2142
vn -0.3466 -0.7088 0.6144
vn -0.7001 -0.7003 0.1393
vn -0.7599 -0.6322 0.1512
vn -0.4156 0.8090 0.4156
vn -0.6270 0.7521 -0.2030
vn 0.2030 0.7521 0.6270
vn -0.1064 0.9886 0.1064
vn -0.3026 -0.8387 0.4528
vn -0.7926 -0.4994 0.3498
vn -0.0198 -0.4994 0.8662
vn -0.5442 -0.2010 0.8145
vn -0.7735 -0.5469 0.3204
vn -0.4528 -0.8387 0.3026
vn -0.8662 -0.4994 0.0198
vn -0.3498 -0.4994 0.7926
vn -0.7709 -0.3748 0.5151
vn -0.8145 -0.2010 0.5442
vn -0.5598 0.8286 -0.0000
vn -0.7001 0.7003 0.1393
vn -0.7599 0.6322 0.1512
vn -0.5554 0.7088 -0.4350
vn -0.3466 0.7088 0.6144
vn -0.2665 0.9624 0.0530
vn -0.9070 -0.1904 0.3757
vn -0.6695 -0.5929 0.4474
vn -0.9750 -0.1789 0.1320
vn -0.4951 -0.1789 0.8502
vn -0.8315 -0.0000 0.5556
vn -0.8088 0.2319 0.5404
vn -0.7498 0.6221 -0.2254
vn -0.3740 0.9144 0.1549
vn -0.8371 0.4231 0.3468
vn -0.3708 0.6221 0.6896
vn -0.3171 -0.9244 0.2119
vn -0.1064 -0.9886 0.1064
vn -0.6270 -0.7521 -0.2030
vn 0.2030 -0.7521 0.6270
vn -0.4156 -0.8090 0.4156
vn -0.7070 -0.0207 0.7070
vn -0.8976 0.3485 0.2699
vn -0.2699 0.3485 0.8976
vn -0.4820 0.7317 0.4820
vn -0.2259 -0.9624 0.1509
vn -0.6796 -0.7088 -0.1894
vn -0.0851 -0.7088 0.7003
vn -0.6442 -0.6322 0.4305
vn -0.1509 -0.9624 0.2259
vn -0.7003 -0.7088 0.0851
vn 0.1894 -0.7088 0.6796
vn -0.4305 -0.6322 0.6442
vn -0.6401 -0.4248 0.6401
vn -0.9417 -0.0000 0.3364
vn -0.3364 -0.0000 0.9417
vn -0.6401 0.4248 0.6401
vn -0.8372 0.5469 -0.0000
vn -0.9093 0.3748 0.1809
vn -0.9608 0.2010 0.1911
vn -0.8078 0.4994 -0.3132
vn -0.6265 0.4994 0.5985
vn -0.5341 0.8387 0.1062
vn -0.6442 0.6322 0.4305
vn -0.6796 0.7088 -0.1894
vn -0.9808 -0.0000 -0.1951
vn -0.9817 -0.1904 -0.0000
vn -0.9808 -0.0000 0.1951
vn -0.9817 0.1904 -0.0000
vn -0.9070 0.1904 0.3757
vn -0.1190 -0.9917 0.0493
vn -0.8372 -0.5469 -0.0000
vn -0.9093 -0.3748 0.1809
vn -0.7001 -0.7003 -0.1393
vn -0.3740 0.9244 -0.0744
vn -0.5878 0.8090 -0.0000
vn -0.2998 0.7521 -0.5869
vn -0.2998 0.7521 0.5869
vn -0.1288 0.9917 -0.0000
vn -0.1504 0.9886 -0.0000
vn 0.2918 0.9547 -0.0580
vn 0.0936 0.4124 0.9062
vn -0.2603 0.4124 -0.8730
vn -0.6496 0.7492 0.1292
vn -0.1288 -0.9917 -0.0000
vn -0.6496 -0.7492 0.1292
vn 0.0936 -0.4124 0.9062
vn -0.2603 -0.4124 -0.8730
vn 0.2918 -0.9547 -0.0580
vn -0.8315 -0.0000 -0.5556
vn -0.9070 -0.1904 -0.3757
vn -0.8364 -0.4248 -0.3464
vn -0.6712 -0.0000 -0.7413
vn -0.9988 -0.0000 0.0496
vn -0.9070 0.1904 -0.3757
vn -0.8364 0.4248 -0.3464
vn -0.7735 0.5469 -0.3204
vn -0.9093 0.3748 -0.1809
vn -0.9608 0.2010 -0.1911
vn -0.6265 0.4994 -0.5985
vn -0.8078 0.4994 0.3132
vn -0.7001 0.7003 -0.1393
vn -0.5341 0.8387 -0.1062
vn -0.9093 -0.3748 -0.1809
vn -0.6816 -0.7317 -0.0000
vn -0.8255 -0.3485 -0.4439
vn -0.8255 -0.3485 0.4439
vn -0.9998 0.0207 -0.0000
vn -0.2119 0.9244 -0.3171
vn -0.3959 0.8286 -0.3959
vn -0.4156 0.8090 -0.4156
vn 0.2030 0.7521 -0.6270
vn -0.3171 0.9244 -0.2119
vn -0.6271 0.7521 0.2030
vn -0.0911 0.9917 -0.0911
vn -0.1064 0.9886 -0.1064
vn -0.6298 -0.7317 0.2608
vn -0.9326 -0.3485 -0.0942
vn -0.5928 -0.3485 0.7260
vn -0.9237 0.0207 0.3826
vn -0.9998 -0.0207 -0.0000
vn -0.8255 0.3485 -0.4439
vn -0.8255 0.3485 0.4439
vn -0.6816 0.7317 -0.0000
vn -0.7709 -0.3748 -0.5151
vn -0.7735 -0.5469 -0.3204
vn -0.6297 -0.7317 -0.2609
vn -0.5928 -0.3485 -0.7260
vn -0.9326 -0.3485 0.0942
vn -0.9237 0.0207 -0.3826
vn -0.7898 -0.5929 -0.1571
vn -0.7828 -0.1789 -0.5961
vn -0.9513 -0.1789 0.2511
vn -0.9540 0.2319 -0.1898
vn -0.1190 0.9917 -0.0493
vn -0.2603 0.4124 0.8730
vn -0.6496 0.7492 -0.1292
vn 0.2918 0.9547 0.0580
vn 0.0936 0.4124 -0.9062
vn -0.3740 -0.9244 -0.0744
vn -0.1504 -0.9886 -0.0000
vn -0.2998 -0.7521 -0.5869
vn -0.2998 -0.7521 0.5869
vn -0.5878 -0.8090 -0.0000
vn -0.5341 -0.8387 -0.1062
vn -0.6265 -0.4994 -0.5985
vn -0.8078 -0.4994 0.3132
vn -0.9608 -0.2010 -0.1911
vn -0.6064 0.6221 -0.4952
vn -0.4048 0.9144 -0.0000
vn -0.9061 0.4231 -0.0000
vn -0.6064 0.6221 0.4952
vn -0.5172 0.8286 -0.2142
vn -0.5430 0.8090 -0.2249
vn -0.0524 0.7521 -0.6570
vn -0.5016 0.7521 0.4275
vn -0.1390 0.9886 -0.0576
vn -0.9540 -0.2319 0.1898
vn -0.9513 0.1789 -0.2511
vn -0.7828 0.1789 0.5961
vn -0.7898 0.5929 0.1571
vn -0.3966 0.7003 -0.5935
vn -0.5920 0.5469 -0.5920
vn -0.6407 0.4231 -0.6407
vn -0.0787 0.6221 -0.7790
vn -0.5935 0.7003 -0.3966
vn -0.7790 0.6221 -0.0787
vn -0.2862 0.9144 -0.2862
vn -0.5556 -0.0000 -0.8315
vn -0.6942 -0.1904 -0.6942
vn -0.6401 -0.4248 -0.6401
vn -0.3364 -0.0000 -0.9417
vn -0.9417 -0.0000 -0.3364
vn -0.6942 0.1904 -0.6942
vn -0.6401 0.4248 -0.6401
vn -0.4951 -0.1789 -0.8502
vn -0.8088 0.2319 -0.5404
vn -0.6695 -0.5929 -0.4474
vn -0.9750 -0.1789 -0.1320
vn -0.6442 0.6322 -0.4305
vn -0.0851 0.7088 -0.7003
vn -0.6796 0.7088 0.1894
vn -0.2259 0.9624 -0.1509
vn -0.7709 0.3748 -0.5151
vn -0.8145 0.2010 -0.5442
vn -0.3498 0.4994 -0.7926
vn -0.8662 0.4994 -0.0198
vn -0.4528 0.8387 -0.3026
vn -0.7599 0.6322 -0.1512
vn -0.3466 0.7088 -0.6144
vn -0.5554 0.7088 0.4350
vn -0.2665 0.9624 -0.0530
vn -0.5172 -0.8286 -0.2142
vn -0.2665 -0.9624 -0.0530
vn -0.3466 -0.7088 -0.6144
vn -0.5554 -0.7088 0.4350
vn -0.7599 -0.6322 -0.1512
vn -0.3171 -0.9244 -0.2119
vn -0.1190 -0.9917 -0.0493
vn -0.1390 -0.9886 -0.0576
vn -0.0524 -0.7521 -0.6570
vn -0.5016 -0.7521 0.4275
vn -0.5430 -0.8090 -0.2249
vn -0.5935 -0.7003 -0.3966
vn -0.3708 -0.6221 -0.6896
vn -0.8371 -0.4231 -0.3468
vn -0.3740 -0.9144 -0.1549
vn -0.7498 -0.6221 0.2254
vn -0.9237 -0.0207 -0.3826
vn -0.5928 0.3485 -0.7260
vn -0.9326 0.3485 0.0942
vn -0.6297 0.7317 -0.2609
vn -0.5920 -0.5469 -0.5920
vn -0.4528 -0.8387 -0.3026
vn -0.3498 -0.4994 -0.7926
vn -0.8662 -0.4994 -0.0198
vn -0.8145 -0.2010 -0.5442
vn -0.8088 -0.2319 -0.5404
vn -0.4951 0.1789 -0.8502
vn -0.9750 0.1789 -0.1320
vn -0.6695 0.5929 -0.4474
vn -0.9540 -0.2319 -0.1898
vn -0.7828 0.1789 -0.5961
vn -0.9513 0.1789 0.2511
vn -0.7898 0.5929 -0.1571
vn -0.6496 -0.7492 -0.1292
vn -0.2603 -0.4124 0.8730
vn 0.0936 -0.4124 -0.9062
vn 0.2918 -0.9547 0.0580
vn -0.2142 0.8286 -0.5172
vn -0.2249 0.8090 -0.5430
vn 0.4275 0.7521 -0.5016
vn -0.6570 0.7521 -0.0524
vn -0.0493 0.9917 -0.1190
vn -0.0576 0.9886 -0.1390
vn -0.0493 -0.9917 -0.1190
vn -0.3680 -0.7492 -0.5507
vn -0.8013 -0.4124 0.4333
vn -0.0911 -0.9917 -0.0911
vn 0.7070 -0.4124 -0.5745
vn -0.2119 -0.9244 -0.3171
vn 0.1653 -0.9547 0.2474
vn -0.8371 0.4231 -0.3468
vn -0.3708 0.6221 -0.6896
vn -0.7498 0.6221 0.2254
vn -0.3740 0.9144 -0.1549
vn -0.3757 -0.1904 -0.9070
vn -0.3464 -0.4248 -0.8364
vn 0.0496 -0.0000 -0.9988
vn -0.7413 -0.0000 -0.6712
vn -0.3757 0.1904 -0.9070
vn -0.3464 0.4248 -0.8364
vn -0.3204 0.5469 -0.7735
vn -0.5151 0.3748 -0.7709
vn -0.5442 0.2010 -0.8145
vn -0.0198 0.4994 -0.8662
vn -0.7926 0.4994 -0.3498
vn -0.3026 0.8387 -0.4528
vn -0.3959 -0.8286 -0.3959
vn -0.2259 -0.9624 -0.1509
vn -0.0851 -0.7088 -0.7003
vn -0.6796 -0.7088 0.1894
vn -0.6442 -0.6322 -0.4305
vn -0.3468 0.4231 -0.8371
vn 0.2254 0.6221 -0.7498
vn -0.6896 0.6221 -0.3708
vn -0.1549 0.9144 -0.3740
vn -0.2142 -0.8286 -0.5172
vn -0.1509 -0.9624 -0.2259
vn 0.1894 -0.7088 -0.6796
vn -0.7003 -0.7088 -0.0851
vn -0.3966 -0.7003 -0.5935
vn -0.4305 -0.6322 -0.6442
vn -0.5151 -0.3748 -0.7709
vn -0.3204 -0.5469 -0.7735
vn 0.1653 0.9547 0.2474
vn -0.8013 0.4124 0.4333
vn 0.7070 0.4124 -0.5745
vn -0.3680 0.7492 -0.5507
vn -0.1809 0.3748 -0.9093
vn 0.0942 0.3485 -0.9326
vn -0.2608 0.7317 -0.6298
vn -0.3826 -0.0207 -0.9237
vn -0.7260 0.3485 -0.5928
vn -0.0530 -0.9624 -0.2665
vn 0.4350 -0.7088 -0.5554
vn -0.6144 -0.7088 -0.3466
vn -0.1512 -0.6322 -0.7599
vn -0.1911 0.2010 -0.9608
vn 0.3131 0.4994 -0.8078
vn -0.5985 0.4994 -0.6265
vn -0.1062 0.8387 -0.5341
vn -0.4474 -0.5929 -0.6695
vn -0.1320 -0.1789 -0.9750
vn -0.8502 -0.1789 -0.4951
vn -0.5404 0.2319 -0.8088
vn -0.1062 -0.8387 -0.5341
vn 0.3131 -0.4994 -0.8078
vn -0.5985 -0.4994 -0.6265
vn -0.1911 -0.2010 -0.9608
vn -0.1898 -0.2319 -0.9540
vn 0.2511 0.1789 -0.9513
vn -0.5961 0.1789 -0.7828
vn -0.1571 0.5929 -0.7898
vn -0.1292 -0.7492 -0.6496
vn -0.9062 -0.4124 0.0936
vn 0.8730 -0.4124 -0.2603
vn 0.0580 -0.9547 0.2918
vn 0.0580 0.9547 0.2918
vn -0.9062 0.4124 0.0936
vn 0.8730 0.4124 -0.2603
vn -0.1292 0.7492 -0.6496
vn -0.0000 -0.0207 -0.9998
vn 0.4439 0.3485 -0.8255
vn -0.4439 0.3485 -0.8255
vn -0.0000 0.7317 -0.6816
vn -0.1512 0.6322 -0.7599
vn 0.4350 0.7088 -0.5554
vn -0.6144 0.7088 -0.3466
vn -0.0530 0.9624 -0.2665
vn 0.1571 -0.5929 -0.7898
vn 0.5961 -0.1789 -0.7828
vn -0.2511 -0.1789 -0.9513
vn 0.1898 0.2319 -0.9540
vn -0.1571 -0.5929 -0.7898
vn 0.2511 -0.1789 -0.9513
vn -0.5961 -0.1789 -0.7828
vn -0.1898 0.2319 -0.9540
vn 0.1549 -0.9144 -0.3740
vn 0.6896 -0.6221 -0.3708
vn -0.2254 -0.6221 -0.7498
vn 0.3467 -0.4231 -0.8371
vn 0.5404 -0.2319 -0.8088
vn 0.8502 0.1789 -0.4951
vn 0.1320 0.1789 -0.9750
vn 0.4474 0.5929 -0.6695
vn -0.0580 0.9547 0.2918
vn -0.8730 0.4124 -0.2603
vn 0.9062 0.4124 0.0936
vn 0.1292 0.7492 -0.6496
vn 0.2249 0.8090 -0.5430
vn 0.6570 0.7521 -0.0524
vn -0.4275 0.7521 -0.5016
vn 0.0576 0.9886 -0.1390
vn 0.4305 0.6322 -0.6442
vn 0.7003 0.7088 -0.0851
vn -0.1894 0.7088 -0.6796
vn 0.1509 0.9624 -0.2259
vn 0.4156 0.8090 -0.4156
vn 0.6270 0.7521 0.2030
vn -0.2030 0.7521 -0.6270
vn 0.1064 0.9886 -0.1064
vn 0.3468 0.4231 -0.8371
vn 0.6896 0.6221 -0.3708
vn -0.2254 0.6221 -0.7498
vn 0.1549 0.9144 -0.3740
vn 0.5442 0.2010 -0.8145
vn 0.7926 0.4994 -0.3498
vn 0.0198 0.4994 -0.8662
vn 0.3026 0.8387 -0.4528
vn 0.0576 -0.9886 -0.1390
vn 0.6570 -0.7521 -0.0524
vn -0.4275 -0.7521 -0.5016
vn 0.2249 -0.8090 -0.5430
vn 0.8088 -0.2319 0.5404
vn 0.4951 0.1789 0.8502
vn 0.9750 0.1789 0.1320
vn 0.6695 0.5929 0.4474
vn 0.8316 -0.5371 0.1412
vn -0.2310 -0.9095 0.3457
vn -0.4487 -0.5371 -0.7143
vn 0.5551 0.0423 -0.8307
vn 0.9098 0.1199 -0.3973
vn 0.1408 -0.6920 -0.7081
vn -0.6885 0.1199 -0.7153
vn 0.0793 0.9136 -0.3988
vn -0.7393 0.6244 -0.2520
vn -0.0000 0.7843 0.6203
vn 0.7393 0.6244 -0.2520
vn -0.0000 0.1058 -0.9944
vn -0.6732 -0.6848 -0.2791
vn 0.1891 -0.2455 -0.9508
vn 0.7288 -0.6848 -0.0002
vn -0.1542 -0.6127 0.7751
vn -0.0000 -0.8167 -0.5770
vn -0.8163 -0.0000 -0.5777
vn -0.0000 0.8167 -0.5770
vn 0.8163 -0.0000 -0.5777
vn 0.5158 0.6244 0.5866
vn 0.9187 0.1058 -0.3805
vn -0.0501 0.6244 -0.7795
vn -0.5731 0.7843 0.2374
vn -0.5152 -0.6848 -0.5155
vn 0.5386 -0.2455 -0.8060
vn 0.6734 -0.6848 0.2787
vn -0.4391 -0.6127 0.6571
vn 0.9539 0.2359 -0.1856
vn 0.3207 -0.5456 -0.7743
vn -0.5433 0.2359 -0.8057
vn 0.0823 0.9766 -0.1988
vn 0.9857 -0.0000 0.1687
vn 0.4080 -0.8167 -0.4080
vn -0.1687 -0.0000 -0.9857
vn 0.4080 0.8167 -0.4080
vn -0.8103 -0.2359 -0.5365
vn -0.0000 0.5456 -0.8381
vn 0.8103 -0.2359 -0.5365
vn -0.0000 -0.9766 -0.2152
vn -0.7895 0.4449 -0.4228
vn -0.0000 0.9789 0.2043
vn 0.7895 0.4449 -0.4228
vn -0.0000 -0.2135 -0.9769
vn 0.9539 -0.2359 -0.1856
vn 0.0823 -0.9766 -0.1988
vn -0.5433 -0.2359 -0.8057
vn 0.3207 0.5456 -0.7743
vn -0.7895 -0.4449 -0.4228
vn -0.0000 0.2135 -0.9769
vn 0.7895 -0.4449 -0.4228
vn -0.0000 -0.9789 0.2043
vn -0.2787 -0.6848 -0.6734
vn 0.8060 -0.2455 -0.5386
vn 0.5155 -0.6848 0.5152
vn -0.6571 -0.6127 0.4391
vn 0.8224 0.5371 -0.1878
vn 0.1949 -0.0423 -0.9799
vn -0.6879 0.5371 -0.4882
vn -0.0811 0.9095 0.4078
vn 0.8819 -0.3447 -0.3216
vn 0.0017 -1.0000 -0.0088
vn -0.6917 -0.3447 -0.6346
vn 0.1801 0.3839 -0.9056
vn 0.8461 -0.0000 0.5331
vn 0.5331 -0.8167 -0.2208
vn 0.2213 -0.0000 -0.9752
vn 0.5331 0.8167 -0.2208
vn 0.4011 0.6920 -0.6003
vn 0.9926 -0.1199 -0.0189
vn 0.9523 -0.2359 0.1936
vn 0.1522 -0.9766 -0.1522
vn -0.1936 -0.2359 -0.9523
vn 0.5926 0.5456 -0.5926
vn 0.8510 0.3447 0.3962
vn 0.7678 -0.3839 -0.5130
vn -0.0404 0.3447 -0.9378
vn 0.0074 1.0000 -0.0050
vn 0.8057 -0.2359 0.5433
vn 0.1988 -0.9766 -0.0823
vn 0.1856 -0.2359 -0.9539
vn 0.7743 0.5456 -0.3207
vn 0.5777 -0.0000 0.8163
vn 0.5770 -0.8167 -0.0000
vn 0.5777 -0.0000 -0.8163
vn 0.5770 0.8167 -0.0000
vn 0.1878 0.5371 0.8224
vn 0.9799 -0.0423 0.1949
vn 0.4882 0.5371 -0.6879
vn -0.4078 0.9095 -0.0811
vn 0.9187 -0.1058 -0.3805
vn 0.5158 -0.6244 0.5866
vn -0.5731 -0.7843 0.2374
vn -0.0501 -0.6244 -0.7795
vn 0.8510 -0.3447 0.3962
vn 0.0074 -1.0000 -0.0050
vn -0.0404 -0.3447 -0.9378
vn 0.7678 0.3839 -0.5130
vn 0.6927 -0.4449 0.5676
vn -0.1887 -0.9789 0.0782
vn 0.0885 -0.4449 -0.8912
vn 0.9026 0.2135 -0.3739
vn 0.7143 0.5371 0.4487
vn 0.8307 -0.0423 -0.5551
vn -0.1412 0.5371 -0.8316
vn -0.3457 0.9095 0.2310
vn 0.9243 0.1199 0.3624
vn 0.6003 -0.6920 -0.4011
vn 0.0189 0.1199 -0.9926
vn 0.3381 0.9136 -0.2259
vn 0.3973 0.1199 0.9098
vn 0.7081 -0.6920 0.1408
vn 0.7153 0.1199 -0.6885
vn 0.3988 0.9136 0.0793
vn 0.5155 0.6848 0.5152
vn 0.8060 0.2455 -0.5386
vn -0.2787 0.6848 -0.6734
vn -0.6571 0.6127 0.4391
vn 0.1988 0.9766 -0.0823
vn 0.8057 0.2359 0.5433
vn 0.7743 -0.5456 -0.3207
vn 0.1856 0.2359 -0.9539
vn 0.4882 -0.5371 0.6879
vn -0.4078 -0.9095 0.0811
vn 0.1878 -0.5371 -0.8224
vn 0.9799 0.0423 -0.1949
vn 0.6346 0.3447 0.6917
vn 0.9056 -0.3839 -0.1801
vn 0.3216 0.3447 -0.8819
vn 0.0088 1.0000 -0.0017
vn 0.9243 -0.1199 0.3624
vn 0.3381 -0.9136 -0.2259
vn 0.0189 -0.1199 -0.9926
vn 0.6003 0.6920 -0.4011
vn 0.5365 -0.2359 0.8103
vn 0.2152 -0.9766 -0.0000
vn 0.5365 -0.2359 -0.8103
vn 0.8381 0.5456 -0.0000
vn 0.3216 0.3447 0.8819
vn 0.9056 -0.3839 0.1801
vn 0.6346 0.3447 -0.6917
vn 0.0088 1.0000 0.0017
vn 0.6927 0.4449 0.5676
vn 0.9026 -0.2135 -0.3739
vn 0.0885 0.4449 -0.8912
vn -0.1887 0.9789 0.0782
vn 0.4228 0.4449 0.7895
vn 0.9769 -0.2135 -0.0000
vn 0.4228 0.4449 -0.7895
vn -0.2043 0.9789 -0.0000
vn 0.6346 -0.3447 0.6917
vn 0.0088 -1.0000 -0.0017
vn 0.3216 -0.3447 -0.8819
vn 0.9056 0.3839 -0.1801
vn 0.9944 -0.1058 -0.0000
vn 0.2521 -0.6244 0.7393
vn -0.6203 -0.7843 -0.0000
vn 0.2521 -0.6244 -0.7393
vn 0.7153 0.1199 0.6885
vn 0.7081 -0.6920 -0.1408
vn 0.3973 0.1199 -0.9098
vn 0.3988 0.9136 -0.0793
vn 0.0002 -0.6848 -0.7288
vn 0.9508 -0.2455 -0.1891
vn 0.2791 -0.6848 0.6732
vn -0.7751 -0.6127 0.1542
vn 0.2791 0.6848 0.6732
vn 0.9508 0.2455 -0.1891
vn 0.0002 0.6848 -0.7288
vn -0.7751 0.6127 0.1542
vn -0.4078 0.9095 0.0811
vn 0.4882 0.5371 0.6879
vn 0.9799 -0.0423 -0.1949
vn 0.1878 0.5371 -0.8224
vn 0.0885 0.4449 0.8912
vn 0.9026 -0.2135 0.3739
vn 0.6927 0.4449 -0.5676
vn -0.1887 0.9789 -0.0782
vn 0.1878 -0.5371 0.8224
vn -0.4078 -0.9095 -0.0811
vn 0.4882 -0.5371 -0.6879
vn 0.9799 0.0423 0.1949
vn 0.3973 -0.1199 0.9098
vn 0.3988 -0.9136 0.0793
vn 0.7153 -0.1199 -0.6885
vn 0.7081 0.6920 0.1408
vn 0.7153 -0.1199 0.6885
vn 0.3988 -0.9136 -0.0793
vn 0.3973 -0.1199 -0.9098
vn 0.7081 0.6920 -0.1408
vn 0.2521 0.6244 0.7393
vn 0.9944 0.1058 -0.0000
vn 0.2521 0.6244 -0.7393
vn -0.6203 0.7843 -0.0000
vn -0.0404 0.3447 0.9378
vn 0.7678 -0.3839 0.5130
vn 0.8510 0.3447 -0.3962
vn 0.0074 1.0000 0.0050
vn -0.3624 0.1199 0.9243
vn 0.4011 -0.6920 0.6003
vn 0.9926 0.1199 0.0189
vn 0.2259 0.9136 0.3381
vn -0.2593 0.4449 0.8572
vn 0.6908 -0.2135 0.6908
vn 0.8572 0.4449 -0.2593
vn -0.1444 0.9789 -0.1444
vn 0.1856 -0.2359 0.9539
vn 0.1988 -0.9766 0.0823
vn 0.8057 -0.2359 -0.5433
vn 0.7743 0.5456 0.3207
vn -0.3446 0.6244 0.7010
vn 0.7031 0.1058 0.7031
vn 0.7010 0.6244 -0.3446
vn -0.4386 0.7844 -0.4386
vn 0.2791 -0.6848 -0.6732
vn 0.9508 -0.2455 0.1891
vn 0.0002 -0.6847 0.7288
vn -0.7751 -0.6127 -0.1542
vn 0.5365 0.2359 0.8103
vn 0.8381 -0.5456 -0.0000
vn 0.5365 0.2359 -0.8103
vn 0.2152 0.9766 -0.0000
vn 0.9056 0.3839 0.1801
vn 0.3216 -0.3447 0.8819
vn 0.0088 -1.0000 0.0017
vn 0.6346 -0.3447 -0.6917
vn -0.1412 0.5371 0.8316
vn 0.8307 -0.0423 0.5551
vn 0.7143 0.5371 -0.4487
vn -0.3457 0.9095 -0.2310
vn -0.5866 0.6244 0.5158
vn 0.3805 0.1058 0.9187
vn 0.7795 0.6244 -0.0501
vn -0.2374 0.7844 -0.5731
vn -0.0501 -0.6244 0.7795
vn -0.5731 -0.7844 -0.2374
vn 0.5158 -0.6244 -0.5866
vn 0.9187 -0.1058 0.3805
vn 0.0189 -0.1199 0.9926
vn 0.3381 -0.9136 0.2259
vn 0.9243 -0.1199 -0.3624
vn 0.6003 0.6920 0.4011
vn -0.3446 -0.6244 0.7010
vn -0.4386 -0.7844 -0.4386
vn 0.7010 -0.6244 -0.3446
vn 0.7031 -0.1058 0.7031
vn -0.5866 -0.6244 0.5158
vn -0.2374 -0.7844 -0.5731
vn 0.7795 -0.6244 -0.0501
vn 0.3805 -0.1058 0.9187
vn -0.4487 -0.5371 0.7143
vn -0.2310 -0.9095 -0.3457
vn 0.8316 -0.5371 -0.1412
vn 0.5551 0.0423 0.8307
vn -0.6917 -0.3447 0.6346
vn 0.0017 -1.0000 0.0088
vn 0.8819 -0.3447 0.3216
vn 0.1801 0.3839 0.9056
vn 0.5155 0.6848 -0.5152
vn -0.6571 0.6127 -0.4391
vn -0.2787 0.6848 0.6734
vn 0.8060 0.2455 0.5386
vn 0.4080 0.8167 0.4080
vn -0.1687 -0.0000 0.9857
vn 0.4080 -0.8167 0.4080
vn 0.9857 -0.0000 -0.1687
vn 0.0017 1.0000 0.0088
vn -0.6917 0.3447 0.6346
vn 0.1801 -0.3839 0.9056
vn 0.8819 0.3447 0.3216
vn 0.6734 -0.6848 -0.2787
vn 0.5386 -0.2455 0.8060
vn -0.5152 -0.6848 0.5155
vn -0.4391 -0.6127 -0.6571
vn -0.5433 0.2359 0.8057
vn 0.3207 -0.5456 0.7743
vn 0.9539 0.2359 0.1856
vn 0.0823 0.9766 0.1988
vn -0.0404 -0.3447 0.9378
vn 0.0074 -1.0000 0.0050
vn 0.8510 -0.3447 -0.3962
vn 0.7678 0.3839 0.5130
vn -0.5676 -0.4449 0.6927
vn -0.0782 -0.9789 -0.1887
vn 0.8912 -0.4449 0.0885
vn 0.3739 0.2135 0.9026
vn -0.5433 -0.2359 0.8057
vn 0.0823 -0.9766 0.1988
vn 0.9539 -0.2359 0.1856
vn 0.3207 0.5456 0.7743
vn -0.4487 0.5371 0.7143
vn 0.5551 -0.0423 0.8307
vn 0.8316 0.5371 -0.1412
vn -0.2310 0.9095 -0.3457
vn -0.8103 0.2359 0.5365
vn -0.0000 -0.5456 0.8381
vn 0.8103 0.2359 0.5365
vn -0.0000 0.9766 0.2152
vn -0.3624 -0.1199 0.9243
vn 0.2259 -0.9136 0.3381
vn 0.9926 -0.1199 0.0189
vn 0.4011 0.6920 0.6003
vn -0.5676 0.4449 0.6927
vn 0.3739 -0.2135 0.9026
vn 0.8912 0.4449 0.0885
vn -0.0782 0.9789 -0.1887
vn -0.6885 -0.1199 0.7153
vn 0.0793 -0.9136 0.3988
vn 0.9098 -0.1199 0.3973
vn 0.1408 0.6920 0.7081
vn 0.6734 0.6848 -0.2787
vn -0.4391 0.6127 -0.6571
vn -0.5152 0.6848 0.5155
vn 0.5386 0.2455 0.8060
vn 0.7288 -0.6848 0.0002
vn 0.1891 -0.2455 0.9508
vn -0.6732 -0.6848 0.2791
vn -0.1542 -0.6127 -0.7751
vn -0.3962 -0.3447 0.8510
vn 0.0050 -1.0000 0.0074
vn 0.9378 -0.3447 -0.0404
vn 0.5130 0.3839 0.7678
vn -0.9098 0.1199 0.3973
vn -0.1408 -0.6920 0.7081
vn 0.6885 0.1199 0.7153
vn -0.0793 0.9136 0.3988
vn -0.8103 -0.2359 0.5365
vn -0.0000 -0.9766 0.2152
vn 0.8103 -0.2359 0.5365
vn -0.0000 0.5456 0.8381
vn -0.0000 0.7844 -0.6203
vn -0.7393 0.6244 0.2521
vn -0.0000 0.1058 0.9944
vn 0.7393 0.6244 0.2521
vn -0.6879 0.5371 0.4882
vn 0.1949 -0.0423 0.9799
vn 0.8224 0.5371 0.1878
vn -0.0811 0.9095 -0.4078
vn 0.1949 0.0423 0.9799
vn -0.6879 -0.5371 0.4882
vn -0.0811 -0.9095 -0.4078
vn 0.8224 -0.5371 0.1878
vn -0.7393 -0.6244 0.2521
vn -0.0000 -0.7844 -0.6203
vn 0.7393 -0.6244 0.2521
vn -0.0000 -0.1058 0.9944
vn -0.7895 -0.4449 0.4228
vn -0.0000 -0.9789 -0.2043
vn 0.7895 -0.4449 0.4228
vn -0.0000 0.2135 0.9769
vn -0.7895 0.4449 0.4228
vn -0.0000 -0.2135 0.9769
vn 0.7895 0.4449 0.4228
vn -0.0000 0.9789 -0.2043
vn -0.5331 -0.0000 0.8461
vn 0.2208 -0.8167 0.5331
vn 0.9752 -0.0000 0.2213
vn 0.2208 0.8167 0.5331
vn -0.9098 -0.1199 0.3973
vn -0.0793 -0.9136 0.3988
vn 0.6885 -0.1199 0.7153
vn -0.1408 0.6920 0.7081
vn 0.7288 0.6848 0.0002
vn -0.1542 0.6127 -0.7751
vn -0.6732 0.6848 0.2791
vn 0.1891 0.2455 0.9508
vn 0.6732 -0.6848 0.2791
vn -0.1891 -0.2455 0.9508
vn -0.7288 -0.6848 0.0002
vn 0.1542 -0.6127 -0.7751
vn -0.3207 0.5456 0.7743
vn -0.9539 -0.2359 0.1856
vn -0.0823 -0.9766 0.1988
vn 0.5433 -0.2359 0.8057
vn -0.8819 -0.3447 0.3216
vn -0.0017 -1.0000 0.0088
vn 0.6917 -0.3447 0.6346
vn -0.1801 0.3839 0.9056
vn -0.9378 0.3447 -0.0404
vn -0.5130 -0.3839 0.7678
vn 0.3962 0.3447 0.8510
vn -0.0050 1.0000 0.0074
vn 0.5152 0.6848 0.5155
vn 0.4391 0.6127 -0.6571
vn -0.6734 0.6848 -0.2787
vn -0.5386 0.2455 0.8060
vn -0.9926 -0.1199 0.0189
vn -0.2259 -0.9136 0.3381
vn 0.3624 -0.1199 0.9243
vn -0.4011 0.6920 0.6003
vn -0.9539 0.2359 0.1856
vn -0.3207 -0.5456 0.7743
vn 0.5433 0.2359 0.8057
vn -0.0823 0.9766 0.1988
vn -0.8819 0.3447 0.3216
vn -0.1801 -0.3839 0.9056
vn 0.6917 0.3447 0.6346
vn -0.0018 1.0000 0.0088
vn -0.2259 0.9136 0.3381
vn -0.9926 0.1199 0.0189
vn -0.4011 -0.6920 0.6003
vn 0.3624 0.1199 0.9243
vn -0.8510 0.3447 -0.3962
vn -0.7678 -0.3839 0.5130
vn 0.0404 0.3447 0.9378
vn -0.0074 1.0000 0.0050
vn -0.8316 0.5371 -0.1412
vn -0.5551 -0.0423 0.8307
vn 0.4487 0.5371 0.7143
vn 0.2310 0.9095 -0.3457
vn -0.8572 -0.4449 -0.2593
vn 0.1444 -0.9789 -0.1444
vn 0.2593 -0.4449 0.8572
vn -0.6908 0.2135 0.6908
vn -0.4882 -0.5371 -0.6879
vn 0.4078 -0.9095 -0.0811
vn -0.1878 -0.5371 0.8224
vn -0.9799 0.0423 0.1949
vn -0.7010 0.6244 -0.3446
vn -0.7031 0.1058 0.7031
vn 0.3446 0.6244 0.7010
vn 0.4386 0.7844 -0.4386
vn -0.9378 -0.3447 -0.0404
vn -0.0050 -1.0000 0.0074
vn 0.3962 -0.3447 0.8510
vn -0.5130 0.3839 0.7678
vn -0.8510 -0.3447 -0.3962
vn -0.0074 -1.0000 0.0050
vn 0.0404 -0.3447 0.9378
vn -0.7678 0.3839 0.5130
vn -0.4882 0.5371 -0.6879
vn -0.9799 -0.0423 0.1949
vn -0.1878 0.5371 0.8224
vn 0.4078 0.9095 -0.0811
vn -0.9243 -0.1199 -0.3624
vn -0.3381 -0.9136 0.2259
vn -0.0189 -0.1199 0.9926
vn -0.6003 0.6920 0.4011
vn 0.1887 0.9789 -0.0782
vn -0.6927 0.4449 -0.5676
vn -0.9026 -0.2135 0.3739
vn -0.0885 0.4449 0.8912
vn -0.7010 -0.6244 -0.3446
vn 0.4386 -0.7844 -0.4386
vn 0.3445 -0.6244 0.7010
vn -0.7031 -0.1058 0.7031
vn -0.9523 0.2359 -0.1936
vn -0.5926 -0.5456 0.5926
vn 0.1936 0.2359 0.9523
vn -0.1522 0.9766 0.1522
vn -0.7143 -0.5371 -0.4487
vn 0.3457 -0.9095 -0.2310
vn 0.1412 -0.5371 0.8316
vn -0.8307 0.0423 0.5551
vn -0.8316 -0.5371 -0.1412
vn 0.2310 -0.9095 -0.3457
vn 0.4487 -0.5371 0.7143
vn -0.5551 0.0423 0.8307
vn -0.9857 -0.0000 -0.1687
vn -0.4080 -0.8167 0.4080
vn 0.1687 -0.0000 0.9857
vn -0.4080 0.8167 0.4080
vn -0.6346 0.3447 -0.6917
vn -0.9056 -0.3839 0.1801
vn -0.3216 0.3447 0.8819
vn -0.0088 1.0000 0.0017
vn -0.7143 0.5371 -0.4487
vn -0.8307 -0.0423 0.5551
vn -0.2521 0.6244 -0.7393
vn -0.9944 0.1058 -0.0000
vn -0.2521 0.6244 0.7393
vn 0.6203 0.7844 -0.0000
vn -0.0002 0.6848 0.7288
vn 0.7751 0.6127 -0.1542
vn -0.2791 0.6848 -0.6732
vn -0.9508 0.2455 0.1891
vn -0.0002 -0.6848 0.7288
vn -0.9508 -0.2455 0.1891
vn -0.2791 -0.6848 -0.6732
vn 0.7751 -0.6127 -0.1542
vn -0.2213 -0.0000 -0.9752
vn -0.5331 -0.8167 -0.2208
vn -0.8461 -0.0000 0.5331
vn -0.5331 0.8167 -0.2208
vn -0.3216 0.3447 -0.8819
vn -0.9056 -0.3839 -0.1801
vn -0.6346 0.3447 0.6917
vn -0.0088 1.0000 -0.0018
vn -0.5365 -0.2359 -0.8103
vn -0.2152 -0.9766 -0.0000
vn -0.5365 -0.2359 0.8103
vn -0.8381 0.5456 -0.0000
vn 0.3446 0.6244 -0.7010
vn -0.7031 0.1058 -0.7031
vn -0.7010 0.6244 0.3445
vn 0.4386 0.7843 0.4386
vn -0.8057 -0.2359 -0.5433
vn -0.1988 -0.9766 0.0823
vn -0.1856 -0.2359 0.9539
vn -0.7743 0.5456 0.3207
vn -0.5365 0.2359 -0.8103
vn -0.8381 -0.5456 -0.0000
vn -0.5365 0.2359 0.8103
vn -0.2152 0.9766 -0.0000
vn -0.1856 -0.2359 -0.9539
vn -0.1988 -0.9766 -0.0823
vn -0.8057 -0.2359 0.5433
vn -0.7743 0.5456 -0.3207
vn -0.3973 -0.1199 -0.9098
vn -0.3988 -0.9136 -0.0793
vn -0.7153 -0.1199 0.6885
vn -0.7081 0.6920 -0.1408
vn -0.9508 0.2455 -0.1891
vn -0.2791 0.6848 0.6732
vn 0.7751 0.6127 0.1542
vn -0.0002 0.6848 -0.7288
vn -0.2521 -0.6244 -0.7393
vn 0.6203 -0.7844 -0.0000
vn -0.2521 -0.6244 0.7393
vn -0.9944 -0.1058 -0.0000
vn -0.3216 -0.3447 -0.8819
vn -0.0088 -1.0000 -0.0018
vn -0.6346 -0.3447 0.6917
vn -0.9056 0.3839 -0.1801
vn 0.2043 0.9789 -0.0000
vn -0.4228 0.4449 -0.7895
vn -0.9769 -0.2135 -0.0000
vn -0.4228 0.4449 0.7895
vn 0.0501 0.6244 -0.7795
vn -0.9187 0.1058 -0.3805
vn -0.5158 0.6244 0.5866
vn 0.5731 0.7844 0.2374
vn -0.7153 0.1199 -0.6885
vn -0.7081 -0.6920 0.1408
vn -0.3973 0.1199 0.9098
vn -0.3988 0.9136 0.0793
vn 0.2593 0.4449 -0.8572
vn -0.6908 -0.2135 -0.6908
vn -0.8572 0.4449 0.2593
vn 0.1444 0.9789 0.1444
vn 0.1687 -0.0000 -0.9857
vn -0.4080 -0.8167 -0.4080
vn -0.9857 -0.0000 0.1687
vn -0.4080 0.8167 -0.4080
vn -0.6003 0.6920 -0.4011
vn -0.0189 -0.1199 -0.9926
vn -0.3381 -0.9136 -0.2259
vn -0.9243 -0.1199 0.3624
vn 0.1412 0.5371 -0.8316
vn -0.8307 -0.0423 -0.5551
vn -0.7143 0.5371 0.4487
vn 0.3457 0.9095 0.2310
vn 0.0404 0.3447 -0.9378
vn -0.7678 -0.3839 -0.5130
vn -0.8510 0.3447 0.3962
vn -0.0074 1.0000 -0.0050
vn -0.1878 0.5371 -0.8224
vn -0.9799 -0.0423 -0.1949
vn -0.4882 0.5371 0.6879
vn 0.4078 0.9095 0.0811
vn -0.1878 -0.5371 -0.8224
vn 0.4078 -0.9095 0.0811
vn -0.4882 -0.5371 0.6879
vn -0.9799 0.0423 -0.1949
vn 0.0501 -0.6244 -0.7795
vn 0.5731 -0.7844 0.2374
vn -0.5158 -0.6244 0.5866
vn -0.9187 -0.1058 -0.3805
vn -0.9026 0.2135 -0.3739
vn -0.0885 -0.4449 -0.8912
vn 0.1887 -0.9789 0.0782
vn -0.6927 -0.4449 0.5676
vn -0.1856 0.2359 -0.9539
vn -0.7743 -0.5456 -0.3207
vn -0.8057 0.2359 0.5433
vn -0.1988 0.9766 -0.0823
vn 0.0404 -0.3447 -0.9378
vn -0.0074 -1.0000 -0.0050
vn -0.8510 -0.3447 0.3962
vn -0.7678 0.3839 -0.5130
vn -0.0189 0.1199 -0.9926
vn -0.6003 -0.6920 -0.4011
vn -0.9243 0.1199 0.3624
vn -0.3381 0.9136 -0.2259
vn -0.3973 0.1199 -0.9098
vn -0.7081 -0.6920 -0.1408
vn -0.7153 0.1199 0.6885
vn -0.3988 0.9136 -0.0793
vn -0.2791 -0.6848 0.6732
vn -0.9508 -0.2455 -0.1891
vn -0.0002 -0.6848 -0.7288
vn 0.7751 -0.6127 0.1542
vn 0.5866 0.6244 -0.5158
vn -0.3805 0.1058 -0.9187
vn -0.7795 0.6244 0.0501
vn 0.2374 0.7844 0.5731
vn -0.6734 -0.6848 0.2787
vn -0.5386 -0.2455 -0.8060
vn 0.5152 -0.6848 -0.5155
vn 0.4391 -0.6127 0.6571
vn -0.0885 0.4449 -0.8912
vn -0.9026 -0.2135 -0.3739
vn -0.6927 0.4449 0.5676
vn 0.1887 0.9789 0.0782
vn 0.5331 -0.0000 -0.8461
vn -0.2208 -0.8167 -0.5331
vn -0.9752 -0.0000 -0.2213
vn -0.2208 0.8167 -0.5331
vn 0.3962 0.3447 -0.8510
vn -0.5130 -0.3839 -0.7678
vn -0.9378 0.3447 0.0404
vn -0.0050 1.0000 -0.0074
vn 0.1412 -0.5371 -0.8316
vn 0.3457 -0.9095 0.2310
vn -0.7143 -0.5371 0.4487
vn -0.8307 0.0423 -0.5551
vn 0.5676 0.4449 -0.6927
vn -0.3739 -0.2135 -0.9026
vn -0.8912 0.4449 -0.0885
vn 0.0782 0.9789 0.1887
vn 0.4487 -0.5371 -0.7143
vn 0.2310 -0.9095 0.3457
vn -0.8316 -0.5371 0.1412
vn -0.5551 0.0423 -0.8307
vn -0.6734 0.6848 0.2787
vn 0.4391 0.6127 0.6571
vn 0.5152 0.6848 -0.5155
vn -0.5386 0.2455 -0.8060
vn -0.0823 0.9766 -0.1988
vn 0.5433 0.2359 -0.8057
vn -0.3207 -0.5456 -0.7743
vn -0.9539 0.2359 -0.1856
vn 0.6879 -0.5371 -0.4882
vn 0.0811 -0.9095 0.4078
vn -0.8224 -0.5371 -0.1878
vn -0.1949 0.0423 -0.9799
vn 0.6917 0.3447 -0.6346
vn -0.1801 -0.3839 -0.9056
vn -0.8819 0.3447 -0.3216
vn -0.0017 1.0000 -0.0088
vn 0.3624 -0.1199 -0.9243
vn -0.2259 -0.9136 -0.3381
vn -0.9926 -0.1199 -0.0189
vn -0.4011 0.6920 -0.6003
vn 0.6917 -0.3447 -0.6346
vn -0.0017 -1.0000 -0.0088
vn -0.8819 -0.3447 -0.3216
vn -0.1801 0.3839 -0.9056
vn 0.6885 0.1199 -0.7153
vn -0.1408 -0.6920 -0.7081
vn -0.9098 0.1199 -0.3973
vn -0.0793 0.9136 -0.3988
vn -0.7288 -0.6848 -0.0002
vn -0.1891 -0.2455 -0.9508
vn 0.6732 -0.6848 -0.2791
vn 0.1542 -0.6127 0.7751
vn -0.7288 0.6848 -0.0002
vn 0.1542 0.6127 0.7751
vn 0.6732 0.6848 -0.2791
vn -0.1891 0.2455 -0.9508
vn 0.8103 0.2359 -0.5365
vn -0.0000 -0.5456 -0.8381
vn -0.8103 0.2359 -0.5365
vn -0.0000 0.9766 -0.2152
vn 0.6879 0.5371 -0.4882
vn -0.1949 -0.0423 -0.9799
vn -0.8224 0.5371 -0.1878
vn 0.0811 0.9095 0.4078
vn 0.9098 -0.1199 -0.3973
vn 0.0793 -0.9136 -0.3988
vn -0.6885 -0.1199 -0.7153
vn 0.1408 0.6920 -0.7081
vn 0.6885 -0.1199 -0.7153
vn -0.0793 -0.9136 -0.3988
vn -0.9098 -0.1199 -0.3973
vn -0.1408 0.6920 -0.7081
vn 0.8912 -0.4449 -0.0885
vn -0.0782 -0.9789 0.1887
vn -0.5676 -0.4449 -0.6927
vn 0.3739 0.2135 -0.9026
vn 0.9926 0.1199 -0.0189
vn 0.4011 -0.6920 -0.6003
vn -0.3624 0.1199 -0.9243
vn 0.2259 0.9136 -0.3381
vn -0.6732 0.6847 -0.2791
vn -0.1542 0.6127 0.7751
vn 0.7287 0.6848 -0.0002
vn 0.1891 0.2455 -0.9508
vn 0.7795 0.6244 0.0501
vn 0.3805 0.1058 -0.9187
vn -0.5866 0.6244 -0.5158
vn -0.2374 0.7843 0.5731
vn 0.8316 0.5371 0.1412
vn 0.5551 -0.0423 -0.8307
vn -0.4487 0.5371 -0.7143
vn -0.2310 0.9095 0.3457
vn 0.7010 0.6244 0.3446
vn 0.7031 0.1058 -0.7031
vn -0.3446 0.6244 -0.7010
vn -0.4386 0.7844 0.4386
vn 0.8912 0.4449 -0.0885
vn 0.3739 -0.2135 -0.9026
vn -0.5676 0.4449 -0.6927
vn -0.0782 0.9789 0.1887
vn 0.9378 0.3447 0.0404
vn 0.5130 -0.3839 -0.7678
vn -0.3962 0.3447 -0.8510
vn 0.0050 1.0000 -0.0074
vn 0.7795 -0.6244 0.0501
vn -0.2374 -0.7843 0.5731
vn -0.5866 -0.6244 -0.5158
vn 0.3805 -0.1058 -0.9187
vn 0.0189 0.1199 0.9926
vn 0.6003 -0.6920 0.4011
vn 0.9243 0.1199 -0.3624
vn 0.3381 0.9136 0.2259
vt 0.500000 0.214127
vt 0.518041 0.249619
vt 0.062500 0.459018
vt 0.082991 0.500000
vt 0.500000 0.286286
vt 0.481959 0.249619
vt 0.062500 0.540982
vt 0.042009 0.500000
vt 0.343750 0.648621
vt 0.363081 0.687805
vt 0.864132 0.562606
vt 0.843750 0.603163
vt 0.324419 0.687805
vt 0.843750 0.521634
vt 0.343750 0.725938
vt 0.823368 0.562606
vt 0.157923 0.077501
vt 0.155144 0.062628
vt 0.169607 0.062628
vt 0.175482 0.048559
vt 0.643041 0.249619
vt 0.625000 0.286286
vt 0.072344 0.124452
vt 0.062500 0.144711
vt 0.625000 0.214127
vt 0.062500 0.105326
vt 0.606959 0.249619
vt 0.052656 0.124452
vt 0.395030 0.374791
vt 0.375000 0.415238
vt 0.859289 0.812913
vt 0.843750 0.843442
vt 0.375000 0.335125
vt 0.843750 0.781289
vt 0.354971 0.374791
vt 0.828211 0.812913
vt 0.207843 0.937372
vt 0.217746 0.922499
vt 0.207211 0.951441
vt 0.222306 0.937372
vt 0.634844 0.124452
vt 0.625000 0.144711
vt 0.082529 0.625209
vt 0.062500 0.664876
vt 0.625000 0.105326
vt 0.062500 0.584762
vt 0.615156 0.124452
vt 0.042471 0.625209
vt 0.393041 0.249619
vt 0.375000 0.286286
vt 0.830541 0.249619
vt 0.812500 0.286285
vt 0.375000 0.214127
vt 0.812500 0.214127
vt 0.356959 0.249619
vt 0.794459 0.249619
vt 0.072344 0.875548
vt 0.062500 0.894675
vt 0.062500 0.855289
vt 0.052656 0.875548
vt 0.645343 0.937372
vt 0.655246 0.922499
vt 0.786984 0.214127
vt 0.232434 0.249619
vt 0.644711 0.951441
vt 0.773664 0.249619
vt 0.659806 0.937372
vt 0.209716 0.286285
vt 0.437500 0.459018
vt 0.457991 0.500000
vt 0.863081 0.312195
vt 0.843750 0.351379
vt 0.417009 0.500000
vt 0.843750 0.274062
vt 0.437500 0.540982
vt 0.824419 0.312195
vt 0.143041 0.750381
vt 0.125000 0.785873
vt 0.125000 0.713715
vt 0.106959 0.750381
vt 0.740156 0.124452
vt 0.750000 0.105326
vt 0.095845 0.437394
vt 0.163207 0.478366
vt 0.750000 0.144711
vt 0.163733 0.396837
vt 0.759844 0.124452
vt 0.707318 0.437394
vt 0.455541 0.249619
vt 0.437500 0.286286
vt 0.812500 0.105325
vt 0.822344 0.124452
vt 0.437500 0.214127
vt 0.802656 0.124452
vt 0.419459 0.249619
vt 0.812500 0.144711
vt 0.197344 0.875548
vt 0.187500 0.894675
vt 0.187500 0.855289
vt 0.177656 0.875548
vt 0.609289 0.187087
vt 0.593750 0.218712
vt 0.110291 0.312195
vt 0.182503 0.351379
vt 0.593750 0.156558
vt 0.183593 0.274062
vt 0.578211 0.187087
vt 0.690215 0.312195
vt 0.447344 0.875548
vt 0.437500 0.894675
vt 0.832529 0.374791
vt 0.812500 0.415238
vt 0.437500 0.855289
vt 0.812500 0.335125
vt 0.427656 0.875548
vt 0.792470 0.374791
vt 0.270491 0.500000
vt 0.250000 0.540982
vt 0.250000 0.459018
vt 0.229509 0.500000
vt 0.625000 0.584762
vt 0.645030 0.625209
vt 0.145029 0.374791
vt 0.125000 0.415238
vt 0.604971 0.625209
vt 0.125000 0.335125
vt 0.625000 0.664875
vt 0.104971 0.374791
vt 0.457843 0.937372
vt 0.467746 0.922499
vt 0.895030 0.374791
vt 0.875000 0.415238
vt 0.457211 0.951441
vt 0.875000 0.335125
vt 0.472306 0.937372
vt 0.854971 0.374791
vt 0.207991 0.500000
vt 0.187500 0.540982
vt 0.187500 0.459018
vt 0.167009 0.500000
vt 0.675581 0.312195
vt 0.656250 0.351379
vt 0.082843 0.937373
vt 0.092746 0.922499
vt 0.656250 0.274062
vt 0.082211 0.951441
vt 0.636919 0.312195
vt 0.097306 0.937372
vt 0.395029 0.625209
vt 0.375000 0.664875
vt 0.895343 0.937372
vt 0.905246 0.922499
vt 0.375000 0.584762
vt 0.894711 0.951441
vt 0.354971 0.625209
vt 0.909806 0.937372
vt 0.205541 0.249619
vt 0.187500 0.286286
vt 0.187500 0.214127
vt 0.169459 0.249619
vt 0.707991 0.500000
vt 0.687500 0.540982
vt 0.112982 0.048559
vt 0.107107 0.062628
vt 0.687500 0.459018
vt 0.092644 0.062628
vt 0.667009 0.500000
vt 0.095423 0.077501
vt 0.301632 0.562606
vt 0.281250 0.603163
vt 0.905144 0.062628
vt 0.925482 0.048559
vt 0.281250 0.521634
vt 0.907923 0.077501
vt 0.260868 0.562606
vt 0.919607 0.062628
vt 0.205541 0.750381
vt 0.187500 0.785873
vt 0.187500 0.713715
vt 0.169459 0.750381
vt 0.643041 0.750381
vt 0.625000 0.785873
vt 0.093750 0.521634
vt 0.114132 0.562606
vt 0.625000 0.713714
vt 0.073368 0.562606
vt 0.606959 0.750381
vt 0.093750 0.603163
vt 0.421789 0.187087
vt 0.406250 0.218712
vt 0.893041 0.249619
vt 0.875000 0.286286
vt 0.406250 0.156558
vt 0.875000 0.214127
vt 0.390711 0.187087
vt 0.856959 0.249619
vt 0.218750 0.156558
vt 0.234289 0.187087
vt 0.203211 0.187087
vt 0.218750 0.218712
vt 0.734289 0.187087
vt 0.718750 0.218712
vt 0.192638 0.500000
vt 0.172147 0.540982
vt 0.718750 0.156558
vt 0.827853 0.459018
vt 0.703211 0.187087
vt 0.807362 0.500000
vt 0.405144 0.062628
vt 0.425482 0.048559
vt 0.884845 0.124452
vt 0.875000 0.144711
vt 0.407923 0.077501
vt 0.875000 0.105326
vt 0.419607 0.062628
vt 0.865156 0.124452
vt 0.234289 0.812913
vt 0.218750 0.843442
vt 0.218750 0.781288
vt 0.203211 0.812913
vt 0.738081 0.687805
vt 0.718750 0.725938
vt 0.080541 0.249619
vt 0.062500 0.286286
vt 0.718750 0.648621
vt 0.062500 0.214127
vt 0.699419 0.687805
vt 0.044459 0.249619
vt 0.457529 0.625209
vt 0.437500 0.664875
vt 0.875000 0.584762
vt 0.895030 0.625209
vt 0.437500 0.584762
vt 0.854971 0.625209
vt 0.417471 0.625209
vt 0.875000 0.664875
vt 0.197344 0.124452
vt 0.187500 0.144711
vt 0.187500 0.105326
vt 0.177656 0.124452
vt 0.656250 0.396837
vt 0.676633 0.437394
vt 0.109289 0.812913
vt 0.093750 0.843442
vt 0.625000 0.187500
vt 0.656250 0.125000
vt 0.656250 0.156558
vt 0.640711 0.187087
vt 0.687500 0.187500
vt 0.671789 0.187087
vt 0.656250 0.250000
vt 0.656250 0.218712
vt 0.687500 0.562500
vt 0.718750 0.500000
vt 0.718750 0.521634
vt 0.698368 0.562606
vt 0.750000 0.562500
vt 0.739133 0.562606
vt 0.718750 0.625000
vt 0.718750 0.603163
vt 0.781250 0.875000
vt 0.750000 0.937500
vt 0.750000 0.894675
vt 0.759845 0.875548
vt 0.718750 0.875000
vt 0.740156 0.875548
vt 0.750000 0.812500
vt 0.750000 0.855289
vt 0.687500 0.062500
vt 0.796875 0.000000
vt 0.720423 0.077501
vt 0.732107 0.062628
vt 0.750000 0.062500
vt 0.717644 0.062628
vt 0.718750 0.125000
vt 0.737982 0.048559
vt 0.750000 0.437500
vt 0.781250 0.500000
vt 0.770491 0.500000
vt 0.750000 0.459018
vt 0.750000 0.540982
vt 0.729509 0.500000
vt 0.531250 0.875000
vt 0.562500 0.812500
vt 0.562500 0.855289
vt 0.552656 0.875548
vt 0.593750 0.875000
vt 0.572344 0.875548
vt 0.562500 0.937500
vt 0.562500 0.894675
vt 0.625000 0.062500
vt 0.734375 0.000000
vt 0.657923 0.077501
vt 0.669607 0.062628
vt 0.655144 0.062628
vt 0.675482 0.048559
vt 0.656250 0.625000
vt 0.687500 0.584762
vt 0.667471 0.625209
vt 0.707529 0.625209
vt 0.687500 0.687500
vt 0.687500 0.664875
vt 0.593750 0.500000
vt 0.625000 0.437500
vt 0.625000 0.459018
vt 0.604509 0.500000
vt 0.656250 0.500000
vt 0.645491 0.500000
vt 0.625000 0.562500
vt 0.625000 0.540982
vt 0.781250 0.375000
vt 0.750000 0.415238
vt 0.770029 0.374791
vt 0.718750 0.375000
vt 0.729971 0.374791
vt 0.750000 0.312500
vt 0.750000 0.335125
vt 0.781250 0.750000
vt 0.750000 0.785873
vt 0.768041 0.750381
vt 0.718750 0.750000
vt 0.731959 0.750381
vt 0.750000 0.687500
vt 0.750000 0.713714
vt 0.656250 0.375000
vt 0.687500 0.312500
vt 0.687500 0.335125
vt 0.667471 0.374791
vt 0.707529 0.374791
vt 0.687500 0.437500
vt 0.687500 0.415238
vt 0.781250 0.250000
vt 0.750000 0.286286
vt 0.768041 0.249619
vt 0.718750 0.250000
vt 0.731959 0.249619
vt 0.750000 0.187500
vt 0.750000 0.214127
vt 0.562500 0.062500
vt 0.671875 0.000000
vt 0.595423 0.077501
vt 0.607107 0.062628
vt 0.592644 0.062628
vt 0.593750 0.125000
vt 0.612982 0.048559
vt 0.687500 0.812500
vt 0.718750 0.781288
vt 0.703211 0.812913
vt 0.734289 0.812913
vt 0.718750 0.843442
vt 0.718750 0.274062
vt 0.699419 0.312195
vt 0.738081 0.312195
vt 0.718750 0.351379
vt 0.531250 0.500000
vt 0.562500 0.437500
vt 0.562500 0.459018
vt 0.542009 0.500000
vt 0.582991 0.500000
vt 0.562500 0.562500
vt 0.562500 0.540982
vt 0.635868 0.437394
vt 0.656250 0.478366
vt 0.593750 0.750000
vt 0.625000 0.687500
vt 0.656250 0.750000
vt 0.625000 0.812500
vt 0.625000 0.312500
vt 0.593750 0.625000
vt 0.562500 0.187500
vt 0.593750 0.250000
vt 0.781250 0.125000
vt 0.625000 0.937500
vt 0.656250 0.875000
vt 0.687500 0.937500
vt 0.609375 1.000000
vt 0.468750 0.250000
vt 0.500000 0.187500
vt 0.531250 0.250000
vt 0.500000 0.312500
vt 0.593750 0.375000
vt 0.625000 0.335125
vt 0.604971 0.374791
vt 0.645030 0.374791
vt 0.625000 0.415238
vt 0.562500 0.687500
vt 0.593750 0.648621
vt 0.574419 0.687805
vt 0.613081 0.687805
vt 0.593750 0.725938
vt 0.531250 0.375000
vt 0.562500 0.312500
vt 0.562500 0.335125
vt 0.542471 0.374791
vt 0.582529 0.374791
vt 0.562500 0.415238
vt 0.468750 0.500000
vt 0.500000 0.437500
vt 0.500000 0.459018
vt 0.479509 0.500000
vt 0.520491 0.500000
vt 0.500000 0.562500
vt 0.500000 0.540982
vt 0.437500 0.812500
vt 0.468750 0.750000
vt 0.468750 0.781288
vt 0.453211 0.812913
vt 0.500000 0.812500
vt 0.484289 0.812913
vt 0.468750 0.875000
vt 0.468750 0.843442
vt 0.531250 0.125000
vt 0.552656 0.124452
vt 0.562500 0.144711
vt 0.562500 0.105326
vt 0.572344 0.124452
vt 0.593750 0.274062
vt 0.574419 0.312195
vt 0.613081 0.312195
vt 0.593750 0.351379
vt 0.562500 0.214127
vt 0.544459 0.249619
vt 0.580541 0.249619
vt 0.562500 0.286286
vt 0.593750 0.781288
vt 0.578211 0.812913
vt 0.609289 0.812913
vt 0.593750 0.843442
vt 0.593750 0.521634
vt 0.573368 0.562606
vt 0.614133 0.562606
vt 0.593750 0.603163
vt 0.437500 0.562500
vt 0.468750 0.521634
vt 0.448368 0.562606
vt 0.489132 0.562606
vt 0.468750 0.625000
vt 0.468750 0.603163
vt 0.515625 1.000000
vt 0.592077 0.922499
vt 0.580393 0.937372
vt 0.594856 0.937372
vt 0.574518 0.951441
vt 0.531250 0.625000
vt 0.542471 0.625209
vt 0.562500 0.664875
vt 0.562500 0.584762
vt 0.582529 0.625209
vt 0.531250 0.156558
vt 0.515711 0.187087
vt 0.546789 0.187087
vt 0.531250 0.218712
vt 0.500000 0.687500
vt 0.531250 0.648621
vt 0.511919 0.687805
vt 0.550581 0.687805
vt 0.531250 0.750000
vt 0.531250 0.725938
vt 0.593750 0.396837
vt 0.573368 0.437394
vt 0.614133 0.437394
vt 0.593750 0.478366
vt 0.468750 0.375000
vt 0.500000 0.335125
vt 0.479971 0.374791
vt 0.520029 0.374791
vt 0.500000 0.415238
vt 0.437500 0.687500
vt 0.468750 0.648621
vt 0.449419 0.687805
vt 0.488081 0.687805
vt 0.468750 0.725938
vt 0.562500 0.713714
vt 0.544459 0.750381
vt 0.580541 0.750381
vt 0.562500 0.785873
vt 0.500000 0.713715
vt 0.481959 0.750381
vt 0.518041 0.750381
vt 0.500000 0.785873
vt 0.531250 0.274062
vt 0.511919 0.312195
vt 0.550581 0.312195
vt 0.531250 0.351379
vt 0.468750 0.125000
vt 0.490156 0.124452
vt 0.500000 0.144711
vt 0.500000 0.062500
vt 0.500000 0.105326
vt 0.509844 0.124452
vt 0.531250 0.521634
vt 0.510868 0.562606
vt 0.551632 0.562606
vt 0.531250 0.603163
vt 0.609375 0.000000
vt 0.532923 0.077501
vt 0.544607 0.062628
vt 0.530144 0.062628
vt 0.550482 0.048559
vt 0.484375 1.000000
vt 0.530246 0.922499
vt 0.520343 0.937372
vt 0.500000 0.937500
vt 0.534806 0.937372
vt 0.519711 0.951441
vt 0.515711 0.812913
vt 0.531250 0.843442
vt 0.531250 0.781288
vt 0.546789 0.812913
vt 0.406250 0.750000
vt 0.437500 0.713714
vt 0.419459 0.750381
vt 0.455541 0.750381
vt 0.437500 0.785873
vt 0.437500 0.187500
vt 0.468750 0.156558
vt 0.453211 0.187087
vt 0.484289 0.187087
vt 0.468750 0.218712
vt 0.437500 0.437500
vt 0.468750 0.396837
vt 0.448368 0.437394
vt 0.489132 0.437394
vt 0.468750 0.478366
vt 0.531250 0.396837
vt 0.510868 0.437394
vt 0.551632 0.437394
vt 0.531250 0.478366
vt 0.500000 0.855289
vt 0.490156 0.875548
vt 0.509844 0.875548
vt 0.500000 0.894675
vt 0.375000 0.687500
vt 0.406250 0.625000
vt 0.406250 0.648621
vt 0.386919 0.687805
vt 0.425581 0.687805
vt 0.406250 0.725938
vt 0.312500 0.562500
vt 0.343750 0.500000
vt 0.343750 0.521634
vt 0.323368 0.562606
vt 0.375000 0.562500
vt 0.364132 0.562606
vt 0.343750 0.625000
vt 0.343750 0.603163
vt 0.343750 0.750000
vt 0.375000 0.713715
vt 0.356959 0.750381
vt 0.393041 0.750381
vt 0.375000 0.812500
vt 0.375000 0.785873
vt 0.406250 0.375000
vt 0.437500 0.312500
vt 0.437500 0.335125
vt 0.417471 0.374791
vt 0.457529 0.374791
vt 0.437500 0.415238
vt 0.343750 0.875000
vt 0.375000 0.855289
vt 0.365156 0.875548
vt 0.406250 0.875000
vt 0.384844 0.875548
vt 0.375000 0.937500
vt 0.375000 0.894675
vt 0.437500 0.062500
vt 0.546875 0.000000
vt 0.470423 0.077501
vt 0.482107 0.062628
vt 0.467644 0.062628
vt 0.487982 0.048559
vt 0.500000 0.584762
vt 0.479971 0.625209
vt 0.520030 0.625209
vt 0.500000 0.664875
vt 0.449419 0.312195
vt 0.468750 0.351379
vt 0.468750 0.274062
vt 0.488081 0.312195
vt 0.375000 0.062500
vt 0.484375 0.000000
vt 0.406250 0.125000
vt 0.375000 0.187500
vt 0.406250 0.250000
vt 0.250000 0.562500
vt 0.281250 0.500000
vt 0.281250 0.625000
vt 0.437500 0.937500
vt 0.421875 1.000000
vt 0.406250 0.500000
vt 0.343750 0.250000
vt 0.375000 0.312500
vt 0.343750 0.375000
vt 0.375000 0.437500
vt 0.312500 0.687500
vt 0.406250 0.781288
vt 0.390711 0.812913
vt 0.421789 0.812913
vt 0.406250 0.843442
vt 0.281250 0.875000
vt 0.312500 0.812500
vt 0.312500 0.855289
vt 0.302656 0.875548
vt 0.322344 0.875548
vt 0.312500 0.937500
vt 0.312500 0.894674
vt 0.437500 0.105326
vt 0.427656 0.124452
vt 0.447344 0.124452
vt 0.437500 0.144711
vt 0.406250 0.396837
vt 0.385868 0.437394
vt 0.426632 0.437394
vt 0.406250 0.478366
vt 0.343750 0.125000
vt 0.375000 0.105326
vt 0.365156 0.124452
vt 0.384845 0.124452
vt 0.375000 0.144711
vt 0.281250 0.125000
vt 0.312500 0.062500
vt 0.312500 0.105326
vt 0.302656 0.124452
vt 0.322344 0.124452
vt 0.312500 0.187500
vt 0.312500 0.144711
vt 0.343750 0.156558
vt 0.328211 0.187087
vt 0.359289 0.187087
vt 0.343750 0.218712
vt 0.250000 0.312500
vt 0.281250 0.250000
vt 0.281250 0.274062
vt 0.261919 0.312195
vt 0.312500 0.312500
vt 0.300581 0.312195
vt 0.281250 0.375000
vt 0.281250 0.351379
vt 0.394711 0.951441
vt 0.409806 0.937372
vt 0.395343 0.937372
vt 0.359375 1.000000
vt 0.405246 0.922499
vt 0.354509 0.500000
vt 0.375000 0.540982
vt 0.375000 0.459018
vt 0.395491 0.500000
vt 0.281250 0.750000
vt 0.250000 0.687500
vt 0.261919 0.687805
vt 0.281250 0.725938
vt 0.281250 0.648621
vt 0.300581 0.687805
vt 0.421875 0.000000
vt 0.345423 0.077501
vt 0.357107 0.062628
vt 0.342644 0.062628
vt 0.362982 0.048559
vt 0.312500 0.584762
vt 0.292471 0.625209
vt 0.332529 0.625209
vt 0.312500 0.664875
vt 0.406250 0.274062
vt 0.386919 0.312195
vt 0.425581 0.312195
vt 0.406250 0.351379
vt 0.312500 0.214127
vt 0.294459 0.249619
vt 0.330541 0.249619
vt 0.312500 0.286286
vt 0.312500 0.335125
vt 0.292471 0.374791
vt 0.332529 0.374791
vt 0.312500 0.437500
vt 0.312500 0.415238
vt 0.343750 0.781288
vt 0.328211 0.812913
vt 0.359289 0.812913
vt 0.343750 0.843442
vt 0.218750 0.625000
vt 0.250000 0.584762
vt 0.229971 0.625209
vt 0.270029 0.625209
vt 0.250000 0.664875
vt 0.343750 0.396837
vt 0.323368 0.437394
vt 0.364132 0.437394
vt 0.343750 0.478366
vt 0.312500 0.713714
vt 0.294459 0.750381
vt 0.330541 0.750381
vt 0.312500 0.785873
vt 0.250000 0.437500
vt 0.281250 0.396837
vt 0.260868 0.437394
vt 0.301632 0.437394
vt 0.281250 0.478366
vt 0.332211 0.951441
vt 0.347306 0.937373
vt 0.332843 0.937372
vt 0.296875 1.000000
vt 0.342746 0.922499
vt 0.250000 0.062500
vt 0.359375 0.000000
vt 0.282923 0.077501
vt 0.294607 0.062628
vt 0.280144 0.062628
vt 0.300482 0.048559
vt 0.343750 0.274062
vt 0.324419 0.312195
vt 0.363081 0.312195
vt 0.343750 0.351379
vt 0.187500 0.562500
vt 0.218750 0.500000
vt 0.218750 0.521634
vt 0.198368 0.562606
vt 0.239132 0.562606
vt 0.218750 0.603163
vt 0.218750 0.375000
vt 0.250000 0.335125
vt 0.229971 0.374791
vt 0.270029 0.374791
vt 0.250000 0.415238
vt 0.250000 0.937500
vt 0.218750 0.875000
vt 0.240156 0.875548
vt 0.250000 0.894674
vt 0.250000 0.812500
vt 0.250000 0.855289
vt 0.259844 0.875548
vt 0.281250 0.781288
vt 0.265711 0.812913
vt 0.296789 0.812913
vt 0.281250 0.843442
vt 0.250000 0.187500
vt 0.265711 0.187087
vt 0.281250 0.218712
vt 0.281250 0.156558
vt 0.296789 0.187087
vt 0.218750 0.125000
vt 0.250000 0.105326
vt 0.240156 0.124452
vt 0.259844 0.124452
vt 0.250000 0.144711
vt 0.218750 0.250000
vt 0.250000 0.214127
vt 0.231959 0.249619
vt 0.268041 0.249619
vt 0.250000 0.286286
vt 0.218750 0.750000
vt 0.250000 0.713715
vt 0.231959 0.750381
vt 0.268041 0.750381
vt 0.250000 0.785873
vt 0.312500 0.459018
vt 0.292009 0.500000
vt 0.332991 0.500000
vt 0.312500 0.540982
vt 0.187500 0.437500
vt 0.218750 0.396837
vt 0.198368 0.437394
vt 0.239132 0.437394
vt 0.218750 0.478366
vt 0.269711 0.951441
vt 0.284806 0.937373
vt 0.270343 0.937373
vt 0.234375 1.000000
vt 0.280246 0.922499
vt 0.187500 0.062500
vt 0.296875 0.000000
vt 0.220423 0.077501
vt 0.232107 0.062628
vt 0.217644 0.062628
vt 0.237982 0.048559
vt 0.156250 0.375000
vt 0.167471 0.374791
vt 0.187500 0.415238
vt 0.187500 0.312500
vt 0.187500 0.335125
vt 0.207529 0.374791
vt 0.218750 0.274062
vt 0.199419 0.312195
vt 0.238081 0.312195
vt 0.218750 0.351379
vt 0.125000 0.687500
vt 0.156250 0.625000
vt 0.156250 0.648621
vt 0.136919 0.687805
vt 0.187500 0.687500
vt 0.175581 0.687805
vt 0.156250 0.750000
vt 0.156250 0.725938
vt 0.156250 0.125000
vt 0.187500 0.187500
vt 0.187500 0.812500
vt 0.156250 0.250000
vt 0.156250 0.500000
vt 0.156250 0.875000
vt 0.187500 0.937500
vt 0.093750 0.750000
vt 0.125000 0.812500
vt 0.031250 0.875000
vt 0.062500 0.812500
vt 0.093750 0.875000
vt 0.062500 0.937500
vt 0.171875 1.000000
vt 0.125000 0.062500
vt 0.234375 0.000000
vt 0.125000 0.937500
vt 0.144711 0.951441
vt 0.159806 0.937373
vt 0.145343 0.937372
vt 0.109375 1.000000
vt 0.155246 0.922499
vt 0.125000 0.437500
vt 0.156250 0.396837
vt 0.135868 0.437394
vt 0.176632 0.437394
vt 0.156250 0.478366
vt 0.187500 0.584762
vt 0.167471 0.625209
vt 0.207529 0.625209
vt 0.187500 0.664875
vt 0.218750 0.648621
vt 0.199419 0.687805
vt 0.238081 0.687805
vt 0.218750 0.725938
vt 0.125000 0.562500
vt 0.135868 0.562606
vt 0.156250 0.603163
vt 0.156250 0.521634
vt 0.176632 0.562606
vt 0.062500 0.687500
vt 0.093750 0.625000
vt 0.093750 0.648621
vt 0.074419 0.687805
vt 0.113081 0.687805
vt 0.093750 0.725938
vt 0.156250 0.781288
vt 0.140711 0.812913
vt 0.171789 0.812913
vt 0.156250 0.843442
vt 0.093750 0.250000
vt 0.125000 0.187500
vt 0.125000 0.214127
vt 0.106959 0.249619
vt 0.143041 0.249619
vt 0.125000 0.312500
vt 0.125000 0.286286
vt 1.000000 0.187500
vt 0.031250 0.125000
vt 0.247068 0.156558
vt 0.633142 0.187087
vt 0.062500 0.187500
vt 0.166977 0.187087
vt 0.031250 0.250000
vt 0.246819 0.218712
vt 0.125000 0.855289
vt 0.115156 0.875548
vt 0.134844 0.875548
vt 0.125000 0.894675
vt 0.156250 0.274062
vt 0.136919 0.312195
vt 0.175581 0.312195
vt 0.156250 0.351379
vt 0.062500 0.312500
vt 0.093750 0.274062
vt 0.074419 0.312195
vt 0.113081 0.312195
vt 0.093750 0.375000
vt 0.093750 0.351379
vt 1.000000 0.812500
vt 0.031250 0.750000
vt 0.246819 0.781288
vt 0.633142 0.812913
vt 0.166977 0.812913
vt 0.247068 0.843442
vt 0.062500 0.437500
vt 0.093750 0.396837
vt 0.073368 0.437394
vt 0.114132 0.437394
vt 0.093750 0.500000
vt 0.093750 0.478366
vt 0.044459 0.750381
vt 0.062500 0.785873
vt 0.062500 0.713715
vt 0.080541 0.750381
vt 0.093750 0.125000
vt 0.125000 0.105326
vt 0.115156 0.124452
vt 0.134844 0.124452
vt 0.125000 0.144711
vt 0.125000 0.584762
vt 0.104971 0.625209
vt 0.145029 0.625209
vt 0.125000 0.664875
vt 0.093750 0.156558
vt 0.078211 0.187087
vt 0.109289 0.187087
vt 0.093750 0.218712
vt 0.156250 0.156558
vt 0.140711 0.187087
vt 0.171789 0.187087
vt 0.156250 0.218712
vt 0.125000 0.459018
vt 0.104509 0.500000
vt 0.145491 0.500000
vt 0.125000 0.540982
vt 1.000000 0.687500
vt 0.031250 0.625000
vt 0.182503 0.648621
vt 0.690215 0.687805
vt 0.110291 0.687805
vt 0.183593 0.725938
vt 0.093750 0.781288
vt 0.078211 0.812913
vt 0.968750 0.500000
vt 1.000000 0.437500
vt 0.031250 0.500000
vt 0.000000 0.562500
vt 0.062500 0.562500
vt 0.171875 0.000000
vt 0.062500 0.062500
vt 0.046875 1.000000
vt 1.000000 0.312500
vt 0.031250 0.375000
vt 0.000000 0.312500
vt 0.968750 0.250000
vt 0.968750 0.875000
vt 0.657691 0.855289
vt 0.643282 0.875548
vt 0.347950 0.875548
vt 0.000000 0.937500
vt 0.342605 0.894675
vt 1.000000 0.937500
vt 0.631240 0.951441
vt 0.418080 0.937372
vt 0.635028 0.937372
vt 0.984375 1.000000
vt 0.410238 0.922499
vt 1.000000 0.062500
vt 0.078125 0.000000
vt 0.390831 0.077501
vt 0.347024 0.062628
vt 0.563972 0.062628
vt 0.408146 0.048559
vt 0.906250 0.500000
vt 0.937500 0.437500
vt 0.937500 0.459018
vt 0.917009 0.500000
vt 0.957991 0.500000
vt 0.937500 0.562500
vt 0.937500 0.540982
vt 0.937500 0.687500
vt 0.968750 0.625000
vt 0.817497 0.648621
vt 0.889709 0.687805
vt 0.000000 0.687500
vt 0.309785 0.687805
vt 0.968750 0.750000
vt 0.816407 0.725938
vt 0.968750 0.375000
vt 0.819003 0.335125
vt 0.802116 0.374791
vt 0.201232 0.374791
vt 0.000000 0.437500
vt 0.178093 0.415238
vt 0.843750 0.875000
vt 0.875000 0.812500
vt 0.875000 0.855289
vt 0.865156 0.875548
vt 0.906250 0.875000
vt 0.884844 0.875548
vt 0.875000 0.937500
vt 0.875000 0.894675
vt 0.062500 0.335125
vt 0.042471 0.374791
vt 0.082529 0.374791
vt 0.062500 0.415238
vt 1.000000 0.562500
vt 0.821907 0.584762
vt 0.798767 0.625209
vt 0.197884 0.625209
vt 0.180997 0.664876
vt 0.906250 0.375000
vt 0.937500 0.312500
vt 0.937500 0.335125
vt 0.917471 0.374791
vt 0.957529 0.374791
vt 0.937500 0.415238
vt 0.836267 0.396837
vt 0.904155 0.437394
vt 0.292682 0.437394
vt 0.836793 0.478366
vt 0.921875 1.000000
vt 0.937500 0.937500
vt 0.436028 0.937372
vt 0.609169 0.922499
vt 0.591852 0.951441
vt 0.652976 0.937372
vt 0.968750 0.125000
vt 0.657395 0.105326
vt 0.652051 0.124452
vt 0.356718 0.124452
vt 0.000000 0.187500
vt 0.342309 0.144711
vt 0.816407 0.274062
vt 0.889709 0.312195
vt 0.309785 0.312195
vt 0.817497 0.351379
vt 0.000000 0.812500
vt 0.767566 0.750381
vt 0.213016 0.785873
vt 0.790285 0.713715
vt 0.226336 0.750381
vt 0.937500 0.812500
vt 0.937500 0.855289
vt 0.927656 0.875548
vt 0.947344 0.875548
vt 0.937500 0.894675
vt 0.163207 0.521634
vt 0.707318 0.562606
vt 0.095845 0.562606
vt 0.163733 0.603163
vt 0.843750 0.750000
vt 0.875000 0.687500
vt 0.875000 0.713715
vt 0.856959 0.750381
vt 0.906250 0.750000
vt 0.893041 0.750381
vt 0.875000 0.785873
vt 0.843750 0.500000
vt 0.875000 0.437500
vt 0.875000 0.459018
vt 0.854509 0.500000
vt 0.895491 0.500000
vt 0.875000 0.562500
vt 0.875000 0.540982
vt 0.885868 0.437394
vt 0.906250 0.478366
vt 0.906250 0.396837
vt 0.926632 0.437394
vt 0.906250 0.781289
vt 0.890711 0.812913
vt 0.921789 0.812913
vt 0.906250 0.843442
vt 0.906250 0.625000
vt 0.906250 0.648621
vt 0.886919 0.687805
vt 0.925581 0.687805
vt 0.906250 0.725938
vt 0.753181 0.781288
vt 0.833023 0.812913
vt 0.366858 0.812913
vt 0.752932 0.843442
vt 0.937500 0.187500
vt 0.752932 0.156558
vt 0.833023 0.187087
vt 0.366858 0.187087
vt 0.753181 0.218712
vt 0.906250 0.125000
vt 0.937500 0.062500
vt 0.937500 0.105326
vt 0.927656 0.124452
vt 0.947344 0.124452
vt 0.937500 0.144711
vt 0.906250 0.250000
vt 0.919459 0.249619
vt 0.937500 0.286285
vt 0.937500 0.214127
vt 0.955541 0.249619
vt 0.937500 0.584762
vt 0.917471 0.625209
vt 0.957529 0.625210
vt 0.937500 0.664876
vt 0.875000 0.312500
vt 0.906250 0.274062
vt 0.886919 0.312195
vt 0.925581 0.312195
vt 0.906250 0.351379
vt 0.906250 0.521634
vt 0.885868 0.562606
vt 0.926632 0.562606
vt 0.906250 0.603163
vt 0.836793 0.521634
vt 0.904155 0.562606
vt 0.292682 0.562606
vt 0.836267 0.603163
vt 0.046875 0.000000
vt 0.590431 0.077501
vt 0.367423 0.062628
vt 0.000000 0.062500
vt 0.584371 0.062628
vt 0.376454 0.048559
vt 0.812500 0.812500
vt 0.812500 0.855289
vt 0.802656 0.875548
vt 0.822344 0.875548
vt 0.812500 0.937500
vt 0.812500 0.894675
vt 0.812500 0.062500
vt 0.921875 0.000000
vt 0.845423 0.077501
vt 0.857107 0.062628
vt 0.875000 0.062500
vt 0.842644 0.062628
vt 0.843750 0.125000
vt 0.862982 0.048559
vt 0.937500 0.713715
vt 0.919459 0.750381
vt 0.955541 0.750381
vt 0.937500 0.785873
vt 0.812500 0.437500
vt 0.812500 0.459018
vt 0.792009 0.500000
vt 0.832991 0.500000
vt 0.812500 0.562500
vt 0.812500 0.540982
vt 0.812500 0.687500
vt 0.843750 0.625000
vt 0.843750 0.648621
vt 0.824419 0.687805
vt 0.863081 0.687805
vt 0.843750 0.725938
vt 0.875000 0.187500
vt 0.906250 0.156558
vt 0.890711 0.187087
vt 0.921789 0.187087
vt 0.906250 0.218712
vt 0.812500 0.713715
vt 0.794459 0.750381
vt 0.830541 0.750381
vt 0.812500 0.785873
vt 0.812500 0.187500
vt 0.843750 0.156558
vt 0.828211 0.187087
vt 0.859289 0.187087
vt 0.843750 0.250000
vt 0.843750 0.218712
vt 0.984375 0.000000
vt 0.859375 1.000000
vt 0.843750 0.375000
vt 0.812500 0.312500
vt 0.832211 0.951441
vt 0.847306 0.937372
vt 0.832843 0.937372
vt 0.796875 1.000000
vt 0.842746 0.922499
vt 0.781250 0.625000
vt 0.792471 0.625209
vt 0.812500 0.664875
vt 0.812500 0.584762
vt 0.832529 0.625209
vt 0.781250 0.156558
vt 0.765711 0.187087
vt 0.796789 0.187087
vt 0.781250 0.218712
vt 0.781250 0.648621
vt 0.761919 0.687805
vt 0.800581 0.687805
vt 0.781250 0.725938
vt 0.843750 0.396837
vt 0.823367 0.437394
vt 0.864133 0.437394
vt 0.843750 0.478366
vt 0.781250 0.274062
vt 0.761919 0.312195
vt 0.800581 0.312195
vt 0.781250 0.351379
vt 0.781250 0.521634
vt 0.760868 0.562606
vt 0.801633 0.562606
vt 0.781250 0.603163
vt 0.859375 0.000000
vt 0.782923 0.077501
vt 0.794607 0.062628
vt 0.780144 0.062628
vt 0.800482 0.048559
vt 0.769711 0.951441
vt 0.784806 0.937372
vt 0.770343 0.937373
vt 0.734375 1.000000
vt 0.780246 0.922499
vt 0.750000 0.584762
vt 0.729971 0.625209
vt 0.770029 0.625209
vt 0.750000 0.664875
vt 0.781250 0.781289
vt 0.765711 0.812913
vt 0.796789 0.812913
vt 0.781250 0.843442
vt 0.718750 0.396837
vt 0.698368 0.437394
vt 0.739133 0.437394
vt 0.718750 0.478366
vt 0.781250 0.396837
vt 0.760868 0.437394
vt 0.801632 0.437394
vt 0.781250 0.478366
vt 0.687500 0.214127
vt 0.669459 0.249619
vt 0.705541 0.249619
vt 0.687500 0.286286
vt 0.656250 0.521634
vt 0.635868 0.562606
vt 0.676633 0.562606
vt 0.656250 0.603163
vt 0.707211 0.951441
vt 0.722306 0.937372
vt 0.707843 0.937373
vt 0.671875 1.000000
vt 0.717746 0.922499
vt 0.687500 0.855289
vt 0.677656 0.875548
vt 0.697344 0.875548
vt 0.687500 0.894675
vt 0.656250 0.781288
vt 0.640711 0.812913
vt 0.671789 0.812913
vt 0.656250 0.843442
vt 0.625000 0.855289
vt 0.615156 0.875548
vt 0.634845 0.875548
vt 0.625000 0.894675
vt 0.687500 0.713715
vt 0.669459 0.750381
vt 0.705541 0.750381
vt 0.687500 0.785873
vt 0.656250 0.648621
vt 0.636919 0.687805
vt 0.675581 0.687805
vt 0.656250 0.725938
vt 0.687500 0.105326
vt 0.677656 0.124452
vt 0.697344 0.124452
vt 0.687500 0.144711
vt 0.406250 0.521634
vt 0.385868 0.562606
vt 0.426632 0.562606
vt 0.406250 0.603163
s 1
f 360/1/1 361/2/2 1321/2/3 1320/1/4
f 904/3/5 905/4/6 1865/4/7 1864/3/8
f 362/5/9 359/6/10 1319/6/11 1322/5/12
f 906/7/13 903/8/14 1863/8/15 1866/7/16
f 565/9/17 566/10/18 1526/10/19 1525/9/20
f 1109/11/21 1110/12/22 2070/12/23 2069/11/24
f 359/6/10 360/1/1 1320/1/4 1319/6/11
f 903/8/14 904/3/5 1864/3/8 1863/8/15
f 564/13/25 565/9/17 1525/9/20 1524/13/26
f 1108/14/27 1109/11/21 2069/11/24 2068/14/28
f 566/10/18 563/15/29 1523/15/30 1526/10/19
f 1110/12/22 1107/16/31 2067/16/32 2070/12/23
f 769/17/33 770/18/34 1730/18/35 1729/17/36
f 563/15/29 564/13/25 1524/13/26 1523/15/30
f 1107/16/31 1108/14/27 2068/14/28 2067/16/32
f 768/19/37 769/17/33 1729/17/36 1728/19/38
f 770/18/34 767/20/39 1727/20/40 1730/18/35
f 357/21/41 358/22/42 1318/22/43 1317/21/44
f 767/20/39 768/19/37 1728/19/38 1727/20/40
f 901/23/45 902/24/46 1862/24/47 1861/23/48
f 356/25/49 357/21/41 1317/21/44 1316/25/50
f 900/26/51 901/23/45 1861/23/48 1860/26/52
f 358/22/42 355/27/53 1315/27/54 1318/22/43
f 902/24/46 899/28/55 1859/28/56 1862/24/47
f 561/29/57 562/30/58 1522/30/59 1521/29/60
f 1105/31/61 1106/32/62 2066/32/63 2065/31/64
f 355/27/53 356/25/49 1316/25/50 1315/27/54
f 899/28/55 900/26/51 1860/26/52 1859/28/56
f 560/33/65 561/29/57 1521/29/60 1520/33/66
f 1104/34/67 1105/31/61 2065/31/64 2064/34/68
f 562/30/58 559/35/69 1519/35/70 1522/30/59
f 1106/32/62 1103/36/71 2063/36/72 2066/32/63
f 765/37/73 766/38/74 1726/38/75 1725/37/76
f 559/35/69 560/33/65 1520/33/66 1519/35/70
f 1103/36/71 1104/34/67 2064/34/68 2063/36/72
f 764/39/77 765/37/73 1725/37/76 1724/39/78
f 766/38/74 763/40/79 1723/40/80 1726/38/75
f 353/41/81 354/42/82 1314/42/83 1313/41/84
f 763/40/79 764/39/77 1724/39/78 1723/40/80
f 897/43/85 898/44/86 1858/44/87 1857/43/88
f 352/45/89 353/41/81 1313/41/84 1312/45/90
f 896/46/91 897/43/85 1857/43/88 1856/46/92
f 354/42/82 351/47/93 1311/47/94 1314/42/83
f 898/44/86 895/48/95 1855/48/96 1858/44/87
f 557/49/97 558/50/98 1518/50/99 1517/49/100
f 1101/51/101 1102/52/102 2062/52/103 2061/51/104
f 351/47/93 352/45/89 1312/45/90 1311/47/94
f 895/48/95 896/46/91 1856/46/92 1855/48/96
f 556/53/105 557/49/97 1517/49/100 1516/53/106
f 1100/54/107 1101/51/101 2061/51/104 2060/54/108
f 558/50/98 555/55/109 1515/55/110 1518/50/99
f 1102/52/102 1099/56/111 2059/56/112 2062/52/103
f 761/57/113 762/58/114 1722/58/115 1721/57/116
f 555/55/109 556/53/105 1516/53/106 1515/55/110
f 1099/56/111 1100/54/107 2060/54/108 2059/56/112
f 760/59/117 761/57/113 1721/57/116 1720/59/118
f 762/58/114 759/60/119 1719/60/120 1722/58/115
f 349/61/121 350/62/122 1310/62/123 1309/61/124
f 759/60/119 760/59/117 1720/59/118 1719/60/120
f 893/63/125 894/64/126 1854/64/127 1853/63/128
f 348/65/129 349/61/121 1309/61/124 1308/65/130
f 892/66/131 893/63/125 1853/63/128 1852/66/132
f 350/62/122 347/67/133 1307/67/134 1310/62/123
f 894/64/126 891/68/135 1851/68/136 1854/64/127
f 553/69/137 554/70/138 1514/70/139 1513/69/140
f 1097/71/141 1098/72/142 2058/72/143 2057/71/144
f 347/67/133 348/65/129 1308/65/130 1307/67/134
f 891/68/135 892/66/131 1852/66/132 1851/68/136
f 552/73/145 553/69/137 1513/69/140 1512/73/146
f 1096/74/147 1097/71/141 2057/71/144 2056/74/148
f 554/70/138 551/75/149 1511/75/150 1514/70/139
f 1098/72/142 1095/76/151 2055/76/152 2058/72/143
f 757/77/153 758/78/154 1718/78/155 1717/77/156
f 551/75/149 552/73/145 1512/73/146 1511/75/150
f 1095/76/151 1096/74/147 2056/74/148 2055/76/152
f 756/79/157 757/77/153 1717/77/156 1716/79/158
f 758/78/154 755/80/159 1715/80/160 1718/78/155
f 345/81/161 346/82/162 1306/82/163 1305/81/164
f 755/80/159 756/79/157 1716/79/158 1715/80/160
f 889/83/165 890/84/166 1850/84/167 1849/83/168
f 344/85/169 345/81/161 1305/81/164 1304/85/170
f 888/86/171 889/83/165 1849/83/168 1848/86/172
f 346/82/162 343/87/173 1303/87/174 1306/82/163
f 890/84/166 887/88/175 1847/88/176 1850/84/167
f 549/89/177 550/90/178 1510/90/179 1509/89/180
f 1093/91/181 1094/92/182 2054/92/183 2053/91/184
f 343/87/173 344/85/169 1304/85/170 1303/87/174
f 887/88/175 888/86/171 1848/86/172 1847/88/176
f 548/93/185 549/89/177 1509/89/180 1508/93/186
f 1092/94/187 1093/91/181 2053/91/184 2052/94/188
f 550/90/178 547/95/189 1507/95/190 1510/90/179
f 1094/92/182 1091/96/191 2051/96/192 2054/92/183
f 753/97/193 754/98/194 1714/98/195 1713/97/196
f 547/95/189 548/93/185 1508/93/186 1507/95/190
f 1091/96/191 1092/94/187 2052/94/188 2051/96/192
f 752/99/197 753/97/193 1713/97/196 1712/99/198
f 754/98/194 751/100/199 1711/100/200 1714/98/195
f 341/101/201 342/102/202 1302/102/203 1301/101/204
f 751/100/199 752/99/197 1712/99/198 1711/100/200
f 885/103/205 886/104/206 1846/104/207 1845/103/208
f 340/105/209 341/101/201 1301/101/204 1300/105/210
f 884/106/211 885/103/205 1845/103/208 1844/106/212
f 342/102/202 339/107/213 1299/107/214 1302/102/203
f 886/104/206 883/108/215 1843/108/216 1846/104/207
f 545/109/217 546/110/218 1506/110/219 1505/109/220
f 1089/111/221 1090/112/222 2050/112/223 2049/111/224
f 339/107/213 340/105/209 1300/105/210 1299/107/214
f 883/108/215 884/106/211 1844/106/212 1843/108/216
f 544/113/225 545/109/217 1505/109/220 1504/113/226
f 1088/114/227 1089/111/221 2049/111/224 2048/114/228
f 546/110/218 543/115/229 1503/115/230 1506/110/219
f 1090/112/222 1087/116/231 2047/116/232 2050/112/223
f 749/117/233 750/118/234 1710/118/235 1709/117/236
f 543/115/229 544/113/225 1504/113/226 1503/115/230
f 1087/116/231 1088/114/227 2048/114/228 2047/116/232
f 748/119/237 749/117/233 1709/117/236 1708/119/238
f 750/118/234 747/120/239 1707/120/240 1710/118/235
f 337/121/241 338/122/242 1298/122/243 1297/121/244
f 747/120/239 748/119/237 1708/119/238 1707/120/240
f 881/123/245 882/124/246 1842/124/247 1841/123/248
f 336/125/249 337/121/241 1297/121/244 1296/125/250
f 880/126/251 881/123/245 1841/123/248 1840/126/252
f 338/122/242 335/127/253 1295/127/254 1298/122/243
f 882/124/246 879/128/255 1839/128/256 1842/124/247
f 541/129/257 542/130/258 1502/130/259 1501/129/260
f 1085/131/261 1086/132/262 2046/132/263 2045/131/264
f 335/127/253 336/125/249 1296/125/250 1295/127/254
f 879/128/255 880/126/251 1840/126/252 1839/128/256
f 540/133/265 541/129/257 1501/129/260 1500/133/266
f 1084/134/267 1085/131/261 2045/131/264 2044/134/268
f 542/130/258 539/135/269 1499/135/270 1502/130/259
f 1086/132/262 1083/136/271 2043/136/272 2046/132/263
f 745/137/273 746/138/274 1706/138/275 1705/137/276
f 539/135/269 540/133/265 1500/133/266 1499/135/270
f 1083/136/271 1084/134/267 2044/134/268 2043/136/272
f 744/139/277 745/137/273 1705/137/276 1704/139/278
f 746/138/274 743/140/279 1703/140/280 1706/138/275
f 333/141/281 334/142/282 1294/142/283 1293/141/284
f 743/140/279 744/139/277 1704/139/278 1703/140/280
f 877/143/285 878/144/286 1838/144/287 1837/143/288
f 332/145/289 333/141/281 1293/141/284 1292/145/290
f 876/146/291 877/143/285 1837/143/288 1836/146/292
f 334/142/282 331/147/293 1291/147/294 1294/142/283
f 878/144/286 875/148/295 1835/148/296 1838/144/287
f 537/149/297 538/150/298 1498/150/299 1497/149/300
f 1081/151/301 1082/152/302 2042/152/303 2041/151/304
f 331/147/293 332/145/289 1292/145/290 1291/147/294
f 875/148/295 876/146/291 1836/146/292 1835/148/296
f 536/153/305 537/149/297 1497/149/300 1496/153/306
f 1080/154/307 1081/151/301 2041/151/304 2040/154/308
f 538/150/298 535/155/309 1495/155/310 1498/150/299
f 1082/152/302 1079/156/311 2039/156/312 2042/152/303
f 741/157/313 742/158/314 1702/158/315 1701/157/316
f 535/155/309 536/153/305 1496/153/306 1495/155/310
f 1079/156/311 1080/154/307 2040/154/308 2039/156/312
f 740/159/317 741/157/313 1701/157/316 1700/159/318
f 742/158/314 739/160/319 1699/160/320 1702/158/315
f 329/161/321 330/162/322 1290/162/323 1289/161/324
f 873/163/325 874/164/326 1834/164/327 1833/163/328
f 739/160/319 740/159/317 1700/159/318 1699/160/320
f 328/165/329 329/161/321 1289/161/324 1288/165/330
f 872/166/331 873/163/325 1833/163/328 1832/166/332
f 330/162/322 327/167/333 1287/167/334 1290/162/323
f 874/164/326 871/168/335 1831/168/336 1834/164/327
f 533/169/337 534/170/338 1494/170/339 1493/169/340
f 1077/171/341 1078/172/342 2038/172/343 2037/171/344
f 327/167/333 328/165/329 1288/165/330 1287/167/334
f 871/168/335 872/166/331 1832/166/332 1831/168/336
f 532/173/345 533/169/337 1493/169/340 1492/173/346
f 1076/174/347 1077/171/341 2037/171/344 2036/174/348
f 534/170/338 531/175/349 1491/175/350 1494/170/339
f 1078/172/342 1075/176/351 2035/176/352 2038/172/343
f 737/177/353 738/178/354 1698/178/355 1697/177/356
f 531/175/349 532/173/345 1492/173/346 1491/175/350
f 1075/176/351 1076/174/347 2036/174/348 2035/176/352
f 736/179/357 737/177/353 1697/177/356 1696/179/358
f 738/178/354 735/180/359 1695/180/360 1698/178/355
f 325/181/361 326/182/362 1286/182/363 1285/181/364
f 869/183/365 870/184/366 1830/184/367 1829/183/368
f 735/180/359 736/179/357 1696/179/358 1695/180/360
f 324/185/369 325/181/361 1285/181/364 1284/185/370
f 868/186/371 869/183/365 1829/183/368 1828/186/372
f 326/182/362 323/187/373 1283/187/374 1286/182/363
f 870/184/366 867/188/375 1827/188/376 1830/184/367
f 529/189/377 530/190/378 1490/190/379 1489/189/380
f 1073/191/381 1074/192/382 2034/192/383 2033/191/384
f 323/187/373 324/185/369 1284/185/370 1283/187/374
f 867/188/375 868/186/371 1828/186/372 1827/188/376
f 528/193/385 529/189/377 1489/189/380 1488/193/386
f 1072/194/387 1073/191/381 2033/191/384 2032/194/388
f 530/190/378 527/195/389 1487/195/390 1490/190/379
f 1074/192/382 1071/196/391 2031/196/392 2034/192/383
f 733/197/393 734/198/394 1694/198/395 1693/197/396
f 527/195/389 528/193/385 1488/193/386 1487/195/390
f 1071/196/391 1072/194/387 2032/194/388 2031/196/392
f 732/199/397 733/197/393 1693/197/396 1692/199/398
f 734/198/394 731/200/399 1691/200/400 1694/198/395
f 321/201/401 322/202/402 1282/202/403 1281/201/404
f 865/203/405 866/204/406 1826/204/407 1825/203/408
f 731/200/399 732/199/397 1692/199/398 1691/200/400
f 320/205/409 321/201/401 1281/201/404 1280/205/410
f 864/206/411 865/203/405 1825/203/408 1824/206/412
f 322/202/402 319/207/413 1279/207/414 1282/202/403
f 866/204/406 863/208/415 1823/208/416 1826/204/407
f 525/209/417 526/210/418 1486/210/419 1485/209/420
f 1069/211/421 1070/212/422 2030/212/423 2029/211/424
f 319/207/413 320/205/409 1280/205/410 1279/207/414
f 863/208/415 864/206/411 1824/206/412 1823/208/416
f 524/213/425 525/209/417 1485/209/420 1484/213/426
f 1068/214/427 1069/211/421 2029/211/424 2028/214/428
f 526/210/418 523/215/429 1483/215/430 1486/210/419
f 1070/212/422 1067/216/431 2027/216/432 2030/212/423
f 729/217/433 730/218/434 1690/218/435 1689/217/436
f 523/215/429 524/213/425 1484/213/426 1483/215/430
f 1067/216/431 1068/214/427 2028/214/428 2027/216/432
f 728/219/437 729/217/433 1689/217/436 1688/219/438
f 730/218/434 727/220/439 1687/220/440 1690/218/435
f 317/221/441 318/222/442 1278/222/443 1277/221/444
f 861/223/445 862/224/446 1822/224/447 1821/223/448
f 727/220/439 728/219/437 1688/219/438 1687/220/440
f 316/225/449 317/221/441 1277/221/444 1276/225/450
f 860/226/451 861/223/445 1821/223/448 1820/226/452
f 318/222/442 315/227/453 1275/227/454 1278/222/443
f 862/224/446 859/228/455 1819/228/456 1822/224/447
f 521/229/457 522/230/458 1482/230/459 1481/229/460
f 1065/231/461 1066/232/462 2026/232/463 2025/231/464
f 315/227/453 316/225/449 1276/225/450 1275/227/454
f 859/228/455 860/226/451 1820/226/452 1819/228/456
f 520/233/465 521/229/457 1481/229/460 1480/233/466
f 1064/234/467 1065/231/461 2025/231/464 2024/234/468
f 522/230/458 519/235/469 1479/235/470 1482/230/459
f 1066/232/462 1063/236/471 2023/236/472 2026/232/463
f 725/237/473 726/238/474 1686/238/475 1685/237/476
f 519/235/469 520/233/465 1480/233/466 1479/235/470
f 1063/236/471 1064/234/467 2024/234/468 2023/236/472
f 724/239/477 725/237/473 1685/237/476 1684/239/478
f 726/238/474 723/240/479 1683/240/480 1686/238/475
f 313/241/481 314/242/482 1274/242/483 1273/241/484
f 857/243/485 858/244/486 1818/244/487 1817/243/488
f 723/240/479 724/239/477 1684/239/478 1683/240/480
f 34/245/489 27/246/490 244/247/491 243/248/492
f 27/246/490 19/249/493 245/250/494 244/247/491
f 19/249/493 26/251/495 246/252/496 245/250/494
f 26/251/495 34/245/489 243/248/492 246/252/496
f 16/253/497 9/254/498 248/255/499 247/256/500
f 9/254/498 3/257/501 249/258/502 248/255/499
f 3/257/501 8/259/503 250/260/504 249/258/502
f 8/259/503 16/253/497 247/256/500 250/260/504
f 233/261/505 240/262/506 252/263/507 251/264/508
f 240/262/506 6/265/509 253/266/510 252/263/507
f 6/265/509 1/267/511 254/268/512 253/266/510
f 1/267/511 233/261/505 251/264/508 254/268/512
f 20/269/513 157/270/514 256/271/515 255/272/516
f 157/270/514 242/273/517 257/274/518 256/271/515
f 242/273/517 12/275/519 258/276/520 257/274/518
f 12/275/519 20/269/513 255/272/516 258/276/520
f 4/277/521 236/278/522 260/279/523 259/280/524
f 236/278/522 3/257/501 261/281/525 260/279/523
f 3/257/501 9/254/498 262/282/526 261/281/525
f 9/254/498 4/277/521 259/280/524 262/282/526
f 52/283/527 45/284/528 264/285/529 263/286/530
f 45/284/528 36/287/531 265/288/532 264/285/529
f 36/287/531 44/289/533 266/290/534 265/288/532
f 44/289/533 52/283/527 263/286/530 266/290/534
f 35/291/535 157/292/514 268/293/536 267/294/537
f 157/292/514 20/269/513 269/295/538 268/293/536
f 20/269/513 27/246/490 270/296/539 269/295/538
f 27/246/490 35/291/535 267/294/537 270/296/539
f 23/297/540 16/253/497 272/298/541 271/299/542
f 16/253/497 8/259/503 273/300/543 272/298/541
f 8/259/503 15/301/544 274/302/545 273/300/543
f 15/301/544 23/297/540 271/299/542 274/302/545
f 39/303/546 32/304/547 276/305/548 275/306/549
f 32/304/547 24/307/550 277/308/551 276/305/548
f 24/307/550 31/309/552 278/310/553 277/308/551
f 31/309/552 39/303/546 275/306/549 278/310/553
f 237/311/554 4/277/521 280/312/555 279/313/556
f 4/277/521 10/314/557 281/315/558 280/312/555
f 10/314/557 5/316/559 282/317/560 281/315/558
f 5/316/559 237/311/554 279/313/556 282/317/560
f 234/318/561 1/267/511 284/319/562 283/320/563
f 1/267/511 7/321/564 285/322/565 284/319/562
f 7/321/564 2/323/566 286/324/567 285/322/565
f 2/323/566 234/318/561 283/320/563 286/324/567
f 25/325/568 18/326/569 288/327/570 287/328/571
f 18/326/569 10/314/557 289/329/572 288/327/570
f 10/314/557 17/330/573 290/331/574 289/329/572
f 17/330/573 25/325/568 287/328/571 290/331/574
f 238/332/575 5/316/559 292/333/576 291/334/577
f 5/316/559 11/335/578 293/336/579 292/333/576
f 11/335/578 241/337/580 294/338/581 293/336/579
f 241/337/580 238/332/575 291/334/577 294/338/581
f 51/339/582 157/340/514 296/341/583 295/342/584
f 157/340/514 35/291/535 297/343/585 296/341/583
f 35/291/535 42/344/586 298/345/587 297/343/585
f 42/344/586 51/339/582 295/342/584 298/345/587
f 14/346/588 7/321/564 300/347/589 299/348/590
f 7/321/564 1/267/511 301/349/591 300/347/589
f 1/267/511 6/265/509 302/350/592 301/349/591
f 6/265/509 14/346/588 299/348/590 302/350/592
f 18/326/569 11/335/578 304/351/593 303/352/594
f 11/335/578 5/316/559 305/353/595 304/351/593
f 5/316/559 10/314/557 306/354/596 305/353/595
f 10/314/557 18/326/569 303/352/594 306/354/596
f 55/355/597 48/356/598 308/357/599 307/358/600
f 48/356/598 39/303/546 309/359/601 308/357/599
f 39/303/546 47/360/602 310/361/603 309/359/601
f 47/360/602 55/355/597 307/358/600 310/361/603
f 24/307/550 32/304/547 312/362/604 311/363/605
f 32/304/547 25/325/568 313/241/481 312/362/604
f 25/325/568 17/330/573 314/242/482 313/241/481
f 17/330/573 24/307/550 311/363/605 314/242/482
f 15/301/544 8/259/503 316/225/449 315/227/453
f 8/259/503 2/323/566 317/221/441 316/225/449
f 2/323/566 7/321/564 318/222/442 317/221/441
f 7/321/564 15/301/544 315/227/453 318/222/442
f 19/249/493 12/275/519 320/205/409 319/207/413
f 12/275/519 241/337/580 321/201/401 320/205/409
f 241/337/580 11/335/578 322/202/402 321/201/401
f 11/335/578 19/249/493 319/207/413 322/202/402
f 37/364/606 30/365/607 324/185/369 323/187/373
f 30/365/607 22/366/608 325/181/361 324/185/369
f 22/366/608 29/367/609 326/182/362 325/181/361
f 29/367/609 37/364/606 323/187/373 326/182/362
f 24/307/550 17/330/573 328/165/329 327/167/333
f 17/330/573 9/254/498 329/161/321 328/165/329
f 9/254/498 16/253/497 330/162/322 329/161/321
f 16/253/497 24/307/550 327/167/333 330/162/322
f 33/368/610 26/251/495 332/145/289 331/147/293
f 26/251/495 18/326/569 333/141/281 332/145/289
f 18/326/569 25/325/568 334/142/282 333/141/281
f 25/325/568 33/368/610 331/147/293 334/142/282
f 30/365/607 38/369/611 336/125/249 335/127/253
f 38/369/611 31/309/552 337/121/241 336/125/249
f 31/309/552 23/297/540 338/122/242 337/121/241
f 23/297/540 30/365/607 335/127/253 338/122/242
f 50/370/612 42/344/586 340/105/209 339/107/213
f 42/344/586 34/245/489 341/101/201 340/105/209
f 34/245/489 41/371/613 342/102/202 341/101/201
f 41/371/613 50/370/612 339/107/213 342/102/202
f 239/372/614 241/337/580 344/85/169 343/87/173
f 241/337/580 12/275/519 345/81/161 344/85/169
f 12/275/519 242/273/517 346/82/162 345/81/161
f 242/273/517 239/372/614 343/87/173 346/82/162
f 28/373/615 21/374/616 348/65/129 347/67/133
f 21/374/616 13/375/617 349/61/121 348/65/129
f 13/375/617 43/376/618 350/62/122 349/61/121
f 43/376/618 28/373/615 347/67/133 350/62/122
f 42/344/586 35/291/535 352/45/89 351/47/93
f 35/291/535 27/246/490 353/41/81 352/45/89
f 27/246/490 34/245/489 354/42/82 353/41/81
f 34/245/489 42/344/586 351/47/93 354/42/82
f 41/371/613 34/245/489 356/25/49 355/27/53
f 34/245/489 26/251/495 357/21/41 356/25/49
f 26/251/495 33/368/610 358/22/42 357/21/41
f 33/368/610 41/371/613 355/27/53 358/22/42
f 72/377/619 65/378/620 360/1/1 359/6/10
f 65/378/620 57/379/621 361/2/2 360/1/1
f 57/379/621 64/380/622 362/5/9 361/2/2
f 64/380/622 72/377/619 359/6/10 362/5/9
f 40/381/623 33/368/610 364/382/624 363/383/625
f 33/368/610 25/325/568 365/384/626 364/382/624
f 25/325/568 32/304/547 366/385/627 365/384/626
f 32/304/547 40/381/623 363/383/625 366/385/627
f 46/386/628 38/369/611 368/387/629 367/388/630
f 38/369/611 30/365/607 369/389/631 368/387/629
f 30/365/607 37/364/606 370/390/632 369/389/631
f 37/364/606 46/386/628 367/388/630 370/390/632
f 56/391/633 49/392/634 372/393/635 371/394/636
f 49/392/634 40/381/623 373/395/637 372/393/635
f 40/381/623 48/356/598 374/396/638 373/395/637
f 48/356/598 56/391/633 371/394/636 374/396/638
f 70/397/639 63/398/640 376/399/641 375/400/642
f 63/398/640 55/355/597 377/401/643 376/399/641
f 55/355/597 62/402/644 378/403/645 377/401/643
f 62/402/644 70/397/639 375/400/642 378/403/645
f 75/404/646 68/405/647 380/406/648 379/407/649
f 68/405/647 60/408/650 381/409/651 380/406/648
f 60/408/650 67/410/652 382/411/653 381/409/651
f 67/410/652 75/404/646 379/407/649 382/411/653
f 50/370/612 58/412/654 384/413/655 383/414/656
f 58/412/654 51/339/582 385/415/657 384/413/655
f 51/339/582 42/344/586 386/416/658 385/415/657
f 42/344/586 50/370/612 383/414/656 386/416/658
f 49/392/634 41/371/613 388/417/659 387/418/660
f 41/371/613 33/368/610 389/419/661 388/417/659
f 33/368/610 40/381/623 390/420/662 389/419/661
f 40/381/623 49/392/634 387/418/660 390/420/662
f 57/379/621 50/370/612 392/421/663 391/422/664
f 50/370/612 41/371/613 393/423/665 392/421/663
f 41/371/613 49/392/634 394/424/666 393/423/665
f 49/392/634 57/379/621 391/422/664 394/424/666
f 45/284/528 37/364/606 396/425/667 395/426/668
f 37/364/606 29/367/609 397/427/669 396/425/667
f 29/367/609 36/287/531 398/428/670 397/427/669
f 36/287/531 45/284/528 395/426/668 398/428/670
f 47/360/602 39/303/546 400/429/671 399/430/672
f 39/303/546 31/309/552 401/431/673 400/429/671
f 31/309/552 38/369/611 402/432/674 401/431/673
f 38/369/611 47/360/602 399/430/672 402/432/674
f 77/433/675 70/397/639 404/434/676 403/435/677
f 70/397/639 62/402/644 405/436/678 404/434/676
f 62/402/644 69/437/679 406/438/680 405/436/678
f 69/437/679 77/433/675 403/435/677 406/438/680
f 28/373/615 43/439/618 408/440/681 407/441/682
f 43/439/618 44/289/533 409/442/683 408/440/681
f 44/289/533 36/287/531 410/443/684 409/442/683
f 36/287/531 28/373/615 407/441/682 410/443/684
f 46/386/628 54/444/685 412/445/686 411/446/687
f 54/444/685 47/360/602 413/447/688 412/445/686
f 47/360/602 38/369/611 414/448/689 413/447/688
f 38/369/611 46/386/628 411/446/687 414/448/689
f 65/378/620 58/412/654 416/449/690 415/450/691
f 58/412/654 50/370/612 417/451/692 416/449/690
f 50/370/612 57/379/621 418/452/693 417/451/692
f 57/379/621 65/378/620 415/450/691 418/452/693
f 61/453/694 54/444/685 420/454/695 419/455/696
f 54/444/685 46/386/628 421/456/697 420/454/695
f 46/386/628 53/457/698 422/458/699 421/456/697
f 53/457/698 61/453/694 419/455/696 422/458/699
f 48/356/598 40/381/623 424/459/700 423/460/701
f 40/381/623 32/304/547 425/461/702 424/459/700
f 32/304/547 39/303/546 426/462/703 425/461/702
f 39/303/546 48/356/598 423/460/701 426/462/703
f 71/463/704 64/380/622 428/464/705 427/465/706
f 64/380/622 56/391/633 429/466/707 428/464/705
f 56/391/633 63/398/640 430/467/708 429/466/707
f 63/398/640 71/463/704 427/465/706 430/467/708
f 76/468/709 69/437/679 432/469/710 431/470/711
f 69/437/679 61/453/694 433/471/712 432/469/710
f 61/453/694 68/405/647 434/472/713 433/471/712
f 68/405/647 76/468/709 431/470/711 434/472/713
f 53/457/698 46/386/628 436/473/714 435/474/715
f 46/386/628 37/364/606 437/475/716 436/473/714
f 37/364/606 45/284/528 438/476/717 437/475/716
f 45/284/528 53/457/698 435/474/715 438/476/717
f 68/405/647 61/453/694 440/477/718 439/478/719
f 61/453/694 53/457/698 441/479/720 440/477/718
f 53/457/698 60/408/650 442/480/721 441/479/720
f 60/408/650 68/405/647 439/478/719 442/480/721
f 64/380/622 57/379/621 444/481/722 443/482/723
f 57/379/621 49/392/634 445/483/724 444/481/722
f 49/392/634 56/391/633 446/484/725 445/483/724
f 56/391/633 64/380/622 443/482/723 446/484/725
f 65/378/620 73/485/726 448/486/727 447/487/728
f 73/485/726 66/488/729 449/489/730 448/486/727
f 66/488/729 58/412/654 450/490/731 449/489/730
f 58/412/654 65/378/620 447/487/728 450/490/731
f 62/402/644 55/355/597 452/491/732 451/492/733
f 55/355/597 47/360/602 453/493/734 452/491/732
f 47/360/602 54/444/685 454/494/735 453/493/734
f 54/444/685 62/402/644 451/492/733 454/494/735
f 66/488/729 157/495/514 456/496/736 455/497/737
f 157/495/514 51/339/582 457/498/738 456/496/736
f 51/339/582 58/412/654 458/499/739 457/498/738
f 58/412/654 66/488/729 455/497/737 458/499/739
f 44/289/533 43/500/618 460/501/740 459/502/741
f 43/500/618 59/503/742 461/504/743 460/501/740
f 59/503/742 52/283/527 462/505/744 461/504/743
f 52/283/527 44/289/533 459/502/741 462/505/744
f 52/283/527 60/408/650 464/506/745 463/507/746
f 60/408/650 53/457/698 465/508/747 464/506/745
f 53/457/698 45/284/528 466/509/748 465/508/747
f 45/284/528 52/283/527 463/507/746 466/509/748
f 83/510/749 76/468/709 468/511/750 467/512/751
f 76/468/709 68/405/647 469/513/752 468/511/750
f 68/405/647 75/404/646 470/514/753 469/513/752
f 75/404/646 83/510/749 467/512/751 470/514/753
f 80/515/754 73/485/726 472/516/755 471/517/756
f 73/485/726 65/378/620 473/518/757 472/516/755
f 65/378/620 72/377/619 474/519/758 473/518/757
f 72/377/619 80/515/754 471/517/756 474/519/758
f 78/520/759 71/463/704 476/521/760 475/522/761
f 71/463/704 63/398/640 477/523/762 476/521/760
f 63/398/640 70/397/639 478/524/763 477/523/762
f 70/397/639 78/520/759 475/522/761 478/524/763
f 63/398/640 56/391/633 480/525/764 479/526/765
f 56/391/633 48/356/598 481/527/766 480/525/764
f 48/356/598 55/355/597 482/528/767 481/527/766
f 55/355/597 63/398/640 479/526/765 482/528/767
f 67/410/652 60/408/650 484/529/768 483/530/769
f 60/408/650 52/283/527 485/531/770 484/529/768
f 52/283/527 59/503/742 486/532/771 485/531/770
f 59/503/742 67/410/652 483/530/769 486/532/771
f 91/533/772 84/534/773 488/535/774 487/536/775
f 84/534/773 76/468/709 489/537/776 488/535/774
f 76/468/709 83/510/749 490/538/777 489/537/776
f 83/510/749 91/533/772 487/536/775 490/538/777
f 107/539/778 100/540/779 492/541/780 491/542/781
f 100/540/779 92/543/782 493/544/783 492/541/780
f 92/543/782 99/545/784 494/546/785 493/544/783
f 99/545/784 107/539/778 491/542/781 494/546/785
f 98/547/786 91/533/772 496/548/787 495/549/788
f 91/533/772 83/510/749 497/550/789 496/548/787
f 83/510/749 90/551/790 498/552/791 497/550/789
f 90/551/790 98/547/786 495/549/788 498/552/791
f 86/553/792 79/554/793 500/555/794 499/556/795
f 79/554/793 71/463/704 501/557/796 500/555/794
f 71/463/704 78/520/759 502/558/797 501/557/796
f 78/520/759 86/553/792 499/556/795 502/558/797
f 97/559/798 90/551/790 504/560/799 503/561/800
f 90/551/790 82/562/801 505/563/802 504/560/799
f 82/562/801 89/564/803 506/565/804 505/563/802
f 89/564/803 97/559/798 503/561/800 506/565/804
f 81/566/805 157/567/514 508/568/806 507/569/807
f 157/567/514 66/488/729 509/570/808 508/568/806
f 66/488/729 73/485/726 510/571/809 509/570/808
f 73/485/726 81/566/805 507/569/807 510/571/809
f 69/437/679 62/402/644 512/572/810 511/573/811
f 62/402/644 54/444/685 513/574/812 512/572/810
f 54/444/685 61/453/694 514/575/813 513/574/812
f 61/453/694 69/437/679 511/573/811 514/575/813
f 71/463/704 79/554/793 516/576/814 515/577/815
f 79/554/793 72/377/619 517/578/816 516/576/814
f 72/377/619 64/380/622 518/579/817 517/578/816
f 64/380/622 71/463/704 515/577/815 518/579/817
f 84/534/773 77/433/675 520/233/465 519/235/469
f 77/433/675 69/437/679 521/229/457 520/233/465
f 69/437/679 76/468/709 522/230/458 521/229/457
f 76/468/709 84/534/773 519/235/469 522/230/458
f 96/580/818 157/581/514 524/213/425 523/215/429
f 157/581/514 81/566/805 525/209/417 524/213/425
f 81/566/805 88/582/819 526/210/418 525/209/417
f 88/582/819 96/580/818 523/215/429 526/210/418
f 95/583/820 88/582/819 528/193/385 527/195/389
f 88/582/819 80/515/754 529/189/377 528/193/385
f 80/515/754 87/584/821 530/190/378 529/189/377
f 87/584/821 95/583/820 527/195/389 530/190/378
f 122/585/822 115/586/823 532/173/345 531/175/349
f 115/586/823 107/539/778 533/169/337 532/173/345
f 107/539/778 114/587/824 534/170/338 533/169/337
f 114/587/824 122/585/822 531/175/349 534/170/338
f 99/545/784 92/543/782 536/153/305 535/155/309
f 92/543/782 84/534/773 537/149/297 536/153/305
f 84/534/773 91/533/772 538/150/298 537/149/297
f 91/533/772 99/545/784 535/155/309 538/150/298
f 74/588/825 67/410/652 540/133/265 539/135/269
f 67/410/652 59/503/742 541/129/257 540/133/265
f 59/503/742 43/589/618 542/130/258 541/129/257
f 43/589/618 74/588/825 539/135/269 542/130/258
f 82/562/801 75/404/646 544/113/225 543/115/229
f 75/404/646 67/410/652 545/109/217 544/113/225
f 67/410/652 74/588/825 546/110/218 545/109/217
f 74/588/825 82/562/801 543/115/229 546/110/218
f 87/584/821 80/515/754 548/93/185 547/95/189
f 80/515/754 72/377/619 549/89/177 548/93/185
f 72/377/619 79/554/793 550/90/178 549/89/177
f 79/554/793 87/584/821 547/95/189 550/90/178
f 77/433/675 85/590/826 552/73/145 551/75/149
f 85/590/826 78/520/759 553/69/137 552/73/145
f 78/520/759 70/397/639 554/70/138 553/69/137
f 70/397/639 77/433/675 551/75/149 554/70/138
f 102/591/827 95/583/820 556/53/105 555/55/109
f 95/583/820 87/584/821 557/49/97 556/53/105
f 87/584/821 94/592/828 558/50/98 557/49/97
f 94/592/828 102/591/827 555/55/109 558/50/98
f 101/593/829 94/592/828 560/33/65 559/35/69
f 94/592/828 86/553/792 561/29/57 560/33/65
f 86/553/792 93/594/830 562/30/58 561/29/57
f 93/594/830 101/593/829 559/35/69 562/30/58
f 98/547/786 106/595/831 564/13/25 563/15/29
f 106/595/831 99/545/784 565/9/17 564/13/25
f 99/545/784 91/533/772 566/10/18 565/9/17
f 91/533/772 98/547/786 563/15/29 566/10/18
f 90/551/790 83/510/749 568/596/832 567/597/833
f 83/510/749 75/404/646 569/598/834 568/596/832
f 75/404/646 82/562/801 570/599/835 569/598/834
f 82/562/801 90/551/790 567/597/833 570/599/835
f 112/600/836 105/601/837 572/602/838 571/603/839
f 105/601/837 97/559/798 573/604/840 572/602/838
f 97/559/798 104/605/841 574/606/842 573/604/840
f 104/605/841 112/600/836 571/603/839 574/606/842
f 88/582/819 81/566/805 576/607/843 575/608/844
f 81/566/805 73/485/726 577/609/845 576/607/843
f 73/485/726 80/515/754 578/610/846 577/609/845
f 80/515/754 88/582/819 575/608/844 578/610/846
f 93/594/830 86/553/792 580/611/847 579/612/848
f 86/553/792 78/520/759 581/613/849 580/611/847
f 78/520/759 85/590/826 582/614/850 581/613/849
f 85/590/826 93/594/830 579/612/848 582/614/850
f 103/615/851 96/580/818 584/616/852 583/617/853
f 96/580/818 88/582/819 585/618/854 584/616/852
f 88/582/819 95/583/820 586/619/855 585/618/854
f 95/583/820 103/615/851 583/617/853 586/619/855
f 118/620/856 111/621/857 588/622/858 587/623/859
f 111/621/857 103/615/851 589/624/860 588/622/858
f 103/615/851 110/625/861 590/626/862 589/624/860
f 110/625/861 118/620/856 587/623/859 590/626/862
f 110/625/861 103/615/851 592/627/863 591/628/864
f 103/615/851 95/583/820 593/629/865 592/627/863
f 95/583/820 102/591/827 594/630/866 593/629/865
f 102/591/827 110/625/861 591/628/864 594/630/866
f 124/631/867 117/632/868 596/633/869 595/634/870
f 117/632/868 109/635/871 597/636/872 596/633/869
f 109/635/871 116/637/873 598/638/874 597/636/872
f 116/637/873 124/631/867 595/634/870 598/638/874
f 89/564/803 82/562/801 600/639/875 599/640/876
f 82/562/801 74/588/825 601/641/877 600/639/875
f 74/588/825 43/642/618 602/643/878 601/641/877
f 43/642/618 89/564/803 599/640/876 602/643/878
f 92/543/782 100/540/779 604/644/879 603/645/880
f 100/540/779 93/594/830 605/646/881 604/644/879
f 93/594/830 85/590/826 606/647/882 605/646/881
f 85/590/826 92/543/782 603/645/880 606/647/882
f 113/648/883 121/649/884 608/650/885 607/651/886
f 121/649/884 114/587/824 609/652/887 608/650/885
f 114/587/824 106/595/831 610/653/888 609/652/887
f 106/595/831 113/648/883 607/651/886 610/653/888
f 111/621/857 157/654/514 612/655/889 611/656/890
f 157/654/514 96/580/818 613/657/891 612/655/889
f 96/580/818 103/615/851 614/658/892 613/657/891
f 103/615/851 111/621/857 611/656/890 614/658/892
f 114/587/824 107/539/778 616/659/893 615/660/894
f 107/539/778 99/545/784 617/661/895 616/659/893
f 99/545/784 106/595/831 618/662/896 617/661/895
f 106/595/831 114/587/824 615/660/894 618/662/896
f 94/592/828 87/584/821 620/663/897 619/664/898
f 87/584/821 79/554/793 621/665/899 620/663/897
f 79/554/793 86/553/792 622/666/900 621/665/899
f 86/553/792 94/592/828 619/664/898 622/666/900
f 117/632/868 110/625/861 624/667/901 623/668/902
f 110/625/861 102/591/827 625/669/903 624/667/901
f 102/591/827 109/635/871 626/670/904 625/669/903
f 109/635/871 117/632/868 623/668/902 626/670/904
f 116/637/873 109/635/871 628/671/905 627/672/906
f 109/635/871 101/593/829 629/673/907 628/671/905
f 101/593/829 108/674/908 630/675/909 629/673/907
f 108/674/908 116/637/873 627/672/906 630/675/909
f 105/601/837 98/547/786 632/676/910 631/677/911
f 98/547/786 90/551/790 633/678/912 632/676/910
f 90/551/790 97/559/798 634/679/913 633/678/912
f 97/559/798 105/601/837 631/677/911 634/679/913
f 129/680/914 122/585/822 636/681/915 635/682/916
f 122/585/822 114/587/824 637/683/917 636/681/915
f 114/587/824 121/649/884 638/684/918 637/683/917
f 121/649/884 129/680/914 635/682/916 638/684/918
f 108/674/908 101/593/829 640/685/919 639/686/920
f 101/593/829 93/594/830 641/687/921 640/685/919
f 93/594/830 100/540/779 642/688/922 641/687/921
f 100/540/779 108/674/908 639/686/920 642/688/922
f 113/648/883 106/595/831 644/689/923 643/690/924
f 106/595/831 98/547/786 645/691/925 644/689/923
f 98/547/786 105/601/837 646/692/926 645/691/925
f 105/601/837 113/648/883 643/690/924 646/692/926
f 123/693/927 116/637/873 648/694/928 647/695/929
f 116/637/873 108/674/908 649/696/930 648/694/928
f 108/674/908 115/586/823 650/697/931 649/696/930
f 115/586/823 123/693/927 647/695/929 650/697/931
f 104/605/841 97/559/798 652/698/932 651/699/933
f 97/559/798 89/564/803 653/700/934 652/698/932
f 89/564/803 43/701/618 654/702/935 653/700/934
f 43/701/618 104/605/841 651/699/933 654/702/935
f 126/703/936 157/704/514 656/705/937 655/706/938
f 157/704/514 111/621/857 657/707/939 656/705/937
f 111/621/857 118/620/856 658/708/940 657/707/939
f 118/620/856 126/703/936 655/706/938 658/708/940
f 109/635/871 102/591/827 660/709/941 659/710/942
f 102/591/827 94/592/828 661/711/943 660/709/941
f 94/592/828 101/593/829 662/712/944 661/711/943
f 101/593/829 109/635/871 659/710/942 662/712/944
f 137/713/945 130/714/946 664/715/947 663/716/948
f 130/714/946 122/585/822 665/717/949 664/715/947
f 122/585/822 129/680/914 666/718/950 665/717/949
f 129/680/914 137/713/945 663/716/948 666/718/950
f 131/719/951 124/631/867 668/720/952 667/721/953
f 124/631/867 116/637/873 669/722/954 668/720/952
f 116/637/873 123/693/927 670/723/955 669/722/954
f 123/693/927 131/719/951 667/721/953 670/723/955
f 119/724/956 127/725/957 672/726/958 671/727/959
f 127/725/957 120/728/960 673/729/961 672/726/958
f 120/728/960 112/600/836 674/730/962 673/729/961
f 112/600/836 119/724/956 671/727/959 674/730/962
f 120/728/960 113/648/883 676/731/963 675/732/964
f 113/648/883 105/601/837 677/733/965 676/731/963
f 105/601/837 112/600/836 678/734/966 677/733/965
f 112/600/836 120/728/960 675/732/964 678/734/966
f 117/632/868 125/735/967 680/736/968 679/737/969
f 125/735/967 118/620/856 681/738/970 680/736/968
f 118/620/856 110/625/861 682/739/971 681/738/970
f 110/625/861 117/632/868 679/737/969 682/739/971
f 133/740/972 126/703/936 684/741/973 683/742/974
f 126/703/936 118/620/856 685/743/975 684/741/973
f 118/620/856 125/735/967 686/744/976 685/743/975
f 125/735/967 133/740/972 683/742/974 686/744/976
f 132/745/977 125/735/967 688/746/978 687/747/979
f 125/735/967 117/632/868 689/748/980 688/746/978
f 117/632/868 124/631/867 690/749/981 689/748/980
f 124/631/867 132/745/977 687/747/979 690/749/981
f 128/750/982 121/649/884 692/751/983 691/752/984
f 121/649/884 113/648/883 693/753/985 692/751/983
f 113/648/883 120/728/960 694/754/986 693/753/985
f 120/728/960 128/750/982 691/752/984 694/754/986
f 115/586/823 108/674/908 696/755/987 695/756/988
f 108/674/908 100/540/779 697/757/989 696/755/987
f 100/540/779 107/539/778 698/758/990 697/757/989
f 107/539/778 115/586/823 695/756/988 698/758/990
f 138/759/991 131/719/951 700/760/992 699/761/993
f 131/719/951 123/693/927 701/762/994 700/760/992
f 123/693/927 130/714/946 702/763/995 701/762/994
f 130/714/946 138/759/991 699/761/993 702/763/995
f 119/724/956 112/600/836 704/764/996 703/765/997
f 112/600/836 104/605/841 705/766/998 704/764/996
f 104/605/841 43/767/618 706/768/999 705/766/998
f 43/767/618 119/724/956 703/765/997 706/768/999
f 141/769/1000 157/770/514 708/771/1001 707/772/1002
f 157/770/514 126/703/936 709/773/1003 708/771/1001
f 126/703/936 133/740/972 710/774/1004 709/773/1003
f 133/740/972 141/769/1000 707/772/1002 710/774/1004
f 138/759/991 146/775/1005 712/776/1006 711/777/1007
f 146/775/1005 139/778/1008 713/779/1009 712/776/1006
f 139/778/1008 131/719/951 714/780/1010 713/779/1009
f 131/719/951 138/759/991 711/777/1007 714/780/1010
f 139/778/1008 132/745/977 716/781/1011 715/782/1012
f 132/745/977 124/631/867 717/783/1013 716/781/1011
f 124/631/867 131/719/951 718/784/1014 717/783/1013
f 131/719/951 139/778/1008 715/782/1012 718/784/1014
f 151/785/1015 144/786/1016 720/787/1017 719/788/1018
f 144/786/1016 136/789/1019 721/790/1020 720/787/1017
f 136/789/1019 143/791/1021 722/792/1022 721/790/1020
f 143/791/1021 151/785/1015 719/788/1018 722/792/1022
f 148/793/1023 141/769/1000 724/239/477 723/240/479
f 141/769/1000 133/740/972 725/237/473 724/239/477
f 133/740/972 140/794/1024 726/238/474 725/237/473
f 140/794/1024 148/793/1023 723/240/479 726/238/474
f 135/795/1025 128/750/982 728/219/437 727/220/439
f 128/750/982 120/728/960 729/217/433 728/219/437
f 120/728/960 127/725/957 730/218/434 729/217/433
f 127/725/957 135/795/1025 727/220/439 730/218/434
f 132/745/977 140/794/1024 732/199/397 731/200/399
f 140/794/1024 133/740/972 733/197/393 732/199/397
f 133/740/972 125/735/967 734/198/394 733/197/393
f 125/735/967 132/745/977 731/200/399 734/198/394
f 143/791/1021 136/789/1019 736/179/357 735/180/359
f 136/789/1019 128/750/982 737/177/353 736/179/357
f 128/750/982 135/795/1025 738/178/354 737/177/353
f 135/795/1025 143/791/1021 735/180/359 738/178/354
f 147/796/1026 140/794/1024 740/159/317 739/160/319
f 140/794/1024 132/745/977 741/157/313 740/159/317
f 132/745/977 139/778/1008 742/158/314 741/157/313
f 139/778/1008 147/796/1026 739/160/319 742/158/314
f 145/797/1027 138/759/991 744/139/277 743/140/279
f 138/759/991 130/714/946 745/137/273 744/139/277
f 130/714/946 137/713/945 746/138/274 745/137/273
f 137/713/945 145/797/1027 743/140/279 746/138/274
f 130/714/946 123/693/927 748/119/237 747/120/239
f 123/693/927 115/586/823 749/117/233 748/119/237
f 115/586/823 122/585/822 750/118/234 749/117/233
f 122/585/822 130/714/946 747/120/239 750/118/234
f 142/798/1028 135/795/1025 752/99/197 751/100/199
f 135/795/1025 127/725/957 753/97/193 752/99/197
f 127/725/957 134/799/1029 754/98/194 753/97/193
f 134/799/1029 142/798/1028 751/100/199 754/98/194
f 159/800/1030 151/785/1015 756/79/157 755/80/159
f 151/785/1015 143/791/1021 757/77/153 756/79/157
f 143/791/1021 150/801/1031 758/78/154 757/77/153
f 150/801/1031 159/800/1030 755/80/159 758/78/154
f 173/802/1032 166/803/1033 760/59/117 759/60/119
f 166/803/1033 158/804/1034 761/57/113 760/59/117
f 158/804/1034 165/805/1035 762/58/114 761/57/113
f 165/805/1035 173/802/1032 759/60/119 762/58/114
f 134/799/1029 127/725/957 764/39/77 763/40/79
f 127/725/957 119/724/956 765/37/73 764/39/77
f 119/724/956 43/806/618 766/38/74 765/37/73
f 43/806/618 134/799/1029 763/40/79 766/38/74
f 148/793/1023 156/807/1036 768/19/37 767/20/39
f 156/807/1036 157/808/514 769/17/33 768/19/37
f 157/808/514 141/769/1000 770/18/34 769/17/33
f 141/769/1000 148/793/1023 767/20/39 770/18/34
f 149/809/1037 142/798/1028 772/810/1038 771/811/1039
f 142/798/1028 134/799/1029 773/812/1040 772/810/1038
f 134/799/1029 43/813/618 774/814/1041 773/812/1040
f 43/813/618 149/809/1037 771/811/1039 774/814/1041
f 153/815/1042 146/775/1005 776/816/1043 775/817/1044
f 146/775/1005 138/759/991 777/818/1045 776/816/1043
f 138/759/991 145/797/1027 778/819/1046 777/818/1045
f 145/797/1027 153/815/1042 775/817/1044 778/819/1046
f 144/786/1016 137/713/945 780/820/1047 779/821/1048
f 137/713/945 129/680/914 781/822/1049 780/820/1047
f 129/680/914 136/789/1019 782/823/1050 781/822/1049
f 136/789/1019 144/786/1016 779/821/1048 782/823/1050
f 136/789/1019 129/680/914 784/824/1051 783/825/1052
f 129/680/914 121/649/884 785/826/1053 784/824/1051
f 121/649/884 128/750/982 786/827/1054 785/826/1053
f 128/750/982 136/789/1019 783/825/1052 786/827/1054
f 144/786/1016 152/828/1055 788/829/1056 787/830/1057
f 152/828/1055 145/797/1027 789/831/1058 788/829/1056
f 145/797/1027 137/713/945 790/832/1059 789/831/1058
f 137/713/945 144/786/1016 787/830/1057 790/832/1059
f 167/833/1060 160/834/1061 792/835/1062 791/836/1063
f 160/834/1061 151/785/1015 793/837/1064 792/835/1062
f 151/785/1015 159/800/1030 794/838/1065 793/837/1064
f 159/800/1030 167/833/1060 791/836/1063 794/838/1065
f 150/801/1031 143/791/1021 796/839/1066 795/840/1067
f 143/791/1021 135/795/1025 797/841/1068 796/839/1066
f 135/795/1025 142/798/1028 798/842/1069 797/841/1068
f 142/798/1028 150/801/1031 795/840/1067 798/842/1069
f 163/843/1070 155/844/1071 800/845/1072 799/846/1073
f 155/844/1071 147/796/1026 801/847/1074 800/845/1072
f 147/796/1026 154/848/1075 802/849/1076 801/847/1074
f 154/848/1075 163/843/1070 799/846/1073 802/849/1076
f 186/850/1077 179/851/1078 804/852/1079 803/853/1080
f 179/851/1078 171/854/1081 805/855/1082 804/852/1079
f 171/854/1081 178/856/1083 806/857/1084 805/855/1082
f 178/856/1083 186/850/1077 803/853/1080 806/857/1084
f 158/804/1034 150/801/1031 808/858/1085 807/859/1086
f 150/801/1031 142/798/1028 809/860/1087 808/858/1085
f 142/798/1028 149/809/1037 810/861/1088 809/860/1087
f 149/809/1037 158/804/1034 807/859/1086 810/861/1088
f 154/848/1075 147/796/1026 812/862/1089 811/863/1090
f 147/796/1026 139/778/1008 813/864/1091 812/862/1089
f 139/778/1008 146/775/1005 814/865/1092 813/864/1091
f 146/775/1005 154/848/1075 811/863/1090 814/865/1092
f 170/866/1093 163/843/1070 816/867/1094 815/868/1095
f 163/843/1070 154/848/1075 817/869/1096 816/867/1094
f 154/848/1075 162/870/1097 818/871/1098 817/869/1096
f 162/870/1097 170/866/1093 815/868/1095 818/871/1098
f 181/872/1099 174/873/1100 820/874/1101 819/875/1102
f 174/873/1100 166/803/1033 821/876/1103 820/874/1101
f 166/803/1033 173/802/1032 822/877/1104 821/876/1103
f 173/802/1032 181/872/1099 819/875/1102 822/877/1104
f 169/878/1105 162/870/1097 824/879/1106 823/880/1107
f 162/870/1097 153/815/1042 825/881/1108 824/879/1106
f 153/815/1042 161/882/1109 826/883/1110 825/881/1108
f 161/882/1109 169/878/1105 823/880/1107 826/883/1110
f 166/803/1033 174/873/1100 828/884/1111 827/885/1112
f 174/873/1100 167/833/1060 829/886/1113 828/884/1111
f 167/833/1060 159/800/1030 830/887/1114 829/886/1113
f 159/800/1030 166/803/1033 827/885/1112 830/887/1114
f 164/888/1115 156/807/1036 832/889/1116 831/890/1117
f 156/807/1036 148/793/1023 833/891/1118 832/889/1116
f 148/793/1023 155/844/1071 834/892/1119 833/891/1118
f 155/844/1071 164/888/1115 831/890/1117 834/892/1119
f 160/834/1061 152/828/1055 836/893/1120 835/894/1121
f 152/828/1055 144/786/1016 837/895/1122 836/893/1120
f 144/786/1016 151/785/1015 838/896/1123 837/895/1122
f 151/785/1015 160/834/1061 835/894/1121 838/896/1123
f 171/854/1081 164/888/1115 840/897/1124 839/898/1125
f 164/888/1115 155/844/1071 841/899/1126 840/897/1124
f 155/844/1071 163/843/1070 842/900/1127 841/899/1126
f 163/843/1070 171/854/1081 839/898/1125 842/900/1127
f 155/844/1071 148/793/1023 844/901/1128 843/902/1129
f 148/793/1023 140/794/1024 845/903/1130 844/901/1128
f 140/794/1024 147/796/1026 846/904/1131 845/903/1130
f 147/796/1026 155/844/1071 843/902/1129 846/904/1131
f 161/882/1109 153/815/1042 848/905/1132 847/906/1133
f 153/815/1042 145/797/1027 849/907/1134 848/905/1132
f 145/797/1027 152/828/1055 850/908/1135 849/907/1134
f 152/828/1055 161/882/1109 847/906/1133 850/908/1135
f 182/909/1136 175/910/1137 852/911/1138 851/912/1139
f 175/910/1137 167/833/1060 853/913/1140 852/911/1138
f 167/833/1060 174/873/1100 854/914/1141 853/913/1140
f 174/873/1100 182/909/1136 851/912/1139 854/914/1141
f 166/803/1033 159/800/1030 856/915/1142 855/916/1143
f 159/800/1030 150/801/1031 857/243/485 856/915/1142
f 150/801/1031 158/804/1034 858/244/486 857/243/485
f 158/804/1034 166/803/1033 855/916/1143 858/244/486
f 178/856/1083 171/854/1081 860/226/451 859/228/455
f 171/854/1081 163/843/1070 861/223/445 860/226/451
f 163/843/1070 170/866/1093 862/224/446 861/223/445
f 170/866/1093 178/856/1083 859/228/455 862/224/446
f 191/917/1144 184/918/1145 864/206/411 863/208/415
f 184/918/1145 176/919/1146 865/203/405 864/206/411
f 176/919/1146 183/920/1147 866/204/406 865/203/405
f 183/920/1147 191/917/1144 863/208/415 866/204/406
f 160/834/1061 168/921/1148 868/186/371 867/188/375
f 168/921/1148 161/882/1109 869/183/365 868/186/371
f 161/882/1109 152/828/1055 870/184/366 869/183/365
f 152/828/1055 160/834/1061 867/188/375 870/184/366
f 157/922/514 156/807/1036 872/166/331 871/168/335
f 156/807/1036 164/888/1115 873/163/325 872/166/331
f 164/888/1115 172/923/1149 874/164/326 873/163/325
f 172/923/1149 157/922/514 871/168/335 874/164/326
f 165/805/1035 158/804/1034 876/146/291 875/148/295
f 158/804/1034 149/809/1037 877/143/285 876/146/291
f 149/809/1037 43/924/618 878/144/286 877/143/285
f 43/924/618 165/805/1035 875/148/295 878/144/286
f 162/870/1097 154/848/1075 880/126/251 879/128/255
f 154/848/1075 146/775/1005 881/123/245 880/126/251
f 146/775/1005 153/815/1042 882/124/246 881/123/245
f 153/815/1042 162/870/1097 879/128/255 882/124/246
f 185/925/1150 178/856/1083 884/106/211 883/108/215
f 178/856/1083 170/866/1093 885/103/205 884/106/211
f 170/866/1093 177/926/1151 886/104/206 885/103/205
f 177/926/1151 185/925/1150 883/108/215 886/104/206
f 184/918/1145 177/926/1151 888/86/171 887/88/175
f 177/926/1151 169/878/1105 889/83/165 888/86/171
f 169/878/1105 176/919/1146 890/84/166 889/83/165
f 176/919/1146 184/918/1145 887/88/175 890/84/166
f 185/927/1150 193/928/1152 892/66/131 891/68/135
f 193/928/1152 186/850/1077 893/63/125 892/66/131
f 186/850/1077 178/856/1083 894/64/126 893/63/125
f 178/856/1083 185/927/1150 891/68/135 894/64/126
f 175/910/1137 168/921/1148 896/46/91 895/48/95
f 168/921/1148 160/834/1061 897/43/85 896/46/91
f 160/834/1061 167/833/1060 898/44/86 897/43/85
f 167/833/1060 175/910/1137 895/48/95 898/44/86
f 179/851/1078 172/923/1149 900/26/51 899/28/55
f 172/923/1149 164/888/1115 901/23/45 900/26/51
f 164/888/1115 171/854/1081 902/24/46 901/23/45
f 171/854/1081 179/851/1078 899/28/55 902/24/46
f 176/919/1146 169/878/1105 904/3/5 903/8/14
f 169/878/1105 161/882/1109 905/4/6 904/3/5
f 161/882/1109 168/921/1148 906/7/13 905/4/6
f 168/921/1148 176/919/1146 903/8/14 906/7/13
f 188/929/1153 181/872/1099 908/930/1154 907/931/1155
f 181/872/1099 173/802/1032 909/932/1156 908/930/1154
f 173/802/1032 180/933/1157 910/934/1158 909/932/1156
f 180/933/1157 188/929/1153 907/931/1155 910/934/1158
f 180/935/1157 173/802/1032 912/936/1159 911/937/1160
f 173/802/1032 165/805/1035 913/938/1161 912/936/1159
f 165/805/1035 43/939/618 914/940/1162 913/938/1161
f 43/939/618 180/935/1157 911/937/1160 914/940/1162
f 187/941/1163 157/942/514 916/943/1164 915/944/1165
f 157/942/514 172/923/1149 917/945/1166 916/943/1164
f 172/923/1149 179/851/1078 918/946/1167 917/945/1166
f 179/851/1078 187/941/1163 915/944/1165 918/946/1167
f 206/947/1168 199/948/1169 920/949/1170 919/950/1171
f 199/948/1169 191/917/1144 921/951/1172 920/949/1170
f 191/917/1144 198/952/1173 922/953/1174 921/951/1172
f 198/952/1173 206/947/1168 919/950/1171 922/953/1174
f 197/954/1175 190/955/1176 924/956/1177 923/957/1178
f 190/955/1176 182/958/1136 925/959/1179 924/956/1177
f 182/958/1136 189/960/1180 926/961/1181 925/959/1179
f 189/960/1180 197/954/1175 923/957/1178 926/961/1181
f 192/962/1182 185/925/1150 928/963/1183 927/964/1184
f 185/925/1150 177/926/1151 929/965/1185 928/963/1183
f 177/926/1151 184/966/1145 930/967/1186 929/965/1185
f 184/966/1145 192/962/1182 927/964/1184 930/967/1186
f 218/968/1187 211/969/1188 932/970/1189 931/971/1190
f 211/969/1188 203/972/1191 933/973/1192 932/970/1189
f 203/972/1191 210/974/1193 934/975/1194 933/973/1192
f 210/974/1193 218/968/1187 931/971/1190 934/975/1194
f 177/926/1151 170/866/1093 936/976/1195 935/977/1196
f 170/866/1093 162/870/1097 937/978/1197 936/976/1195
f 162/870/1097 169/878/1105 938/979/1198 937/978/1197
f 169/878/1105 177/926/1151 935/977/1196 938/979/1198
f 190/955/1176 183/980/1147 940/981/1199 939/982/1200
f 183/980/1147 175/910/1137 941/983/1201 940/981/1199
f 175/910/1137 182/958/1136 942/984/1202 941/983/1201
f 182/958/1136 190/955/1176 939/982/1200 942/984/1202
f 207/985/1203 200/986/1204 944/987/1205 943/988/1206
f 200/986/1204 192/962/1182 945/989/1207 944/987/1205
f 192/962/1182 199/948/1169 946/990/1208 945/989/1207
f 199/948/1169 207/985/1203 943/988/1206 946/990/1208
f 199/948/1169 192/962/1182 948/991/1209 947/992/1210
f 192/962/1182 184/966/1145 949/993/1211 948/991/1209
f 184/966/1145 191/917/1144 950/994/1212 949/993/1211
f 191/917/1144 199/948/1169 947/992/1210 950/994/1212
f 43/995/618 195/996/1213 952/997/1214 951/998/1215
f 195/996/1213 188/929/1153 953/999/1216 952/997/1214
f 188/929/1153 180/933/1157 954/1000/1217 953/999/1216
f 180/933/1157 43/995/618 951/998/1215 954/1000/1217
f 194/1001/1218 187/941/1163 956/1002/1219 955/1003/1220
f 187/941/1163 179/851/1078 957/1004/1221 956/1002/1219
f 179/851/1078 186/1005/1077 958/1006/1222 957/1004/1221
f 186/1005/1077 194/1001/1218 955/1003/1220 958/1006/1222
f 200/986/1204 193/928/1152 960/1007/1223 959/1008/1224
f 193/928/1152 185/927/1150 961/1009/1225 960/1007/1223
f 185/927/1150 192/962/1182 962/1010/1226 961/1009/1225
f 192/962/1182 200/986/1204 959/1008/1224 962/1010/1226
f 181/1011/1099 189/960/1180 964/1012/1227 963/1013/1228
f 189/960/1180 182/909/1136 965/1014/1229 964/1012/1227
f 182/909/1136 174/873/1100 966/1015/1230 965/1014/1229
f 174/873/1100 181/1011/1099 963/1013/1228 966/1015/1230
f 203/972/1191 196/1016/1231 968/1017/1232 967/1018/1233
f 196/1016/1231 188/929/1153 969/1019/1234 968/1017/1232
f 188/929/1153 195/996/1213 970/1020/1235 969/1019/1234
f 195/996/1213 203/972/1191 967/1018/1233 970/1020/1235
f 183/980/1147 176/919/1146 972/1021/1236 971/1022/1237
f 176/919/1146 168/921/1148 973/1023/1238 972/1021/1236
f 168/921/1148 175/910/1137 974/1024/1239 973/1023/1238
f 175/910/1137 183/980/1147 971/1022/1237 974/1024/1239
f 219/1025/1240 212/1026/1241 976/1027/1242 975/1028/1243
f 212/1026/1241 204/1029/1244 977/1030/1245 976/1027/1242
f 204/1029/1244 211/969/1188 978/1031/1246 977/1030/1245
f 211/969/1188 219/1025/1240 975/1028/1243 978/1031/1246
f 221/1032/1247 214/1033/1248 980/1034/1249 979/1035/1250
f 214/1033/1248 206/947/1168 981/1036/1251 980/1034/1249
f 206/947/1168 213/1037/1252 982/1038/1253 981/1036/1251
f 213/1037/1252 221/1032/1247 979/1035/1250 982/1038/1253
f 206/947/1168 214/1033/1248 984/1039/1254 983/1040/1255
f 214/1033/1248 207/985/1203 985/1041/1256 984/1039/1254
f 207/985/1203 199/948/1169 986/1042/1257 985/1041/1256
f 199/948/1169 206/947/1168 983/1040/1255 986/1042/1257
f 211/969/1188 204/1029/1244 988/1043/1258 987/1044/1259
f 204/1029/1244 196/1016/1231 989/1045/1260 988/1043/1258
f 196/1016/1231 203/972/1191 990/1046/1261 989/1045/1260
f 203/972/1191 211/969/1188 987/1044/1259 990/1046/1261
f 212/1026/1241 205/1047/1262 992/1048/1263 991/1049/1264
f 205/1047/1262 197/954/1175 993/1050/1265 992/1048/1263
f 197/954/1175 204/1029/1244 994/1051/1266 993/1050/1265
f 204/1029/1244 212/1026/1241 991/1049/1264 994/1051/1266
f 196/1016/1231 189/960/1180 996/1052/1267 995/1053/1268
f 189/960/1180 181/1011/1099 997/1054/1269 996/1052/1267
f 181/1011/1099 188/929/1153 998/1055/1270 997/1054/1269
f 188/929/1153 196/1016/1231 995/1053/1268 998/1055/1270
f 201/1056/1271 194/1001/1218 1000/1057/1272 999/1058/1273
f 194/1001/1218 186/1005/1077 1001/1059/1274 1000/1057/1272
f 186/1005/1077 193/928/1152 1002/1060/1275 1001/1059/1274
f 193/928/1152 201/1056/1271 999/1058/1273 1002/1060/1275
f 209/1061/1276 202/1062/1277 1004/1063/1278 1003/1064/1279
f 202/1062/1277 194/1001/1218 1005/1065/1280 1004/1063/1278
f 194/1001/1218 201/1056/1271 1006/1066/1281 1005/1065/1280
f 201/1056/1271 209/1061/1276 1003/1064/1279 1006/1066/1281
f 200/986/1204 208/1067/1282 1008/1068/1283 1007/1069/1284
f 208/1067/1282 201/1056/1271 1009/1070/1285 1008/1068/1283
f 201/1056/1271 193/928/1152 1010/1071/1286 1009/1070/1285
f 193/928/1152 200/986/1204 1007/1069/1284 1010/1071/1286
f 205/1047/1262 198/952/1173 1012/1072/1287 1011/1073/1288
f 198/952/1173 190/955/1176 1013/1074/1289 1012/1072/1287
f 190/955/1176 197/954/1175 1014/1075/1290 1013/1074/1289
f 197/954/1175 205/1047/1262 1011/1073/1288 1014/1075/1290
f 215/1076/1291 208/1067/1282 1016/1077/1292 1015/1078/1293
f 208/1067/1282 200/986/1204 1017/1079/1294 1016/1077/1292
f 200/986/1204 207/985/1203 1018/1080/1295 1017/1079/1294
f 207/985/1203 215/1076/1291 1015/1078/1293 1018/1080/1295
f 213/1037/1252 206/947/1168 1020/1081/1296 1019/1082/1297
f 206/947/1168 198/952/1173 1021/1083/1298 1020/1081/1296
f 198/952/1173 205/1047/1262 1022/1084/1299 1021/1083/1298
f 205/1047/1262 213/1037/1252 1019/1082/1297 1022/1084/1299
f 198/952/1173 191/917/1144 1024/1085/1300 1023/1086/1301
f 191/917/1144 183/920/1147 1025/1087/1302 1024/1085/1300
f 183/920/1147 190/955/1176 1026/1088/1303 1025/1087/1302
f 190/955/1176 198/952/1173 1023/1086/1301 1026/1088/1303
f 202/1062/1277 157/1089/514 1028/1090/1304 1027/1091/1305
f 157/1089/514 187/1092/1163 1029/1093/1306 1028/1090/1304
f 187/1092/1163 194/1001/1218 1030/1094/1307 1029/1093/1306
f 194/1001/1218 202/1062/1277 1027/1091/1305 1030/1094/1307
f 233/261/505 226/1095/1308 1032/1096/1309 1031/1097/1310
f 226/1095/1308 218/968/1187 1033/1098/1311 1032/1096/1309
f 218/968/1187 225/1099/1312 1034/1100/1313 1033/1098/1311
f 225/1099/1312 233/261/505 1031/1097/1310 1034/1100/1313
f 232/1101/1314 157/1102/514 1036/1103/1315 1035/1104/1316
f 157/1102/514 217/1105/1317 1037/1106/1318 1036/1103/1315
f 217/1105/1317 224/1107/1319 1038/1108/1320 1037/1106/1318
f 224/1107/1319 232/1101/1314 1035/1104/1316 1038/1108/1320
f 204/1029/1244 197/954/1175 1040/1109/1321 1039/1110/1322
f 197/954/1175 189/960/1180 1041/1111/1323 1040/1109/1321
f 189/960/1180 196/1016/1231 1042/1112/1324 1041/1111/1323
f 196/1016/1231 204/1029/1244 1039/1110/1322 1042/1112/1324
f 236/278/522 229/1113/1325 1044/1114/1326 1043/1115/1327
f 229/1113/1325 221/1032/1247 1045/1116/1328 1044/1114/1326
f 221/1032/1247 228/1117/1329 1046/1118/1330 1045/1116/1328
f 228/1117/1329 236/278/522 1043/1115/1327 1046/1118/1330
f 227/1119/1331 220/1120/1332 1048/1121/1333 1047/1122/1334
f 220/1120/1332 212/1026/1241 1049/1123/1335 1048/1121/1333
f 212/1026/1241 219/1025/1240 1050/1124/1336 1049/1123/1335
f 219/1025/1240 227/1119/1331 1047/1122/1334 1050/1124/1336
f 216/1125/1337 209/1061/1276 1052/1126/1338 1051/1127/1339
f 209/1061/1276 201/1056/1271 1053/1128/1340 1052/1126/1338
f 201/1056/1271 208/1067/1282 1054/1129/1341 1053/1128/1340
f 208/1067/1282 216/1125/1337 1051/1127/1339 1054/1129/1341
f 234/318/561 227/1119/1331 1056/1130/1342 1055/1131/1343
f 227/1119/1331 219/1025/1240 1057/1132/1344 1056/1130/1342
f 219/1025/1240 226/1095/1308 1058/1133/1345 1057/1132/1344
f 226/1095/1308 234/318/561 1055/1131/1343 1058/1133/1345
f 231/1134/1346 224/1107/1319 1060/1135/1347 1059/1136/1348
f 224/1107/1319 216/1125/1337 1061/1137/1349 1060/1135/1347
f 216/1125/1337 223/1138/1350 1062/1139/1351 1061/1137/1349
f 223/1138/1350 231/1134/1346 1059/1136/1348 1062/1139/1351
f 212/1026/1241 220/1120/1332 1064/234/467 1063/236/471
f 220/1120/1332 213/1037/1252 1065/231/461 1064/234/467
f 213/1037/1252 205/1047/1262 1066/232/462 1065/231/461
f 205/1047/1262 212/1026/1241 1063/236/471 1066/232/462
f 224/1107/1319 217/1105/1317 1068/214/427 1067/216/431
f 217/1105/1317 209/1061/1276 1069/211/421 1068/214/427
f 209/1061/1276 216/1125/1337 1070/212/422 1069/211/421
f 216/1125/1337 224/1107/1319 1067/216/431 1070/212/422
f 223/1138/1350 216/1125/1337 1072/194/387 1071/196/391
f 216/1125/1337 208/1067/1282 1073/191/381 1072/194/387
f 208/1067/1282 215/1076/1291 1074/192/382 1073/191/381
f 215/1076/1291 223/1138/1350 1071/196/391 1074/192/382
f 217/1105/1317 157/1140/514 1076/174/347 1075/176/351
f 157/1140/514 202/1062/1277 1077/171/341 1076/174/347
f 202/1062/1277 209/1061/1276 1078/172/342 1077/171/341
f 209/1061/1276 217/1105/1317 1075/176/351 1078/172/342
f 210/974/1193 203/972/1191 1080/154/307 1079/156/311
f 203/972/1191 195/996/1213 1081/151/301 1080/154/307
f 195/996/1213 43/1141/618 1082/152/302 1081/151/301
f 43/1141/618 210/974/1193 1079/156/311 1082/152/302
f 222/1142/1352 215/1076/1291 1084/134/267 1083/136/271
f 215/1076/1291 207/985/1203 1085/131/261 1084/134/267
f 207/985/1203 214/1033/1248 1086/132/262 1085/131/261
f 214/1033/1248 222/1142/1352 1083/136/271 1086/132/262
f 237/311/554 230/1143/1353 1088/114/227 1087/116/231
f 230/1143/1353 222/1142/1352 1089/111/221 1088/114/227
f 222/1142/1352 229/1113/1325 1090/112/222 1089/111/221
f 229/1113/1325 237/311/554 1087/116/231 1090/112/222
f 231/1134/1346 239/372/614 1092/94/187 1091/96/191
f 239/372/614 232/1101/1314 1093/91/181 1092/94/187
f 232/1101/1314 224/1107/1319 1094/92/182 1093/91/181
f 224/1107/1319 231/1134/1346 1091/96/191 1094/92/182
f 230/1143/1353 223/1138/1350 1096/74/147 1095/76/151
f 223/1138/1350 215/1076/1291 1097/71/141 1096/74/147
f 215/1076/1291 222/1142/1352 1098/72/142 1097/71/141
f 222/1142/1352 230/1143/1353 1095/76/151 1098/72/142
f 238/332/575 231/1134/1346 1100/54/107 1099/56/111
f 231/1134/1346 223/1138/1350 1101/51/101 1100/54/107
f 223/1138/1350 230/1143/1353 1102/52/102 1101/51/101
f 230/1143/1353 238/332/575 1099/56/111 1102/52/102
f 226/1095/1308 219/1025/1240 1104/34/67 1103/36/71
f 219/1025/1240 211/969/1188 1105/31/61 1104/34/67
f 211/969/1188 218/968/1187 1106/32/62 1105/31/61
f 218/968/1187 226/1095/1308 1103/36/71 1106/32/62
f 228/1117/1329 221/1032/1247 1108/14/27 1107/16/31
f 221/1032/1247 213/1037/1252 1109/11/21 1108/14/27
f 213/1037/1252 220/1120/1332 1110/12/22 1109/11/21
f 220/1120/1332 228/1117/1329 1107/16/31 1110/12/22
f 225/1099/1312 218/968/1187 1112/1144/1354 1111/1145/1355
f 218/968/1187 210/974/1193 1113/1146/1356 1112/1144/1354
f 210/974/1193 43/1147/618 1114/1148/1357 1113/1146/1356
f 43/1147/618 225/1099/1312 1111/1145/1355 1114/1148/1357
f 227/1119/1331 235/1149/1358 1116/1150/1359 1115/1151/1360
f 235/1149/1358 228/1117/1329 1117/1152/1361 1116/1150/1359
f 228/1117/1329 220/1120/1332 1118/1153/1362 1117/1152/1361
f 220/1120/1332 227/1119/1331 1115/1151/1360 1118/1153/1362
f 241/337/580 239/372/614 1120/1154/1363 1119/1155/1364
f 239/372/614 231/1134/1346 1121/1156/1365 1120/1154/1363
f 231/1134/1346 238/332/575 1122/1157/1366 1121/1156/1365
f 238/332/575 241/337/580 1119/1155/1364 1122/1157/1366
f 2/323/566 235/1149/1358 1124/1158/1367 1123/1159/1368
f 235/1149/1358 227/1119/1331 1125/1160/1369 1124/1158/1367
f 227/1119/1331 234/318/561 1126/1161/1370 1125/1160/1369
f 234/318/561 2/323/566 1123/1159/1368 1126/1161/1370
f 229/1113/1325 222/1142/1352 1128/1162/1371 1127/1163/1372
f 222/1142/1352 214/1033/1248 1129/1164/1373 1128/1162/1371
f 214/1033/1248 221/1032/1247 1130/1165/1374 1129/1164/1373
f 221/1032/1247 229/1113/1325 1127/1163/1372 1130/1165/1374
f 5/316/559 238/332/575 1132/1166/1375 1131/1167/1376
f 238/332/575 230/1143/1353 1133/1168/1377 1132/1166/1375
f 230/1143/1353 237/311/554 1134/1169/1378 1133/1168/1377
f 237/311/554 5/316/559 1131/1167/1376 1134/1169/1378
f 3/257/501 236/278/522 1136/1170/1379 1135/1171/1380
f 236/278/522 228/1117/1329 1137/1172/1381 1136/1170/1379
f 228/1117/1329 235/1149/1358 1138/1173/1382 1137/1172/1381
f 235/1149/1358 3/257/501 1135/1171/1380 1138/1173/1382
f 242/273/517 157/1174/514 1140/1175/1383 1139/1176/1384
f 157/1174/514 232/1101/1314 1141/1177/1385 1140/1175/1383
f 232/1101/1314 239/372/614 1142/1178/1386 1141/1177/1385
f 239/372/614 242/273/517 1139/1176/1384 1142/1178/1386
f 240/262/506 233/261/505 1144/1179/1387 1143/1180/1388
f 233/261/505 225/1099/1312 1145/1181/1389 1144/1179/1387
f 225/1099/1312 43/1182/618 1146/1183/1390 1145/1181/1389
f 43/1182/618 240/262/506 1143/1180/1388 1146/1183/1390
f 8/259/503 3/257/501 1148/1184/1391 1147/1185/1392
f 3/257/501 235/1149/1358 1149/1186/1393 1148/1184/1391
f 235/1149/1358 2/323/566 1150/1187/1394 1149/1186/1393
f 2/323/566 8/259/503 1147/1185/1392 1150/1187/1394
f 1/267/511 234/318/561 1152/1188/1395 1151/1189/1396
f 234/318/561 226/1095/1308 1153/1190/1397 1152/1188/1395
f 226/1095/1308 233/261/505 1154/1191/1398 1153/1190/1397
f 233/261/505 1/267/511 1151/1189/1396 1154/1191/1398
f 17/330/573 10/314/557 1156/1192/1399 1155/1193/1400
f 10/314/557 4/277/521 1157/1194/1401 1156/1192/1399
f 4/277/521 9/254/498 1158/1195/1402 1157/1194/1401
f 9/254/498 17/330/573 1155/1193/1400 1158/1195/1402
f 4/277/521 237/311/554 1160/1196/1403 1159/1197/1404
f 237/311/554 229/1113/1325 1161/1198/1405 1160/1196/1403
f 229/1113/1325 236/278/522 1162/1199/1406 1161/1198/1405
f 236/278/522 4/277/521 1159/1197/1404 1162/1199/1406
f 26/251/495 19/249/493 1164/1200/1407 1163/1201/1408
f 19/249/493 11/335/578 1165/1202/1409 1164/1200/1407
f 11/335/578 18/326/569 1166/1203/1410 1165/1202/1409
f 18/326/569 26/251/495 1163/1201/1408 1166/1203/1410
f 31/309/552 24/307/550 1168/1204/1411 1167/1205/1412
f 24/307/550 16/253/497 1169/1206/1413 1168/1204/1411
f 16/253/497 23/297/540 1170/1207/1414 1169/1206/1413
f 23/297/540 31/309/552 1167/1205/1412 1170/1207/1414
f 13/375/617 6/265/509 1172/1208/1415 1171/1209/1416
f 6/265/509 240/262/506 1173/1210/1417 1172/1208/1415
f 240/262/506 43/1211/618 1174/1212/1418 1173/1210/1417
f 43/1211/618 13/375/617 1171/1209/1416 1174/1212/1418
f 21/374/616 14/346/588 1176/1213/1419 1175/1214/1420
f 14/346/588 6/265/509 1177/1215/1421 1176/1213/1419
f 6/265/509 13/375/617 1178/1216/1422 1177/1215/1421
f 13/375/617 21/374/616 1175/1214/1420 1178/1216/1422
f 29/367/609 22/366/608 1180/1217/1423 1179/1218/1424
f 22/366/608 14/346/588 1181/1219/1425 1180/1217/1423
f 14/346/588 21/374/616 1182/1220/1426 1181/1219/1425
f 21/374/616 29/367/609 1179/1218/1424 1182/1220/1426
f 36/287/531 29/367/609 1184/1221/1427 1183/1222/1428
f 29/367/609 21/374/616 1185/1223/1429 1184/1221/1427
f 21/374/616 28/373/615 1186/1224/1430 1185/1223/1429
f 28/373/615 36/287/531 1183/1222/1428 1186/1224/1430
f 22/366/608 15/301/544 1188/1225/1431 1187/1226/1432
f 15/301/544 7/321/564 1189/1227/1433 1188/1225/1431
f 7/321/564 14/346/588 1190/1228/1434 1189/1227/1433
f 14/346/588 22/366/608 1187/1226/1432 1190/1228/1434
f 30/365/607 23/297/540 1192/1229/1435 1191/1230/1436
f 23/297/540 15/301/544 1193/1231/1437 1192/1229/1435
f 15/301/544 22/366/608 1194/1232/1438 1193/1231/1437
f 22/366/608 30/365/607 1191/1230/1436 1194/1232/1438
f 27/246/490 20/269/513 1196/1233/1439 1195/1234/1440
f 20/269/513 12/275/519 1197/1235/1441 1196/1233/1439
f 12/275/519 19/249/493 1198/1236/1442 1197/1235/1441
f 19/249/493 27/246/490 1195/1234/1440 1198/1236/1442
f 92/543/782 85/590/826 1200/1237/1443 1199/1238/1444
f 85/590/826 77/433/675 1201/1239/1445 1200/1237/1443
f 77/433/675 84/534/773 1202/1240/1446 1201/1239/1445
f 84/534/773 92/543/782 1199/1238/1444 1202/1240/1446
f 1203/248/1447 1204/247/1448 1205/250/1449 1206/252/1450
f 1207/256/1451 1208/255/1452 1209/258/1453 1210/260/1454
f 1211/264/1455 1212/263/1456 1213/266/1457 1214/268/1458
f 1215/272/1459 1216/271/1460 1217/274/1461 1218/276/1462
f 1219/280/1463 1220/279/1464 1221/281/1465 1222/282/1466
f 1223/286/1467 1224/285/1468 1225/288/1469 1226/290/1470
f 1227/294/1471 1228/293/1472 1229/295/1473 1230/296/1474
f 1231/299/1475 1232/298/1476 1233/300/1477 1234/302/1478
f 1235/306/1479 1236/305/1480 1237/308/1481 1238/310/1482
f 1239/313/1483 1240/312/1484 1241/315/1485 1242/317/1486
f 1243/320/1487 1244/319/1488 1245/322/1489 1246/324/1490
f 1247/328/1491 1248/327/1492 1249/329/1493 1250/331/1494
f 1251/334/1495 1252/333/1496 1253/336/1497 1254/338/1498
f 1255/342/1499 1256/341/1500 1257/343/1501 1258/345/1502
f 1259/348/1503 1260/347/1504 1261/349/1505 1262/350/1506
f 1263/352/1507 1264/351/1508 1265/353/1509 1266/354/1510
f 1267/358/1511 1268/357/1512 1269/359/1513 1270/361/1514
f 1271/363/1515 1272/362/1516 1273/241/484 1274/242/483
f 1275/227/454 1276/225/450 1277/221/444 1278/222/443
f 1279/207/414 1280/205/410 1281/201/404 1282/202/403
f 1283/187/374 1284/185/370 1285/181/364 1286/182/363
f 1287/167/334 1288/165/330 1289/161/324 1290/162/323
f 1291/147/294 1292/145/290 1293/141/284 1294/142/283
f 1295/127/254 1296/125/250 1297/121/244 1298/122/243
f 1299/107/214 1300/105/210 1301/101/204 1302/102/203
f 1303/87/174 1304/85/170 1305/81/164 1306/82/163
f 1307/67/134 1308/65/130 1309/61/124 1310/62/123
f 1311/47/94 1312/45/90 1313/41/84 1314/42/83
f 1315/27/54 1316/25/50 1317/21/44 1318/22/43
f 1319/6/11 1320/1/4 1321/2/3 1322/5/12
f 1323/383/1517 1324/382/1518 1325/384/1519 1326/385/1520
f 1327/388/1521 1328/387/1522 1329/389/1523 1330/390/1524
f 1331/394/1525 1332/393/1526 1333/395/1527 1334/396/1528
f 1335/400/1529 1336/399/1530 1337/401/1531 1338/403/1532
f 1339/407/1533 1340/406/1534 1341/409/1535 1342/411/1536
f 1343/414/1537 1344/413/1538 1345/415/1539 1346/416/1540
f 1347/418/1541 1348/417/1542 1349/419/1543 1350/420/1544
f 1351/422/1545 1352/421/1546 1353/423/1547 1354/424/1548
f 1355/426/1549 1356/425/1550 1357/427/1551 1358/428/1552
f 1359/430/1553 1360/429/1554 1361/431/1555 1362/432/1556
f 1363/435/1557 1364/434/1558 1365/436/1559 1366/438/1560
f 1367/441/1561 1368/440/1562 1369/442/1563 1370/443/1564
f 1371/446/1565 1372/445/1566 1373/447/1567 1374/448/1568
f 1375/450/1569 1376/449/1570 1377/451/1571 1378/452/1572
f 1379/455/1573 1380/454/1574 1381/456/1575 1382/458/1576
f 1383/460/1577 1384/459/1578 1385/461/1579 1386/462/1580
f 1387/465/1581 1388/464/1582 1389/466/1583 1390/467/1584
f 1391/470/1585 1392/469/1586 1393/471/1587 1394/472/1588
f 1395/474/1589 1396/473/1590 1397/475/1591 1398/476/1592
f 1399/478/1593 1400/477/1594 1401/479/1595 1402/480/1596
f 1403/482/1597 1404/481/1598 1405/483/1599 1406/484/1600
f 1407/487/1601 1408/486/1602 1409/489/1603 1410/490/1604
f 1411/492/1605 1412/491/1606 1413/493/1607 1414/494/1608
f 1415/497/1609 1416/496/1610 1417/498/1611 1418/499/1612
f 1419/502/1613 1420/501/1614 1421/504/1615 1422/505/1616
f 1423/507/1617 1424/506/1618 1425/508/1619 1426/509/1620
f 1427/512/1621 1428/511/1622 1429/513/1623 1430/514/1624
f 1431/517/1625 1432/516/1626 1433/518/1627 1434/519/1628
f 1435/522/1629 1436/521/1630 1437/523/1631 1438/524/1632
f 1439/526/1633 1440/525/1634 1441/527/1635 1442/528/1636
f 1443/530/1637 1444/529/1638 1445/531/1639 1446/532/1640
f 1447/536/1641 1448/535/1642 1449/537/1643 1450/538/1644
f 1451/542/1645 1452/541/1646 1453/544/1647 1454/546/1648
f 1455/549/1649 1456/548/1650 1457/550/1651 1458/552/1652
f 1459/556/1653 1460/555/1654 1461/557/1655 1462/558/1656
f 1463/561/1657 1464/560/1658 1465/563/1659 1466/565/1660
f 1467/569/1661 1468/568/1662 1469/570/1663 1470/571/1664
f 1471/573/1665 1472/572/1666 1473/574/1667 1474/575/1668
f 1475/577/1669 1476/576/1670 1477/578/1671 1478/579/1672
f 1479/235/470 1480/233/466 1481/229/460 1482/230/459
f 1483/215/430 1484/213/426 1485/209/420 1486/210/419
f 1487/195/390 1488/193/386 1489/189/380 1490/190/379
f 1491/175/350 1492/173/346 1493/169/340 1494/170/339
f 1495/155/310 1496/153/306 1497/149/300 1498/150/299
f 1499/135/270 1500/133/266 1501/129/260 1502/130/259
f 1503/115/230 1504/113/226 1505/109/220 1506/110/219
f 1507/95/190 1508/93/186 1509/89/180 1510/90/179
f 1511/75/150 1512/73/146 1513/69/140 1514/70/139
f 1515/55/110 1516/53/106 1517/49/100 1518/50/99
f 1519/35/70 1520/33/66 1521/29/60 1522/30/59
f 1523/15/30 1524/13/26 1525/9/20 1526/10/19
f 1527/597/1673 1528/596/1674 1529/598/1675 1530/599/1676
f 1531/603/1677 1532/602/1678 1533/604/1679 1534/606/1680
f 1535/608/1681 1536/607/1682 1537/609/1683 1538/610/1684
f 1539/612/1685 1540/611/1686 1541/613/1687 1542/614/1688
f 1543/617/1689 1544/616/1690 1545/618/1691 1546/619/1692
f 1547/623/1693 1548/622/1694 1549/624/1695 1550/626/1696
f 1551/628/1697 1552/627/1698 1553/629/1699 1554/630/1700
f 1555/634/1701 1556/633/1702 1557/636/1703 1558/638/1704
f 1559/640/1705 1560/639/1706 1561/641/1707 1562/643/1708
f 1563/645/1709 1564/644/1710 1565/646/1711 1566/647/1712
f 1567/651/1713 1568/650/1714 1569/652/1715 1570/653/1716
f 1571/656/1717 1572/655/1718 1573/657/1719 1574/658/1720
f 1575/660/1721 1576/659/1722 1577/661/1723 1578/662/1724
f 1579/664/1725 1580/663/1726 1581/665/1727 1582/666/1728
f 1583/668/1729 1584/667/1730 1585/669/1731 1586/670/1732
f 1587/672/1733 1588/671/1734 1589/673/1735 1590/675/1736
f 1591/677/1737 1592/676/1738 1593/678/1739 1594/679/1740
f 1595/682/1741 1596/681/1742 1597/683/1743 1598/684/1744
f 1599/686/1745 1600/685/1746 1601/687/1747 1602/688/1748
f 1603/690/1749 1604/689/1750 1605/691/1751 1606/692/1752
f 1607/695/1753 1608/694/1754 1609/696/1755 1610/697/1756
f 1611/699/1757 1612/698/1758 1613/700/1759 1614/702/1760
f 1615/706/1761 1616/705/1762 1617/707/1763 1618/708/1764
f 1619/710/1765 1620/709/1766 1621/711/1767 1622/712/1768
f 1623/716/1769 1624/715/1770 1625/717/1771 1626/718/1772
f 1627/721/1773 1628/720/1774 1629/722/1775 1630/723/1776
f 1631/727/1777 1632/726/1778 1633/729/1779 1634/730/1780
f 1635/732/1781 1636/731/1782 1637/733/1783 1638/734/1784
f 1639/737/1785 1640/736/1786 1641/738/1787 1642/739/1788
f 1643/742/1789 1644/741/1790 1645/743/1791 1646/744/1792
f 1647/747/1793 1648/746/1794 1649/748/1795 1650/749/1796
f 1651/752/1797 1652/751/1798 1653/753/1799 1654/754/1800
f 1655/756/1801 1656/755/1802 1657/757/1803 1658/758/1804
f 1659/761/1805 1660/760/1806 1661/762/1807 1662/763/1808
f 1663/765/1809 1664/764/1810 1665/766/1811 1666/768/1812
f 1667/772/1813 1668/771/1814 1669/773/1815 1670/774/1816
f 1671/777/1817 1672/776/1818 1673/779/1819 1674/780/1820
f 1675/782/1821 1676/781/1822 1677/783/1823 1678/784/1824
f 1679/788/1825 1680/787/1826 1681/790/1827 1682/792/1828
f 1683/240/480 1684/239/478 1685/237/476 1686/238/475
f 1687/220/440 1688/219/438 1689/217/436 1690/218/435
f 1691/200/400 1692/199/398 1693/197/396 1694/198/395
f 1695/180/360 1696/179/358 1697/177/356 1698/178/355
f 1699/160/320 1700/159/318 1701/157/316 1702/158/315
f 1703/140/280 1704/139/278 1705/137/276 1706/138/275
f 1707/120/240 1708/119/238 1709/117/236 1710/118/235
f 1711/100/200 1712/99/198 1713/97/196 1714/98/195
f 1715/80/160 1716/79/158 1717/77/156 1718/78/155
f 1719/60/120 1720/59/118 1721/57/116 1722/58/115
f 1723/40/80 1724/39/78 1725/37/76 1726/38/75
f 1727/20/40 1728/19/38 1729/17/36 1730/18/35
f 1731/811/1829 1732/810/1830 1733/812/1831 1734/814/1832
f 1735/817/1833 1736/816/1834 1737/818/1835 1738/819/1836
f 1739/821/1837 1740/820/1838 1741/822/1839 1742/823/1840
f 1743/825/1841 1744/824/1842 1745/826/1843 1746/827/1844
f 1747/830/1845 1748/829/1846 1749/831/1847 1750/832/1848
f 1751/836/1849 1752/835/1850 1753/837/1851 1754/838/1852
f 1755/840/1853 1756/839/1854 1757/841/1855 1758/842/1856
f 1759/846/1857 1760/845/1858 1761/847/1859 1762/849/1860
f 1763/853/1861 1764/852/1862 1765/855/1863 1766/857/1864
f 1767/859/1865 1768/858/1866 1769/860/1867 1770/861/1868
f 1771/863/1869 1772/862/1870 1773/864/1871 1774/865/1872
f 1775/868/1873 1776/867/1874 1777/869/1875 1778/871/1876
f 1779/875/1877 1780/874/1878 1781/876/1879 1782/877/1880
f 1783/880/1881 1784/879/1882 1785/881/1883 1786/883/1884
f 1787/885/1885 1788/884/1886 1789/886/1887 1790/887/1888
f 1791/890/1889 1792/889/1890 1793/891/1891 1794/892/1892
f 1795/894/1893 1796/893/1894 1797/895/1895 1798/896/1896
f 1799/898/1897 1800/897/1898 1801/899/1899 1802/900/1900
f 1803/902/1901 1804/901/1902 1805/903/1903 1806/904/1904
f 1807/906/1905 1808/905/1906 1809/907/1907 1810/908/1908
f 1811/912/1909 1812/911/1910 1813/913/1911 1814/914/1912
f 1815/916/1913 1816/915/1914 1817/243/488 1818/244/487
f 1819/228/456 1820/226/452 1821/223/448 1822/224/447
f 1823/208/416 1824/206/412 1825/203/408 1826/204/407
f 1827/188/376 1828/186/372 1829/183/368 1830/184/367
f 1831/168/336 1832/166/332 1833/163/328 1834/164/327
f 1835/148/296 1836/146/292 1837/143/288 1838/144/287
f 1839/128/256 1840/126/252 1841/123/248 1842/124/247
f 1843/108/216 1844/106/212 1845/103/208 1846/104/207
f 1847/88/176 1848/86/172 1849/83/168 1850/84/167
f 1851/68/136 1852/66/132 1853/63/128 1854/64/127
f 1855/48/96 1856/46/92 1857/43/88 1858/44/87
f 1859/28/56 1860/26/52 1861/23/48 1862/24/47
f 1863/8/15 1864/3/8 1865/4/7 1866/7/16
f 1867/931/1915 1868/930/1916 1869/932/1917 1870/934/1918
f 1871/937/1919 1872/936/1920 1873/938/1921 1874/940/1922
f 1875/944/1923 1876/943/1924 1877/945/1925 1878/946/1926
f 1879/950/1927 1880/949/1928 1881/951/1929 1882/953/1930
f 1883/957/1931 1884/956/1932 1885/959/1933 1886/961/1934
f 1887/964/1935 1888/963/1936 1889/965/1937 1890/967/1938
f 1891/971/1939 1892/970/1940 1893/973/1941 1894/975/1942
f 1895/977/1943 1896/976/1944 1897/978/1945 1898/979/1946
f 1899/982/1947 1900/981/1948 1901/983/1949 1902/984/1950
f 1903/988/1951 1904/987/1952 1905/989/1953 1906/990/1954
f 1907/992/1955 1908/991/1956 1909/993/1957 1910/994/1958
f 1911/998/1959 1912/997/1960 1913/999/1961 1914/1000/1962
f 1915/1003/1963 1916/1002/1964 1917/1004/1965 1918/1006/1966
f 1919/1008/1967 1920/1007/1968 1921/1009/1969 1922/1010/1970
f 1923/1013/1971 1924/1012/1972 1925/1014/1973 1926/1015/1974
f 1927/1018/1975 1928/1017/1976 1929/1019/1977 1930/1020/1978
f 1931/1022/1979 1932/1021/1980 1933/1023/1981 1934/1024/1982
f 1935/1028/1983 1936/1027/1984 1937/1030/1985 1938/1031/1986
f 1939/1035/1987 1940/1034/1988 1941/1036/1989 1942/1038/1990
f 1943/1040/1991 1944/1039/1992 1945/1041/1993 1946/1042/1994
f 1947/1044/1995 1948/1043/1996 1949/1045/1997 1950/1046/1998
f 1951/1049/1999 1952/1048/2000 1953/1050/2001 1954/1051/2002
f 1955/1053/2003 1956/1052/2004 1957/1054/2005 1958/1055/2006
f 1959/1058/2007 1960/1057/2008 1961/1059/2009 1962/1060/2010
f 1963/1064/2011 1964/1063/2012 1965/1065/2013 1966/1066/2014
f 1967/1069/2015 1968/1068/2016 1969/1070/2017 1970/1071/2018
f 1971/1073/2019 1972/1072/2020 1973/1074/2021 1974/1075/2022
f 1975/1078/2023 1976/1077/2024 1977/1079/2025 1978/1080/2026
f 1979/1082/2027 1980/1081/2028 1981/1083/2029 1982/1084/2030
f 1983/1086/2031 1984/1085/2032 1985/1087/2033 1986/1088/2034
f 1987/1091/2035 1988/1090/2036 1989/1093/2037 1990/1094/2038
f 1991/1097/2039 1992/1096/2040 1993/1098/2041 1994/1100/2042
f 1995/1104/2043 1996/1103/2044 1997/1106/2045 1998/1108/2046
f 1999/1110/2047 2000/1109/2048 2001/1111/2049 2002/1112/2050
f 2003/1115/2051 2004/1114/2052 2005/1116/2053 2006/1118/2054
f 2007/1122/2055 2008/1121/2056 2009/1123/2057 2010/1124/2058
f 2011/1127/2059 2012/1126/2060 2013/1128/2061 2014/1129/2062
f 2015/1131/2063 2016/1130/2064 2017/1132/2065 2018/1133/2066
f 2019/1136/2067 2020/1135/2068 2021/1137/2069 2022/1139/2070
f 2023/236/472 2024/234/468 2025/231/464 2026/232/463
f 2027/216/432 2028/214/428 2029/211/424 2030/212/423
f 2031/196/392 2032/194/388 2033/191/384 2034/192/383
f 2035/176/352 2036/174/348 2037/171/344 2038/172/343
f 2039/156/312 2040/154/308 2041/151/304 2042/152/303
f 2043/136/272 2044/134/268 2045/131/264 2046/132/263
f 2047/116/232 2048/114/228 2049/111/224 2050/112/223
f 2051/96/192 2052/94/188 2053/91/184 2054/92/183
f 2055/76/152 2056/74/148 2057/71/144 2058/72/143
f 2059/56/112 2060/54/108 2061/51/104 2062/52/103
f 2063/36/72 2064/34/68 2065/31/64 2066/32/63
f 2067/16/32 2068/14/28 2069/11/24 2070/12/23
f 2071/1145/2071 2072/1144/2072 2073/1146/2073 2074/1148/2074
f 2075/1151/2075 2076/1150/2076 2077/1152/2077 2078/1153/2078
f 2079/1155/2079 2080/1154/2080 2081/1156/2081 2082/1157/2082
f 2083/1159/2083 2084/1158/2084 2085/1160/2085 2086/1161/2086
f 2087/1163/2087 2088/1162/2088 2089/1164/2089 2090/1165/2090
f 2091/1167/2091 2092/1166/2092 2093/1168/2093 2094/1169/2094
f 2095/1171/2095 2096/1170/2096 2097/1172/2097 2098/1173/2098
f 2099/1176/2099 2100/1175/2100 2101/1177/2101 2102/1178/2102
f 2103/1180/2103 2104/1179/2104 2105/1181/2105 2106/1183/2106
f 2107/1185/2107 2108/1184/2108 2109/1186/2109 2110/1187/2110
f 2111/1189/2111 2112/1188/2112 2113/1190/2113 2114/1191/2114
f 2115/1193/2115 2116/1192/2116 2117/1194/2117 2118/1195/2118
f 2119/1197/2119 2120/1196/2120 2121/1198/2121 2122/1199/2122
f 2123/1201/2123 2124/1200/2124 2125/1202/2125 2126/1203/2126
f 2127/1205/2127 2128/1204/2128 2129/1206/2129 2130/1207/2130
f 2131/1209/2131 2132/1208/2132 2133/1210/2133 2134/1212/2134
f 2135/1214/2135 2136/1213/2136 2137/1215/2137 2138/1216/2138
f 2139/1218/2139 2140/1217/2140 2141/1219/2141 2142/1220/2142
f 2143/1222/2143 2144/1221/2144 2145/1223/2145 2146/1224/2146
f 2147/1226/2147 2148/1225/2148 2149/1227/2149 2150/1228/2150
f 2151/1230/2151 2152/1229/2152 2153/1231/2153 2154/1232/2154
f 2155/1234/2155 2156/1233/2156 2157/1235/2157 2158/1236/2158
f 2159/1238/2159 2160/1237/2160 2161/1239/2161 2162/1240/2162
f 905/4/6 906/7/13 1866/7/16 1865/4/7
f 771/811/1039 772/810/1038 1732/810/1830 1731/811/1829
f 361/2/2 362/5/9 1322/5/12 1321/2/3
f 774/814/1041 771/811/1039 1731/811/1829 1734/814/1832
f 772/810/1038 773/812/1040 1733/812/1831 1732/810/1830
f 1111/1145/1355 1112/1144/1354 2072/1144/2072 2071/1145/2071
f 567/597/833 568/596/832 1528/596/1674 1527/597/1673
f 773/812/1040 774/814/1041 1734/814/1832 1733/812/1831
f 1114/1148/1357 1111/1145/1355 2071/1145/2071 2074/1148/2074
f 570/599/835 567/597/833 1527/597/1673 1530/599/1676
f 1112/1144/1354 1113/1146/1356 2073/1146/2073 2072/1144/2072
f 568/596/832 569/598/834 1529/598/1675 1528/596/1674
f 907/931/1155 908/930/1154 1868/930/1916 1867/931/1915
f 363/383/625 364/382/624 1324/382/1518 1323/383/1517
f 1113/1146/1356 1114/1148/1357 2074/1148/2074 2073/1146/2073
f 569/598/834 570/599/835 1530/599/1676 1529/598/1675
f 910/934/1158 907/931/1155 1867/931/1915 1870/934/1918
f 366/385/627 363/383/625 1323/383/1517 1326/385/1520
f 908/930/1154 909/932/1156 1869/932/1917 1868/930/1916
f 364/382/624 365/384/626 1325/384/1519 1324/382/1518
f 909/932/1156 910/934/1158 1870/934/1918 1869/932/1917
f 775/817/1044 776/816/1043 1736/816/1834 1735/817/1833
f 365/384/626 366/385/627 1326/385/1520 1325/384/1519
f 778/819/1046 775/817/1044 1735/817/1833 1738/819/1836
f 776/816/1043 777/818/1045 1737/818/1835 1736/816/1834
f 1115/1151/1360 1116/1150/1359 2076/1150/2076 2075/1151/2075
f 571/603/839 572/602/838 1532/602/1678 1531/603/1677
f 777/818/1045 778/819/1046 1738/819/1836 1737/818/1835
f 1118/1153/1362 1115/1151/1360 2075/1151/2075 2078/1153/2078
f 574/606/842 571/603/839 1531/603/1677 1534/606/1680
f 1116/1150/1359 1117/1152/1361 2077/1152/2077 2076/1150/2076
f 572/602/838 573/604/840 1533/604/1679 1532/602/1678
f 911/937/1160 912/936/1159 1872/936/1920 1871/937/1919
f 367/388/630 368/387/629 1328/387/1522 1327/388/1521
f 1117/1152/1361 1118/1153/1362 2078/1153/2078 2077/1152/2077
f 573/604/840 574/606/842 1534/606/1680 1533/604/1679
f 914/940/1162 911/937/1160 1871/937/1919 1874/940/1922
f 370/390/632 367/388/630 1327/388/1521 1330/390/1524
f 912/936/1159 913/938/1161 1873/938/1921 1872/936/1920
f 368/387/629 369/389/631 1329/389/1523 1328/387/1522
f 913/938/1161 914/940/1162 1874/940/1922 1873/938/1921
f 779/821/1048 780/820/1047 1740/820/1838 1739/821/1837
f 369/389/631 370/390/632 1330/390/1524 1329/389/1523
f 782/823/1050 779/821/1048 1739/821/1837 1742/823/1840
f 780/820/1047 781/822/1049 1741/822/1839 1740/820/1838
f 1119/1155/1364 1120/1154/1363 2080/1154/2080 2079/1155/2079
f 575/608/844 576/607/843 1536/607/1682 1535/608/1681
f 781/822/1049 782/823/1050 1742/823/1840 1741/822/1839
f 1122/1157/1366 1119/1155/1364 2079/1155/2079 2082/1157/2082
f 578/610/846 575/608/844 1535/608/1681 1538/610/1684
f 1120/1154/1363 1121/1156/1365 2081/1156/2081 2080/1154/2080
f 576/607/843 577/609/845 1537/609/1683 1536/607/1682
f 915/944/1165 916/943/1164 1876/943/1924 1875/944/1923
f 371/394/636 372/393/635 1332/393/1526 1331/394/1525
f 1121/1156/1365 1122/1157/1366 2082/1157/2082 2081/1156/2081
f 577/609/845 578/610/846 1538/610/1684 1537/609/1683
f 918/946/1167 915/944/1165 1875/944/1923 1878/946/1926
f 374/396/638 371/394/636 1331/394/1525 1334/396/1528
f 916/943/1164 917/945/1166 1877/945/1925 1876/943/1924
f 372/393/635 373/395/637 1333/395/1527 1332/393/1526
f 917/945/1166 918/946/1167 1878/946/1926 1877/945/1925
f 783/825/1052 784/824/1051 1744/824/1842 1743/825/1841
f 373/395/637 374/396/638 1334/396/1528 1333/395/1527
f 786/827/1054 783/825/1052 1743/825/1841 1746/827/1844
f 784/824/1051 785/826/1053 1745/826/1843 1744/824/1842
f 1123/1159/1368 1124/1158/1367 2084/1158/2084 2083/1159/2083
f 579/612/848 580/611/847 1540/611/1686 1539/612/1685
f 785/826/1053 786/827/1054 1746/827/1844 1745/826/1843
f 1126/1161/1370 1123/1159/1368 2083/1159/2083 2086/1161/2086
f 582/614/850 579/612/848 1539/612/1685 1542/614/1688
f 1124/1158/1367 1125/1160/1369 2085/1160/2085 2084/1158/2084
f 580/611/847 581/613/849 1541/613/1687 1540/611/1686
f 919/950/1171 920/949/1170 1880/949/1928 1879/950/1927
f 375/400/642 376/399/641 1336/399/1530 1335/400/1529
f 1125/1160/1369 1126/1161/1370 2086/1161/2086 2085/1160/2085
f 581/613/849 582/614/850 1542/614/1688 1541/613/1687
f 922/953/1174 919/950/1171 1879/950/1927 1882/953/1930
f 378/403/645 375/400/642 1335/400/1529 1338/403/1532
f 920/949/1170 921/951/1172 1881/951/1929 1880/949/1928
f 376/399/641 377/401/643 1337/401/1531 1336/399/1530
f 921/951/1172 922/953/1174 1882/953/1930 1881/951/1929
f 787/830/1057 788/829/1056 1748/829/1846 1747/830/1845
f 377/401/643 378/403/645 1338/403/1532 1337/401/1531
f 790/832/1059 787/830/1057 1747/830/1845 1750/832/1848
f 788/829/1056 789/831/1058 1749/831/1847 1748/829/1846
f 1127/1163/1372 1128/1162/1371 2088/1162/2088 2087/1163/2087
f 583/617/853 584/616/852 1544/616/1690 1543/617/1689
f 789/831/1058 790/832/1059 1750/832/1848 1749/831/1847
f 1130/1165/1374 1127/1163/1372 2087/1163/2087 2090/1165/2090
f 586/619/855 583/617/853 1543/617/1689 1546/619/1692
f 1128/1162/1371 1129/1164/1373 2089/1164/2089 2088/1162/2088
f 584/616/852 585/618/854 1545/618/1691 1544/616/1690
f 923/957/1178 924/956/1177 1884/956/1932 1883/957/1931
f 379/407/649 380/406/648 1340/406/1534 1339/407/1533
f 1129/1164/1373 1130/1165/1374 2090/1165/2090 2089/1164/2089
f 585/618/854 586/619/855 1546/619/1692 1545/618/1691
f 926/961/1181 923/957/1178 1883/957/1931 1886/961/1934
f 382/411/653 379/407/649 1339/407/1533 1342/411/1536
f 924/956/1177 925/959/1179 1885/959/1933 1884/956/1932
f 380/406/648 381/409/651 1341/409/1535 1340/406/1534
f 925/959/1179 926/961/1181 1886/961/1934 1885/959/1933
f 791/836/1063 792/835/1062 1752/835/1850 1751/836/1849
f 381/409/651 382/411/653 1342/411/1536 1341/409/1535
f 794/838/1065 791/836/1063 1751/836/1849 1754/838/1852
f 792/835/1062 793/837/1064 1753/837/1851 1752/835/1850
f 1131/1167/1376 1132/1166/1375 2092/1166/2092 2091/1167/2091
f 587/623/859 588/622/858 1548/622/1694 1547/623/1693
f 793/837/1064 794/838/1065 1754/838/1852 1753/837/1851
f 1134/1169/1378 1131/1167/1376 2091/1167/2091 2094/1169/2094
f 590/626/862 587/623/859 1547/623/1693 1550/626/1696
f 1132/1166/1375 1133/1168/1377 2093/1168/2093 2092/1166/2092
f 588/622/858 589/624/860 1549/624/1695 1548/622/1694
f 927/964/1184 928/963/1183 1888/963/1936 1887/964/1935
f 383/414/656 384/413/655 1344/413/1538 1343/414/1537
f 1133/1168/1377 1134/1169/1378 2094/1169/2094 2093/1168/2093
f 589/624/860 590/626/862 1550/626/1696 1549/624/1695
f 930/967/1186 927/964/1184 1887/964/1935 1890/967/1938
f 386/416/658 383/414/656 1343/414/1537 1346/416/1540
f 928/963/1183 929/965/1185 1889/965/1937 1888/963/1936
f 384/413/655 385/415/657 1345/415/1539 1344/413/1538
f 795/840/1067 796/839/1066 1756/839/1854 1755/840/1853
f 929/965/1185 930/967/1186 1890/967/1938 1889/965/1937
f 385/415/657 386/416/658 1346/416/1540 1345/415/1539
f 798/842/1069 795/840/1067 1755/840/1853 1758/842/1856
f 796/839/1066 797/841/1068 1757/841/1855 1756/839/1854
f 1135/1171/1380 1136/1170/1379 2096/1170/2096 2095/1171/2095
f 591/628/864 592/627/863 1552/627/1698 1551/628/1697
f 797/841/1068 798/842/1069 1758/842/1856 1757/841/1855
f 1138/1173/1382 1135/1171/1380 2095/1171/2095 2098/1173/2098
f 594/630/866 591/628/864 1551/628/1697 1554/630/1700
f 1136/1170/1379 1137/1172/1381 2097/1172/2097 2096/1170/2096
f 592/627/863 593/629/865 1553/629/1699 1552/627/1698
f 931/971/1190 932/970/1189 1892/970/1940 1891/971/1939
f 387/418/660 388/417/659 1348/417/1542 1347/418/1541
f 1137/1172/1381 1138/1173/1382 2098/1173/2098 2097/1172/2097
f 593/629/865 594/630/866 1554/630/1700 1553/629/1699
f 934/975/1194 931/971/1190 1891/971/1939 1894/975/1942
f 390/420/662 387/418/660 1347/418/1541 1350/420/1544
f 932/970/1189 933/973/1192 1893/973/1941 1892/970/1940
f 388/417/659 389/419/661 1349/419/1543 1348/417/1542
f 799/846/1073 800/845/1072 1760/845/1858 1759/846/1857
f 933/973/1192 934/975/1194 1894/975/1942 1893/973/1941
f 389/419/661 390/420/662 1350/420/1544 1349/419/1543
f 802/849/1076 799/846/1073 1759/846/1857 1762/849/1860
f 800/845/1072 801/847/1074 1761/847/1859 1760/845/1858
f 1139/1176/1384 1140/1175/1383 2100/1175/2100 2099/1176/2099
f 595/634/870 596/633/869 1556/633/1702 1555/634/1701
f 801/847/1074 802/849/1076 1762/849/1860 1761/847/1859
f 1142/1178/1386 1139/1176/1384 2099/1176/2099 2102/1178/2102
f 598/638/874 595/634/870 1555/634/1701 1558/638/1704
f 1140/1175/1383 1141/1177/1385 2101/1177/2101 2100/1175/2100
f 596/633/869 597/636/872 1557/636/1703 1556/633/1702
f 935/977/1196 936/976/1195 1896/976/1944 1895/977/1943
f 391/422/664 392/421/663 1352/421/1546 1351/422/1545
f 1141/1177/1385 1142/1178/1386 2102/1178/2102 2101/1177/2101
f 597/636/872 598/638/874 1558/638/1704 1557/636/1703
f 938/979/1198 935/977/1196 1895/977/1943 1898/979/1946
f 394/424/666 391/422/664 1351/422/1545 1354/424/1548
f 936/976/1195 937/978/1197 1897/978/1945 1896/976/1944
f 392/421/663 393/423/665 1353/423/1547 1352/421/1546
f 803/853/1080 804/852/1079 1764/852/1862 1763/853/1861
f 937/978/1197 938/979/1198 1898/979/1946 1897/978/1945
f 393/423/665 394/424/666 1354/424/1548 1353/423/1547
f 806/857/1084 803/853/1080 1763/853/1861 1766/857/1864
f 804/852/1079 805/855/1082 1765/855/1863 1764/852/1862
f 1143/1180/1388 1144/1179/1387 2104/1179/2104 2103/1180/2103
f 599/640/876 600/639/875 1560/639/1706 1559/640/1705
f 805/855/1082 806/857/1084 1766/857/1864 1765/855/1863
f 1146/1183/1390 1143/1180/1388 2103/1180/2103 2106/1183/2106
f 602/643/878 599/640/876 1559/640/1705 1562/643/1708
f 1144/1179/1387 1145/1181/1389 2105/1181/2105 2104/1179/2104
f 600/639/875 601/641/877 1561/641/1707 1560/639/1706
f 939/982/1200 940/981/1199 1900/981/1948 1899/982/1947
f 395/426/668 396/425/667 1356/425/1550 1355/426/1549
f 1145/1181/1389 1146/1183/1390 2106/1183/2106 2105/1181/2105
f 601/641/877 602/643/878 1562/643/1708 1561/641/1707
f 942/984/1202 939/982/1200 1899/982/1947 1902/984/1950
f 398/428/670 395/426/668 1355/426/1549 1358/428/1552
f 940/981/1199 941/983/1201 1901/983/1949 1900/981/1948
f 396/425/667 397/427/669 1357/427/1551 1356/425/1550
f 807/859/1086 808/858/1085 1768/858/1866 1767/859/1865
f 941/983/1201 942/984/1202 1902/984/1950 1901/983/1949
f 397/427/669 398/428/670 1358/428/1552 1357/427/1551
f 810/861/1088 807/859/1086 1767/859/1865 1770/861/1868
f 808/858/1085 809/860/1087 1769/860/1867 1768/858/1866
f 1147/1185/1392 1148/1184/1391 2108/1184/2108 2107/1185/2107
f 603/645/880 604/644/879 1564/644/1710 1563/645/1709
f 809/860/1087 810/861/1088 1770/861/1868 1769/860/1867
f 1150/1187/1394 1147/1185/1392 2107/1185/2107 2110/1187/2110
f 606/647/882 603/645/880 1563/645/1709 1566/647/1712
f 1148/1184/1391 1149/1186/1393 2109/1186/2109 2108/1184/2108
f 604/644/879 605/646/881 1565/646/1711 1564/644/1710
f 943/988/1206 944/987/1205 1904/987/1952 1903/988/1951
f 399/430/672 400/429/671 1360/429/1554 1359/430/1553
f 1149/1186/1393 1150/1187/1394 2110/1187/2110 2109/1186/2109
f 605/646/881 606/647/882 1566/647/1712 1565/646/1711
f 946/990/1208 943/988/1206 1903/988/1951 1906/990/1954
f 402/432/674 399/430/672 1359/430/1553 1362/432/1556
f 944/987/1205 945/989/1207 1905/989/1953 1904/987/1952
f 400/429/671 401/431/673 1361/431/1555 1360/429/1554
f 811/863/1090 812/862/1089 1772/862/1870 1771/863/1869
f 945/989/1207 946/990/1208 1906/990/1954 1905/989/1953
f 401/431/673 402/432/674 1362/432/1556 1361/431/1555
f 814/865/1092 811/863/1090 1771/863/1869 1774/865/1872
f 812/862/1089 813/864/1091 1773/864/1871 1772/862/1870
f 1151/1189/1396 1152/1188/1395 2112/1188/2112 2111/1189/2111
f 607/651/886 608/650/885 1568/650/1714 1567/651/1713
f 813/864/1091 814/865/1092 1774/865/1872 1773/864/1871
f 1154/1191/1398 1151/1189/1396 2111/1189/2111 2114/1191/2114
f 610/653/888 607/651/886 1567/651/1713 1570/653/1716
f 1152/1188/1395 1153/1190/1397 2113/1190/2113 2112/1188/2112
f 608/650/885 609/652/887 1569/652/1715 1568/650/1714
f 947/992/1210 948/991/1209 1908/991/1956 1907/992/1955
f 403/435/677 404/434/676 1364/434/1558 1363/435/1557
f 1153/1190/1397 1154/1191/1398 2114/1191/2114 2113/1190/2113
f 609/652/887 610/653/888 1570/653/1716 1569/652/1715
f 950/994/1212 947/992/1210 1907/992/1955 1910/994/1958
f 406/438/680 403/435/677 1363/435/1557 1366/438/1560
f 948/991/1209 949/993/1211 1909/993/1957 1908/991/1956
f 404/434/676 405/436/678 1365/436/1559 1364/434/1558
f 815/868/1095 816/867/1094 1776/867/1874 1775/868/1873
f 949/993/1211 950/994/1212 1910/994/1958 1909/993/1957
f 405/436/678 406/438/680 1366/438/1560 1365/436/1559
f 818/871/1098 815/868/1095 1775/868/1873 1778/871/1876
f 816/867/1094 817/869/1096 1777/869/1875 1776/867/1874
f 1155/1193/1400 1156/1192/1399 2116/1192/2116 2115/1193/2115
f 611/656/890 612/655/889 1572/655/1718 1571/656/1717
f 817/869/1096 818/871/1098 1778/871/1876 1777/869/1875
f 1158/1195/1402 1155/1193/1400 2115/1193/2115 2118/1195/2118
f 614/658/892 611/656/890 1571/656/1717 1574/658/1720
f 1156/1192/1399 1157/1194/1401 2117/1194/2117 2116/1192/2116
f 612/655/889 613/657/891 1573/657/1719 1572/655/1718
f 951/998/1215 952/997/1214 1912/997/1960 1911/998/1959
f 407/441/682 408/440/681 1368/440/1562 1367/441/1561
f 1157/1194/1401 1158/1195/1402 2118/1195/2118 2117/1194/2117
f 613/657/891 614/658/892 1574/658/1720 1573/657/1719
f 954/1000/1217 951/998/1215 1911/998/1959 1914/1000/1962
f 410/443/684 407/441/682 1367/441/1561 1370/443/1564
f 952/997/1214 953/999/1216 1913/999/1961 1912/997/1960
f 408/440/681 409/442/683 1369/442/1563 1368/440/1562
f 819/875/1102 820/874/1101 1780/874/1878 1779/875/1877
f 953/999/1216 954/1000/1217 1914/1000/1962 1913/999/1961
f 409/442/683 410/443/684 1370/443/1564 1369/442/1563
f 822/877/1104 819/875/1102 1779/875/1877 1782/877/1880
f 820/874/1101 821/876/1103 1781/876/1879 1780/874/1878
f 1159/1197/1404 1160/1196/1403 2120/1196/2120 2119/1197/2119
f 615/660/894 616/659/893 1576/659/1722 1575/660/1721
f 821/876/1103 822/877/1104 1782/877/1880 1781/876/1879
f 1162/1199/1406 1159/1197/1404 2119/1197/2119 2122/1199/2122
f 618/662/896 615/660/894 1575/660/1721 1578/662/1724
f 1160/1196/1403 1161/1198/1405 2121/1198/2121 2120/1196/2120
f 616/659/893 617/661/895 1577/661/1723 1576/659/1722
f 955/1003/1220 956/1002/1219 1916/1002/1964 1915/1003/1963
f 411/446/687 412/445/686 1372/445/1566 1371/446/1565
f 1161/1198/1405 1162/1199/1406 2122/1199/2122 2121/1198/2121
f 617/661/895 618/662/896 1578/662/1724 1577/661/1723
f 958/1006/1222 955/1003/1220 1915/1003/1963 1918/1006/1966
f 414/448/689 411/446/687 1371/446/1565 1374/448/1568
f 956/1002/1219 957/1004/1221 1917/1004/1965 1916/1002/1964
f 412/445/686 413/447/688 1373/447/1567 1372/445/1566
f 957/1004/1221 958/1006/1222 1918/1006/1966 1917/1004/1965
f 413/447/688 414/448/689 1374/448/1568 1373/447/1567
f 1163/1201/1408 1164/1200/1407 2124/1200/2124 2123/1201/2123
f 619/664/898 620/663/897 1580/663/1726 1579/664/1725
f 1166/1203/1410 1163/1201/1408 2123/1201/2123 2126/1203/2126
f 622/666/900 619/664/898 1579/664/1725 1582/666/1728
f 1164/1200/1407 1165/1202/1409 2125/1202/2125 2124/1200/2124
f 620/663/897 621/665/899 1581/665/1727 1580/663/1726
f 959/1008/1224 960/1007/1223 1920/1007/1968 1919/1008/1967
f 415/450/691 416/449/690 1376/449/1570 1375/450/1569
f 1165/1202/1409 1166/1203/1410 2126/1203/2126 2125/1202/2125
f 621/665/899 622/666/900 1582/666/1728 1581/665/1727
f 962/1010/1226 959/1008/1224 1919/1008/1967 1922/1010/1970
f 418/452/693 415/450/691 1375/450/1569 1378/452/1572
f 960/1007/1223 961/1009/1225 1921/1009/1969 1920/1007/1968
f 416/449/690 417/451/692 1377/451/1571 1376/449/1570
f 961/1009/1225 962/1010/1226 1922/1010/1970 1921/1009/1969
f 417/451/692 418/452/693 1378/452/1572 1377/451/1571
f 1167/1205/1412 1168/1204/1411 2128/1204/2128 2127/1205/2127
f 623/668/902 624/667/901 1584/667/1730 1583/668/1729
f 1170/1207/1414 1167/1205/1412 2127/1205/2127 2130/1207/2130
f 626/670/904 623/668/902 1583/668/1729 1586/670/1732
f 1168/1204/1411 1169/1206/1413 2129/1206/2129 2128/1204/2128
f 624/667/901 625/669/903 1585/669/1731 1584/667/1730
f 963/1013/1228 964/1012/1227 1924/1012/1972 1923/1013/1971
f 419/455/696 420/454/695 1380/454/1574 1379/455/1573
f 1169/1206/1413 1170/1207/1414 2130/1207/2130 2129/1206/2129
f 625/669/903 626/670/904 1586/670/1732 1585/669/1731
f 966/1015/1230 963/1013/1228 1923/1013/1971 1926/1015/1974
f 422/458/699 419/455/696 1379/455/1573 1382/458/1576
f 964/1012/1227 965/1014/1229 1925/1014/1973 1924/1012/1972
f 420/454/695 421/456/697 1381/456/1575 1380/454/1574
f 965/1014/1229 966/1015/1230 1926/1015/1974 1925/1014/1973
f 421/456/697 422/458/699 1382/458/1576 1381/456/1575
f 1171/1209/1416 1172/1208/1415 2132/1208/2132 2131/1209/2131
f 627/672/906 628/671/905 1588/671/1734 1587/672/1733
f 1174/1212/1418 1171/1209/1416 2131/1209/2131 2134/1212/2134
f 630/675/909 627/672/906 1587/672/1733 1590/675/1736
f 1172/1208/1415 1173/1210/1417 2133/1210/2133 2132/1208/2132
f 628/671/905 629/673/907 1589/673/1735 1588/671/1734
f 967/1018/1233 968/1017/1232 1928/1017/1976 1927/1018/1975
f 423/460/701 424/459/700 1384/459/1578 1383/460/1577
f 1173/1210/1417 1174/1212/1418 2134/1212/2134 2133/1210/2133
f 629/673/907 630/675/909 1590/675/1736 1589/673/1735
f 970/1020/1235 967/1018/1233 1927/1018/1975 1930/1020/1978
f 426/462/703 423/460/701 1383/460/1577 1386/462/1580
f 968/1017/1232 969/1019/1234 1929/1019/1977 1928/1017/1976
f 424/459/700 425/461/702 1385/461/1579 1384/459/1578
f 969/1019/1234 970/1020/1235 1930/1020/1978 1929/1019/1977
f 425/461/702 426/462/703 1386/462/1580 1385/461/1579
f 1175/1214/1420 1176/1213/1419 2136/1213/2136 2135/1214/2135
f 631/677/911 632/676/910 1592/676/1738 1591/677/1737
f 1178/1216/1422 1175/1214/1420 2135/1214/2135 2138/1216/2138
f 634/679/913 631/677/911 1591/677/1737 1594/679/1740
f 1176/1213/1419 1177/1215/1421 2137/1215/2137 2136/1213/2136
f 632/676/910 633/678/912 1593/678/1739 1592/676/1738
f 971/1022/1237 972/1021/1236 1932/1021/1980 1931/1022/1979
f 427/465/706 428/464/705 1388/464/1582 1387/465/1581
f 1177/1215/1421 1178/1216/1422 2138/1216/2138 2137/1215/2137
f 633/678/912 634/679/913 1594/679/1740 1593/678/1739
f 974/1024/1239 971/1022/1237 1931/1022/1979 1934/1024/1982
f 430/467/708 427/465/706 1387/465/1581 1390/467/1584
f 972/1021/1236 973/1023/1238 1933/1023/1981 1932/1021/1980
f 428/464/705 429/466/707 1389/466/1583 1388/464/1582
f 973/1023/1238 974/1024/1239 1934/1024/1982 1933/1023/1981
f 429/466/707 430/467/708 1390/467/1584 1389/466/1583
f 1179/1218/1424 1180/1217/1423 2140/1217/2140 2139/1218/2139
f 635/682/916 636/681/915 1596/681/1742 1595/682/1741
f 1182/1220/1426 1179/1218/1424 2139/1218/2139 2142/1220/2142
f 638/684/918 635/682/916 1595/682/1741 1598/684/1744
f 1180/1217/1423 1181/1219/1425 2141/1219/2141 2140/1217/2140
f 636/681/915 637/683/917 1597/683/1743 1596/681/1742
f 975/1028/1243 976/1027/1242 1936/1027/1984 1935/1028/1983
f 431/470/711 432/469/710 1392/469/1586 1391/470/1585
f 1181/1219/1425 1182/1220/1426 2142/1220/2142 2141/1219/2141
f 637/683/917 638/684/918 1598/684/1744 1597/683/1743
f 978/1031/1246 975/1028/1243 1935/1028/1983 1938/1031/1986
f 434/472/713 431/470/711 1391/470/1585 1394/472/1588
f 976/1027/1242 977/1030/1245 1937/1030/1985 1936/1027/1984
f 432/469/710 433/471/712 1393/471/1587 1392/469/1586
f 977/1030/1245 978/1031/1246 1938/1031/1986 1937/1030/1985
f 433/471/712 434/472/713 1394/472/1588 1393/471/1587
f 1183/1222/1428 1184/1221/1427 2144/1221/2144 2143/1222/2143
f 639/686/920 640/685/919 1600/685/1746 1599/686/1745
f 1186/1224/1430 1183/1222/1428 2143/1222/2143 2146/1224/2146
f 642/688/922 639/686/920 1599/686/1745 1602/688/1748
f 1184/1221/1427 1185/1223/1429 2145/1223/2145 2144/1221/2144
f 640/685/919 641/687/921 1601/687/1747 1600/685/1746
f 979/1035/1250 980/1034/1249 1940/1034/1988 1939/1035/1987
f 435/474/715 436/473/714 1396/473/1590 1395/474/1589
f 1185/1223/1429 1186/1224/1430 2146/1224/2146 2145/1223/2145
f 641/687/921 642/688/922 1602/688/1748 1601/687/1747
f 982/1038/1253 979/1035/1250 1939/1035/1987 1942/1038/1990
f 438/476/717 435/474/715 1395/474/1589 1398/476/1592
f 980/1034/1249 981/1036/1251 1941/1036/1989 1940/1034/1988
f 436/473/714 437/475/716 1397/475/1591 1396/473/1590
f 981/1036/1251 982/1038/1253 1942/1038/1990 1941/1036/1989
f 437/475/716 438/476/717 1398/476/1592 1397/475/1591
f 1187/1226/1432 1188/1225/1431 2148/1225/2148 2147/1226/2147
f 643/690/924 644/689/923 1604/689/1750 1603/690/1749
f 1190/1228/1434 1187/1226/1432 2147/1226/2147 2150/1228/2150
f 646/692/926 643/690/924 1603/690/1749 1606/692/1752
f 1188/1225/1431 1189/1227/1433 2149/1227/2149 2148/1225/2148
f 644/689/923 645/691/925 1605/691/1751 1604/689/1750
f 983/1040/1255 984/1039/1254 1944/1039/1992 1943/1040/1991
f 439/478/719 440/477/718 1400/477/1594 1399/478/1593
f 1189/1227/1433 1190/1228/1434 2150/1228/2150 2149/1227/2149
f 645/691/925 646/692/926 1606/692/1752 1605/691/1751
f 986/1042/1257 983/1040/1255 1943/1040/1991 1946/1042/1994
f 442/480/721 439/478/719 1399/478/1593 1402/480/1596
f 984/1039/1254 985/1041/1256 1945/1041/1993 1944/1039/1992
f 440/477/718 441/479/720 1401/479/1595 1400/477/1594
f 985/1041/1256 986/1042/1257 1946/1042/1994 1945/1041/1993
f 441/479/720 442/480/721 1402/480/1596 1401/479/1595
f 1191/1230/1436 1192/1229/1435 2152/1229/2152 2151/1230/2151
f 647/695/929 648/694/928 1608/694/1754 1607/695/1753
f 1194/1232/1438 1191/1230/1436 2151/1230/2151 2154/1232/2154
f 650/697/931 647/695/929 1607/695/1753 1610/697/1756
f 1192/1229/1435 1193/1231/1437 2153/1231/2153 2152/1229/2152
f 648/694/928 649/696/930 1609/696/1755 1608/694/1754
f 987/1044/1259 988/1043/1258 1948/1043/1996 1947/1044/1995
f 443/482/723 444/481/722 1404/481/1598 1403/482/1597
f 1193/1231/1437 1194/1232/1438 2154/1232/2154 2153/1231/2153
f 649/696/930 650/697/931 1610/697/1756 1609/696/1755
f 990/1046/1261 987/1044/1259 1947/1044/1995 1950/1046/1998
f 446/484/725 443/482/723 1403/482/1597 1406/484/1600
f 988/1043/1258 989/1045/1260 1949/1045/1997 1948/1043/1996
f 444/481/722 445/483/724 1405/483/1599 1404/481/1598
f 989/1045/1260 990/1046/1261 1950/1046/1998 1949/1045/1997
f 445/483/724 446/484/725 1406/484/1600 1405/483/1599
f 1195/1234/1440 1196/1233/1439 2156/1233/2156 2155/1234/2155
f 651/699/933 652/698/932 1612/698/1758 1611/699/1757
f 1198/1236/1442 1195/1234/1440 2155/1234/2155 2158/1236/2158
f 654/702/935 651/699/933 1611/699/1757 1614/702/1760
f 1196/1233/1439 1197/1235/1441 2157/1235/2157 2156/1233/2156
f 652/698/932 653/700/934 1613/700/1759 1612/698/1758
f 991/1049/1264 992/1048/1263 1952/1048/2000 1951/1049/1999
f 447/487/728 448/486/727 1408/486/1602 1407/487/1601
f 1197/1235/1441 1198/1236/1442 2158/1236/2158 2157/1235/2157
f 653/700/934 654/702/935 1614/702/1760 1613/700/1759
f 994/1051/1266 991/1049/1264 1951/1049/1999 1954/1051/2002
f 450/490/731 447/487/728 1407/487/1601 1410/490/1604
f 992/1048/1263 993/1050/1265 1953/1050/2001 1952/1048/2000
f 448/486/727 449/489/730 1409/489/1603 1408/486/1602
f 243/248/492 244/247/491 1204/247/1448 1203/248/1447
f 993/1050/1265 994/1051/1266 1954/1051/2002 1953/1050/2001
f 449/489/730 450/490/731 1410/490/1604 1409/489/1603
f 246/252/496 243/248/492 1203/248/1447 1206/252/1450
f 244/247/491 245/250/494 1205/250/1449 1204/247/1448
f 1199/1238/1444 1200/1237/1443 2160/1237/2160 2159/1238/2159
f 655/706/938 656/705/937 1616/705/1762 1615/706/1761
f 245/250/494 246/252/496 1206/252/1450 1205/250/1449
f 1202/1240/1446 1199/1238/1444 2159/1238/2159 2162/1240/2162
f 658/708/940 655/706/938 1615/706/1761 1618/708/1764
f 1200/1237/1443 1201/1239/1445 2161/1239/2161 2160/1237/2160
f 656/705/937 657/707/939 1617/707/1763 1616/705/1762
f 995/1053/1268 996/1052/1267 1956/1052/2004 1955/1053/2003
f 451/492/733 452/491/732 1412/491/1606 1411/492/1605
f 1201/1239/1445 1202/1240/1446 2162/1240/2162 2161/1239/2161
f 657/707/939 658/708/940 1618/708/1764 1617/707/1763
f 998/1055/1270 995/1053/1268 1955/1053/2003 1958/1055/2006
f 454/494/735 451/492/733 1411/492/1605 1414/494/1608
f 996/1052/1267 997/1054/1269 1957/1054/2005 1956/1052/2004
f 452/491/732 453/493/734 1413/493/1607 1412/491/1606
f 247/256/500 248/255/499 1208/255/1452 1207/256/1451
f 997/1054/1269 998/1055/1270 1958/1055/2006 1957/1054/2005
f 453/493/734 454/494/735 1414/494/1608 1413/493/1607
f 250/260/504 247/256/500 1207/256/1451 1210/260/1454
f 248/255/499 249/258/502 1209/258/1453 1208/255/1452
f 659/710/942 660/709/941 1620/709/1766 1619/710/1765
f 249/258/502 250/260/504 1210/260/1454 1209/258/1453
f 662/712/944 659/710/942 1619/710/1765 1622/712/1768
f 660/709/941 661/711/943 1621/711/1767 1620/709/1766
f 999/1058/1273 1000/1057/1272 1960/1057/2008 1959/1058/2007
f 455/497/737 456/496/736 1416/496/1610 1415/497/1609
f 661/711/943 662/712/944 1622/712/1768 1621/711/1767
f 1002/1060/1275 999/1058/1273 1959/1058/2007 1962/1060/2010
f 458/499/739 455/497/737 1415/497/1609 1418/499/1612
f 1000/1057/1272 1001/1059/1274 1961/1059/2009 1960/1057/2008
f 456/496/736 457/498/738 1417/498/1611 1416/496/1610
f 251/264/508 252/263/507 1212/263/1456 1211/264/1455
f 1001/1059/1274 1002/1060/1275 1962/1060/2010 1961/1059/2009
f 457/498/738 458/499/739 1418/499/1612 1417/498/1611
f 254/268/512 251/264/508 1211/264/1455 1214/268/1458
f 252/263/507 253/266/510 1213/266/1457 1212/263/1456
f 663/716/948 664/715/947 1624/715/1770 1623/716/1769
f 253/266/510 254/268/512 1214/268/1458 1213/266/1457
f 666/718/950 663/716/948 1623/716/1769 1626/718/1772
f 664/715/947 665/717/949 1625/717/1771 1624/715/1770
f 1003/1064/1279 1004/1063/1278 1964/1063/2012 1963/1064/2011
f 459/502/741 460/501/740 1420/501/1614 1419/502/1613
f 665/717/949 666/718/950 1626/718/1772 1625/717/1771
f 1006/1066/1281 1003/1064/1279 1963/1064/2011 1966/1066/2014
f 462/505/744 459/502/741 1419/502/1613 1422/505/1616
f 1004/1063/1278 1005/1065/1280 1965/1065/2013 1964/1063/2012
f 460/501/740 461/504/743 1421/504/1615 1420/501/1614
f 255/272/516 256/271/515 1216/271/1460 1215/272/1459
f 1005/1065/1280 1006/1066/1281 1966/1066/2014 1965/1065/2013
f 461/504/743 462/505/744 1422/505/1616 1421/504/1615
f 258/276/520 255/272/516 1215/272/1459 1218/276/1462
f 256/271/515 257/274/518 1217/274/1461 1216/271/1460
f 667/721/953 668/720/952 1628/720/1774 1627/721/1773
f 257/274/518 258/276/520 1218/276/1462 1217/274/1461
f 670/723/955 667/721/953 1627/721/1773 1630/723/1776
f 668/720/952 669/722/954 1629/722/1775 1628/720/1774
f 1007/1069/1284 1008/1068/1283 1968/1068/2016 1967/1069/2015
f 463/507/746 464/506/745 1424/506/1618 1423/507/1617
f 669/722/954 670/723/955 1630/723/1776 1629/722/1775
f 1010/1071/1286 1007/1069/1284 1967/1069/2015 1970/1071/2018
f 466/509/748 463/507/746 1423/507/1617 1426/509/1620
f 1008/1068/1283 1009/1070/1285 1969/1070/2017 1968/1068/2016
f 464/506/745 465/508/747 1425/508/1619 1424/506/1618
f 259/280/524 260/279/523 1220/279/1464 1219/280/1463
f 1009/1070/1285 1010/1071/1286 1970/1071/2018 1969/1070/2017
f 465/508/747 466/509/748 1426/509/1620 1425/508/1619
f 262/282/526 259/280/524 1219/280/1463 1222/282/1466
f 260/279/523 261/281/525 1221/281/1465 1220/279/1464
f 671/727/959 672/726/958 1632/726/1778 1631/727/1777
f 261/281/525 262/282/526 1222/282/1466 1221/281/1465
f 674/730/962 671/727/959 1631/727/1777 1634/730/1780
f 672/726/958 673/729/961 1633/729/1779 1632/726/1778
f 1011/1073/1288 1012/1072/1287 1972/1072/2020 1971/1073/2019
f 467/512/751 468/511/750 1428/511/1622 1427/512/1621
f 673/729/961 674/730/962 1634/730/1780 1633/729/1779
f 1014/1075/1290 1011/1073/1288 1971/1073/2019 1974/1075/2022
f 470/514/753 467/512/751 1427/512/1621 1430/514/1624
f 1012/1072/1287 1013/1074/1289 1973/1074/2021 1972/1072/2020
f 468/511/750 469/513/752 1429/513/1623 1428/511/1622
f 263/286/530 264/285/529 1224/285/1468 1223/286/1467
f 1013/1074/1289 1014/1075/1290 1974/1075/2022 1973/1074/2021
f 469/513/752 470/514/753 1430/514/1624 1429/513/1623
f 266/290/534 263/286/530 1223/286/1467 1226/290/1470
f 264/285/529 265/288/532 1225/288/1469 1224/285/1468
f 675/732/964 676/731/963 1636/731/1782 1635/732/1781
f 265/288/532 266/290/534 1226/290/1470 1225/288/1469
f 678/734/966 675/732/964 1635/732/1781 1638/734/1784
f 676/731/963 677/733/965 1637/733/1783 1636/731/1782
f 1015/1078/1293 1016/1077/1292 1976/1077/2024 1975/1078/2023
f 471/517/756 472/516/755 1432/516/1626 1431/517/1625
f 677/733/965 678/734/966 1638/734/1784 1637/733/1783
f 1018/1080/1295 1015/1078/1293 1975/1078/2023 1978/1080/2026
f 474/519/758 471/517/756 1431/517/1625 1434/519/1628
f 1016/1077/1292 1017/1079/1294 1977/1079/2025 1976/1077/2024
f 472/516/755 473/518/757 1433/518/1627 1432/516/1626
f 267/294/537 268/293/536 1228/293/1472 1227/294/1471
f 1017/1079/1294 1018/1080/1295 1978/1080/2026 1977/1079/2025
f 473/518/757 474/519/758 1434/519/1628 1433/518/1627
f 270/296/539 267/294/537 1227/294/1471 1230/296/1474
f 268/293/536 269/295/538 1229/295/1473 1228/293/1472
f 679/737/969 680/736/968 1640/736/1786 1639/737/1785
f 269/295/538 270/296/539 1230/296/1474 1229/295/1473
f 682/739/971 679/737/969 1639/737/1785 1642/739/1788
f 680/736/968 681/738/970 1641/738/1787 1640/736/1786
f 1019/1082/1297 1020/1081/1296 1980/1081/2028 1979/1082/2027
f 475/522/761 476/521/760 1436/521/1630 1435/522/1629
f 681/738/970 682/739/971 1642/739/1788 1641/738/1787
f 1022/1084/1299 1019/1082/1297 1979/1082/2027 1982/1084/2030
f 478/524/763 475/522/761 1435/522/1629 1438/524/1632
f 1020/1081/1296 1021/1083/1298 1981/1083/2029 1980/1081/2028
f 476/521/760 477/523/762 1437/523/1631 1436/521/1630
f 271/299/542 272/298/541 1232/298/1476 1231/299/1475
f 1021/1083/1298 1022/1084/1299 1982/1084/2030 1981/1083/2029
f 477/523/762 478/524/763 1438/524/1632 1437/523/1631
f 274/302/545 271/299/542 1231/299/1475 1234/302/1478
f 272/298/541 273/300/543 1233/300/1477 1232/298/1476
f 683/742/974 684/741/973 1644/741/1790 1643/742/1789
f 273/300/543 274/302/545 1234/302/1478 1233/300/1477
f 686/744/976 683/742/974 1643/742/1789 1646/744/1792
f 684/741/973 685/743/975 1645/743/1791 1644/741/1790
f 1023/1086/1301 1024/1085/1300 1984/1085/2032 1983/1086/2031
f 479/526/765 480/525/764 1440/525/1634 1439/526/1633
f 685/743/975 686/744/976 1646/744/1792 1645/743/1791
f 1026/1088/1303 1023/1086/1301 1983/1086/2031 1986/1088/2034
f 482/528/767 479/526/765 1439/526/1633 1442/528/1636
f 1024/1085/1300 1025/1087/1302 1985/1087/2033 1984/1085/2032
f 480/525/764 481/527/766 1441/527/1635 1440/525/1634
f 275/306/549 276/305/548 1236/305/1480 1235/306/1479
f 1025/1087/1302 1026/1088/1303 1986/1088/2034 1985/1087/2033
f 481/527/766 482/528/767 1442/528/1636 1441/527/1635
f 278/310/553 275/306/549 1235/306/1479 1238/310/1482
f 276/305/548 277/308/551 1237/308/1481 1236/305/1480
f 687/747/979 688/746/978 1648/746/1794 1647/747/1793
f 277/308/551 278/310/553 1238/310/1482 1237/308/1481
f 690/749/981 687/747/979 1647/747/1793 1650/749/1796
f 688/746/978 689/748/980 1649/748/1795 1648/746/1794
f 1027/1091/1305 1028/1090/1304 1988/1090/2036 1987/1091/2035
f 483/530/769 484/529/768 1444/529/1638 1443/530/1637
f 689/748/980 690/749/981 1650/749/1796 1649/748/1795
f 1030/1094/1307 1027/1091/1305 1987/1091/2035 1990/1094/2038
f 486/532/771 483/530/769 1443/530/1637 1446/532/1640
f 1028/1090/1304 1029/1093/1306 1989/1093/2037 1988/1090/2036
f 484/529/768 485/531/770 1445/531/1639 1444/529/1638
f 823/880/1107 824/879/1106 1784/879/1882 1783/880/1881
f 279/313/556 280/312/555 1240/312/1484 1239/313/1483
f 1029/1093/1306 1030/1094/1307 1990/1094/2038 1989/1093/2037
f 485/531/770 486/532/771 1446/532/1640 1445/531/1639
f 826/883/1110 823/880/1107 1783/880/1881 1786/883/1884
f 282/317/560 279/313/556 1239/313/1483 1242/317/1486
f 824/879/1106 825/881/1108 1785/881/1883 1784/879/1882
f 280/312/555 281/315/558 1241/315/1485 1240/312/1484
f 691/752/984 692/751/983 1652/751/1798 1651/752/1797
f 825/881/1108 826/883/1110 1786/883/1884 1785/881/1883
f 281/315/558 282/317/560 1242/317/1486 1241/315/1485
f 694/754/986 691/752/984 1651/752/1797 1654/754/1800
f 692/751/983 693/753/985 1653/753/1799 1652/751/1798
f 1031/1097/1310 1032/1096/1309 1992/1096/2040 1991/1097/2039
f 487/536/775 488/535/774 1448/535/1642 1447/536/1641
f 693/753/985 694/754/986 1654/754/1800 1653/753/1799
f 1034/1100/1313 1031/1097/1310 1991/1097/2039 1994/1100/2042
f 490/538/777 487/536/775 1447/536/1641 1450/538/1644
f 1032/1096/1309 1033/1098/1311 1993/1098/2041 1992/1096/2040
f 488/535/774 489/537/776 1449/537/1643 1448/535/1642
f 827/885/1112 828/884/1111 1788/884/1886 1787/885/1885
f 283/320/563 284/319/562 1244/319/1488 1243/320/1487
f 1033/1098/1311 1034/1100/1313 1994/1100/2042 1993/1098/2041
f 489/537/776 490/538/777 1450/538/1644 1449/537/1643
f 830/887/1114 827/885/1112 1787/885/1885 1790/887/1888
f 286/324/567 283/320/563 1243/320/1487 1246/324/1490
f 828/884/1111 829/886/1113 1789/886/1887 1788/884/1886
f 284/319/562 285/322/565 1245/322/1489 1244/319/1488
f 695/756/988 696/755/987 1656/755/1802 1655/756/1801
f 829/886/1113 830/887/1114 1790/887/1888 1789/886/1887
f 285/322/565 286/324/567 1246/324/1490 1245/322/1489
f 698/758/990 695/756/988 1655/756/1801 1658/758/1804
f 696/755/987 697/757/989 1657/757/1803 1656/755/1802
f 1035/1104/1316 1036/1103/1315 1996/1103/2044 1995/1104/2043
f 491/542/781 492/541/780 1452/541/1646 1451/542/1645
f 697/757/989 698/758/990 1658/758/1804 1657/757/1803
f 1038/1108/1320 1035/1104/1316 1995/1104/2043 1998/1108/2046
f 494/546/785 491/542/781 1451/542/1645 1454/546/1648
f 1036/1103/1315 1037/1106/1318 1997/1106/2045 1996/1103/2044
f 492/541/780 493/544/783 1453/544/1647 1452/541/1646
f 831/890/1117 832/889/1116 1792/889/1890 1791/890/1889
f 287/328/571 288/327/570 1248/327/1492 1247/328/1491
f 1037/1106/1318 1038/1108/1320 1998/1108/2046 1997/1106/2045
f 493/544/783 494/546/785 1454/546/1648 1453/544/1647
f 834/892/1119 831/890/1117 1791/890/1889 1794/892/1892
f 290/331/574 287/328/571 1247/328/1491 1250/331/1494
f 832/889/1116 833/891/1118 1793/891/1891 1792/889/1890
f 288/327/570 289/329/572 1249/329/1493 1248/327/1492
f 699/761/993 700/760/992 1660/760/1806 1659/761/1805
f 833/891/1118 834/892/1119 1794/892/1892 1793/891/1891
f 289/329/572 290/331/574 1250/331/1494 1249/329/1493
f 702/763/995 699/761/993 1659/761/1805 1662/763/1808
f 700/760/992 701/762/994 1661/762/1807 1660/760/1806
f 1039/1110/1322 1040/1109/1321 2000/1109/2048 1999/1110/2047
f 495/549/788 496/548/787 1456/548/1650 1455/549/1649
f 701/762/994 702/763/995 1662/763/1808 1661/762/1807
f 1042/1112/1324 1039/1110/1322 1999/1110/2047 2002/1112/2050
f 498/552/791 495/549/788 1455/549/1649 1458/552/1652
f 1040/1109/1321 1041/1111/1323 2001/1111/2049 2000/1109/2048
f 496/548/787 497/550/789 1457/550/1651 1456/548/1650
f 835/894/1121 836/893/1120 1796/893/1894 1795/894/1893
f 291/334/577 292/333/576 1252/333/1496 1251/334/1495
f 1041/1111/1323 1042/1112/1324 2002/1112/2050 2001/1111/2049
f 497/550/789 498/552/791 1458/552/1652 1457/550/1651
f 838/896/1123 835/894/1121 1795/894/1893 1798/896/1896
f 294/338/581 291/334/577 1251/334/1495 1254/338/1498
f 836/893/1120 837/895/1122 1797/895/1895 1796/893/1894
f 292/333/576 293/336/579 1253/336/1497 1252/333/1496
f 703/765/997 704/764/996 1664/764/1810 1663/765/1809
f 837/895/1122 838/896/1123 1798/896/1896 1797/895/1895
f 293/336/579 294/338/581 1254/338/1498 1253/336/1497
f 706/768/999 703/765/997 1663/765/1809 1666/768/1812
f 704/764/996 705/766/998 1665/766/1811 1664/764/1810
f 1043/1115/1327 1044/1114/1326 2004/1114/2052 2003/1115/2051
f 499/556/795 500/555/794 1460/555/1654 1459/556/1653
f 705/766/998 706/768/999 1666/768/1812 1665/766/1811
f 1046/1118/1330 1043/1115/1327 2003/1115/2051 2006/1118/2054
f 502/558/797 499/556/795 1459/556/1653 1462/558/1656
f 1044/1114/1326 1045/1116/1328 2005/1116/2053 2004/1114/2052
f 500/555/794 501/557/796 1461/557/1655 1460/555/1654
f 839/898/1125 840/897/1124 1800/897/1898 1799/898/1897
f 295/342/584 296/341/583 1256/341/1500 1255/342/1499
f 1045/1116/1328 1046/1118/1330 2006/1118/2054 2005/1116/2053
f 501/557/796 502/558/797 1462/558/1656 1461/557/1655
f 842/900/1127 839/898/1125 1799/898/1897 1802/900/1900
f 298/345/587 295/342/584 1255/342/1499 1258/345/1502
f 840/897/1124 841/899/1126 1801/899/1899 1800/897/1898
f 296/341/583 297/343/585 1257/343/1501 1256/341/1500
f 707/772/1002 708/771/1001 1668/771/1814 1667/772/1813
f 841/899/1126 842/900/1127 1802/900/1900 1801/899/1899
f 297/343/585 298/345/587 1258/345/1502 1257/343/1501
f 710/774/1004 707/772/1002 1667/772/1813 1670/774/1816
f 708/771/1001 709/773/1003 1669/773/1815 1668/771/1814
f 1047/1122/1334 1048/1121/1333 2008/1121/2056 2007/1122/2055
f 503/561/800 504/560/799 1464/560/1658 1463/561/1657
f 709/773/1003 710/774/1004 1670/774/1816 1669/773/1815
f 1050/1124/1336 1047/1122/1334 2007/1122/2055 2010/1124/2058
f 506/565/804 503/561/800 1463/561/1657 1466/565/1660
f 1048/1121/1333 1049/1123/1335 2009/1123/2057 2008/1121/2056
f 504/560/799 505/563/802 1465/563/1659 1464/560/1658
f 843/902/1129 844/901/1128 1804/901/1902 1803/902/1901
f 299/348/590 300/347/589 1260/347/1504 1259/348/1503
f 1049/1123/1335 1050/1124/1336 2010/1124/2058 2009/1123/2057
f 505/563/802 506/565/804 1466/565/1660 1465/563/1659
f 846/904/1131 843/902/1129 1803/902/1901 1806/904/1904
f 302/350/592 299/348/590 1259/348/1503 1262/350/1506
f 844/901/1128 845/903/1130 1805/903/1903 1804/901/1902
f 300/347/589 301/349/591 1261/349/1505 1260/347/1504
f 711/777/1007 712/776/1006 1672/776/1818 1671/777/1817
f 845/903/1130 846/904/1131 1806/904/1904 1805/903/1903
f 301/349/591 302/350/592 1262/350/1506 1261/349/1505
f 714/780/1010 711/777/1007 1671/777/1817 1674/780/1820
f 712/776/1006 713/779/1009 1673/779/1819 1672/776/1818
f 1051/1127/1339 1052/1126/1338 2012/1126/2060 2011/1127/2059
f 507/569/807 508/568/806 1468/568/1662 1467/569/1661
f 713/779/1009 714/780/1010 1674/780/1820 1673/779/1819
f 1054/1129/1341 1051/1127/1339 2011/1127/2059 2014/1129/2062
f 510/571/809 507/569/807 1467/569/1661 1470/571/1664
f 1052/1126/1338 1053/1128/1340 2013/1128/2061 2012/1126/2060
f 508/568/806 509/570/808 1469/570/1663 1468/568/1662
f 847/906/1133 848/905/1132 1808/905/1906 1807/906/1905
f 303/352/594 304/351/593 1264/351/1508 1263/352/1507
f 1053/1128/1340 1054/1129/1341 2014/1129/2062 2013/1128/2061
f 509/570/808 510/571/809 1470/571/1664 1469/570/1663
f 850/908/1135 847/906/1133 1807/906/1905 1810/908/1908
f 306/354/596 303/352/594 1263/352/1507 1266/354/1510
f 848/905/1132 849/907/1134 1809/907/1907 1808/905/1906
f 304/351/593 305/353/595 1265/353/1509 1264/351/1508
f 715/782/1012 716/781/1011 1676/781/1822 1675/782/1821
f 849/907/1134 850/908/1135 1810/908/1908 1809/907/1907
f 305/353/595 306/354/596 1266/354/1510 1265/353/1509
f 718/784/1014 715/782/1012 1675/782/1821 1678/784/1824
f 716/781/1011 717/783/1013 1677/783/1823 1676/781/1822
f 1055/1131/1343 1056/1130/1342 2016/1130/2064 2015/1131/2063
f 511/573/811 512/572/810 1472/572/1666 1471/573/1665
f 717/783/1013 718/784/1014 1678/784/1824 1677/783/1823
f 1058/1133/1345 1055/1131/1343 2015/1131/2063 2018/1133/2066
f 514/575/813 511/573/811 1471/573/1665 1474/575/1668
f 1056/1130/1342 1057/1132/1344 2017/1132/2065 2016/1130/2064
f 512/572/810 513/574/812 1473/574/1667 1472/572/1666
f 851/912/1139 852/911/1138 1812/911/1910 1811/912/1909
f 307/358/600 308/357/599 1268/357/1512 1267/358/1511
f 1057/1132/1344 1058/1133/1345 2018/1133/2066 2017/1132/2065
f 513/574/812 514/575/813 1474/575/1668 1473/574/1667
f 854/914/1141 851/912/1139 1811/912/1909 1814/914/1912
f 310/361/603 307/358/600 1267/358/1511 1270/361/1514
f 852/911/1138 853/913/1140 1813/913/1911 1812/911/1910
f 308/357/599 309/359/601 1269/359/1513 1268/357/1512
f 719/788/1018 720/787/1017 1680/787/1826 1679/788/1825
f 853/913/1140 854/914/1141 1814/914/1912 1813/913/1911
f 309/359/601 310/361/603 1270/361/1514 1269/359/1513
f 722/792/1022 719/788/1018 1679/788/1825 1682/792/1828
f 720/787/1017 721/790/1020 1681/790/1827 1680/787/1826
f 1059/1136/1348 1060/1135/1347 2020/1135/2068 2019/1136/2067
f 515/577/815 516/576/814 1476/576/1670 1475/577/1669
f 721/790/1020 722/792/1022 1682/792/1828 1681/790/1827
f 1062/1139/1351 1059/1136/1348 2019/1136/2067 2022/1139/2070
f 518/579/817 515/577/815 1475/577/1669 1478/579/1672
f 1060/1135/1347 1061/1137/1349 2021/1137/2069 2020/1135/2068
f 516/576/814 517/578/816 1477/578/1671 1476/576/1670
f 855/916/1143 856/915/1142 1816/915/1914 1815/916/1913
f 311/363/605 312/362/604 1272/362/1516 1271/363/1515
f 1061/1137/1349 1062/1139/1351 2022/1139/2070 2021/1137/2069
f 517/578/816 518/579/817 1478/579/1672 1477/578/1671
f 858/244/486 855/916/1143 1815/916/1913 1818/244/487
f 314/242/482 311/363/605 1271/363/1515 1274/242/483
f 856/915/1142 857/243/485 1817/243/488 1816/915/1914
f 312/362/604 313/241/481 1273/241/484 1272/362/1516
