# Blender 4.5.3 LTS
# www.blender.org
mtllib esferaconpicos.mtl
o Cone
v 0.000000 -0.003193 -1.000000
v 0.195090 -0.003193 -0.980785
v 0.382683 -0.003193 -0.923879
v 0.555570 -0.003193 -0.831469
v 0.707107 -0.003193 -0.707107
v 0.831470 -0.003193 -0.555570
v 0.923880 -0.003193 -0.382683
v 0.980785 -0.003193 -0.195090
v 1.000000 -0.003193 0.000000
v 0.980785 -0.003193 0.195090
v 0.923880 -0.003193 0.382684
v 0.831470 -0.003193 0.555570
v 0.707107 -0.003193 0.707107
v 0.555570 -0.003193 0.831470
v 0.382683 -0.003193 0.923880
v 0.195090 -0.003193 0.980785
v 0.000000 -0.003193 1.000000
v -0.195090 -0.003193 0.980785
v -0.382683 -0.003193 0.923880
v -0.555570 -0.003193 0.831470
v -0.707107 -0.003193 0.707107
v -0.831470 -0.003193 0.555570
v -0.923880 -0.003193 0.382684
v -0.980785 -0.003193 0.195090
v -1.000000 -0.003193 0.000000
v -0.980785 -0.003193 -0.195090
v -0.923880 -0.003193 -0.382683
v -0.831470 -0.003193 -0.555570
v -0.707107 -0.003193 -0.707107
v -0.555570 -0.003193 -0.831469
v -0.382683 -0.003193 -0.923879
v -0.195090 -0.003193 -0.980785
v 0.000000 1.996807 0.000000
vn 0.0878 0.4455 -0.8910
vn 0.2599 0.4455 -0.8567
vn 0.4220 0.4455 -0.7896
vn 0.5680 0.4455 -0.6921
vn 0.6921 0.4455 -0.5680
vn 0.7896 0.4455 -0.4220
vn 0.8567 0.4455 -0.2599
vn 0.8910 0.4455 -0.0878
vn 0.8910 0.4455 0.0878
vn 0.8567 0.4455 0.2599
vn 0.7896 0.4455 0.4220
vn 0.6921 0.4455 0.5680
vn 0.5680 0.4455 0.6921
vn 0.4220 0.4455 0.7896
vn 0.2599 0.4455 0.8567
vn 0.0878 0.4455 0.8910
vn -0.0878 0.4455 0.8910
vn -0.2599 0.4455 0.8567
vn -0.4220 0.4455 0.7896
vn -0.5680 0.4455 0.6921
vn -0.6921 0.4455 0.5680
vn -0.7896 0.4455 0.4220
vn -0.8567 0.4455 0.2599
vn -0.8910 0.4455 0.0878
vn -0.8910 0.4455 -0.0878
vn -0.8567 0.4455 -0.2599
vn -0.7896 0.4455 -0.4220
vn -0.6921 0.4455 -0.5680
vn -0.5680 0.4455 -0.6921
vn -0.4220 0.4455 -0.7896
vn -0.0000 -1.0000 -0.0000
vn -0.2599 0.4455 -0.8567
vn -0.0878 0.4455 -0.8910
vt 0.250000 0.490000
vt 0.250000 0.250000
vt 0.296822 0.485388
vt 0.341844 0.471731
vt 0.383337 0.449553
vt 0.419706 0.419706
vt 0.449553 0.383337
vt 0.471731 0.341844
vt 0.485388 0.296822
vt 0.490000 0.250000
vt 0.485388 0.203178
vt 0.471731 0.158156
vt 0.449553 0.116663
vt 0.419706 0.080294
vt 0.383337 0.050447
vt 0.341844 0.028269
vt 0.296822 0.014612
vt 0.250000 0.010000
vt 0.203178 0.014612
vt 0.158156 0.028269
vt 0.116663 0.050447
vt 0.080294 0.080294
vt 0.050447 0.116663
vt 0.028269 0.158156
vt 0.014612 0.203178
vt 0.010000 0.250000
vt 0.014612 0.296822
vt 0.028269 0.341844
vt 0.050447 0.383337
vt 0.080294 0.419706
vt 0.116663 0.449553
vt 0.158156 0.471731
vt 0.750000 0.490000
vt 0.796822 0.485388
vt 0.841844 0.471731
vt 0.883337 0.449553
vt 0.919706 0.419706
vt 0.949553 0.383337
vt 0.971731 0.341844
vt 0.985388 0.296822
vt 0.990000 0.250000
vt 0.985388 0.203178
vt 0.971731 0.158156
vt 0.949553 0.116663
vt 0.919706 0.080294
vt 0.883337 0.050447
vt 0.841844 0.028269
vt 0.796822 0.014612
vt 0.750000 0.010000
vt 0.703178 0.014612
vt 0.658156 0.028269
vt 0.616663 0.050447
vt 0.580294 0.080294
vt 0.550447 0.116663
vt 0.528269 0.158156
vt 0.514612 0.203178
vt 0.510000 0.250000
vt 0.514612 0.296822
vt 0.528269 0.341844
vt 0.550447 0.383337
vt 0.580294 0.419706
vt 0.616663 0.449553
vt 0.658156 0.471731
vt 0.703178 0.485388
vt 0.203178 0.485388
s 0
f 1/1/1 33/2/1 2/3/1
f 2/3/2 33/2/2 3/4/2
f 3/4/3 33/2/3 4/5/3
f 4/5/4 33/2/4 5/6/4
f 5/6/5 33/2/5 6/7/5
f 6/7/6 33/2/6 7/8/6
f 7/8/7 33/2/7 8/9/7
f 8/9/8 33/2/8 9/10/8
f 9/10/9 33/2/9 10/11/9
f 10/11/10 33/2/10 11/12/10
f 11/12/11 33/2/11 12/13/11
f 12/13/12 33/2/12 13/14/12
f 13/14/13 33/2/13 14/15/13
f 14/15/14 33/2/14 15/16/14
f 15/16/15 33/2/15 16/17/15
f 16/17/16 33/2/16 17/18/16
f 17/18/17 33/2/17 18/19/17
f 18/19/18 33/2/18 19/20/18
f 19/20/19 33/2/19 20/21/19
f 20/21/20 33/2/20 21/22/20
f 21/22/21 33/2/21 22/23/21
f 22/23/22 33/2/22 23/24/22
f 23/24/23 33/2/23 24/25/23
f 24/25/24 33/2/24 25/26/24
f 25/26/25 33/2/25 26/27/25
f 26/27/26 33/2/26 27/28/26
f 27/28/27 33/2/27 28/29/27
f 28/29/28 33/2/28 29/30/28
f 29/30/29 33/2/29 30/31/29
f 30/31/30 33/2/30 31/32/30
f 1/33/31 2/34/31 3/35/31 4/36/31 5/37/31 6/38/31 7/39/31 8/40/31 9/41/31 10/42/31 11/43/31 12/44/31 13/45/31 14/46/31 15/47/31 16/48/31 17/49/31 18/50/31 19/51/31 20/52/31 21/53/31 22/54/31 23/55/31 24/56/31 25/57/31 26/58/31 27/59/31 28/60/31 29/61/31 30/62/31 31/63/31 32/64/31
f 31/32/32 33/2/32 32/65/32
f 32/65/33 33/2/33 1/1/33
o Icosphere
v 0.000000 -0.035875 0.000000
v 0.723607 0.516905 0.525725
v -0.276388 0.516905 0.850649
v -0.894426 0.516909 0.000000
v -0.276388 0.516905 -0.850649
v 0.723607 0.516905 -0.525725
v 0.276388 1.411345 0.850649
v -0.723607 1.411344 0.525725
v -0.723607 1.411344 -0.525725
v 0.276388 1.411345 -0.850649
v 0.894426 1.411340 0.000000
v 0.000000 1.964125 0.000000
v -0.162456 0.113470 0.499995
v 0.425323 0.113471 0.309011
v 0.262869 0.438387 0.809012
v 0.850648 0.438389 0.000000
v 0.425323 0.113471 -0.309011
v -0.525730 0.113473 0.000000
v -0.688189 0.438389 0.499997
v -0.162456 0.113470 -0.499995
v -0.688189 0.438389 -0.499997
v 0.262869 0.438387 -0.809012
v 0.951058 0.964125 0.309013
v 0.951058 0.964125 -0.309013
v 0.000000 0.964125 1.000000
v 0.587786 0.964125 0.809017
v -0.951058 0.964125 0.309013
v -0.587786 0.964125 0.809017
v -0.587786 0.964125 -0.809017
v -0.951058 0.964125 -0.309013
v 0.587786 0.964125 -0.809017
v 0.000000 0.964125 -1.000000
v 0.688189 1.489861 0.499997
v -0.262869 1.489863 0.809012
v -0.850648 1.489861 0.000000
v -0.262869 1.489863 -0.809012
v 0.688189 1.489861 -0.499997
v 0.162456 1.814779 0.499995
v 0.525730 1.814777 0.000000
v -0.425323 1.814779 0.309011
v -0.425323 1.814779 -0.309011
v 0.162456 1.814779 -0.499995
vn -0.0000 -1.0000 -0.0000
vn 0.7236 -0.4472 0.5257
vn -0.2764 -0.4472 0.8506
vn -0.8944 -0.4472 -0.0000
vn -0.2764 -0.4472 -0.8506
vn 0.7236 -0.4472 -0.5257
vn 0.2764 0.4472 0.8506
vn -0.7236 0.4472 0.5257
vn -0.7236 0.4472 -0.5257
vn 0.2764 0.4472 -0.8506
vn 0.8944 0.4472 -0.0000
vn -0.0000 1.0000 -0.0000
vn -0.1625 -0.8507 0.5000
vn 0.4253 -0.8507 0.3090
vn 0.2629 -0.5257 0.8090
vn 0.8506 -0.5257 -0.0000
vn 0.4253 -0.8507 -0.3090
vn -0.5257 -0.8507 -0.0000
vn -0.6882 -0.5257 0.5000
vn -0.1625 -0.8507 -0.5000
vn -0.6882 -0.5257 -0.5000
vn 0.2629 -0.5257 -0.8090
vn 0.9511 -0.0000 0.3090
vn 0.9511 -0.0000 -0.3090
vn -0.0000 -0.0000 1.0000
vn 0.5878 -0.0000 0.8090
vn -0.9511 -0.0000 0.3090
vn -0.5878 -0.0000 0.8090
vn -0.5878 -0.0000 -0.8090
vn -0.9511 -0.0000 -0.3090
vn 0.5878 -0.0000 -0.8090
vn -0.0000 -0.0000 -1.0000
vn 0.6882 0.5257 0.5000
vn -0.2629 0.5257 0.8090
vn -0.8506 0.5257 -0.0000
vn -0.2629 0.5257 -0.8090
vn 0.6882 0.5257 -0.5000
vn 0.1625 0.8507 0.5000
vn 0.5257 0.8507 -0.0000
vn -0.4253 0.8507 0.3090
vn -0.4253 0.8507 -0.3090
vn 0.1625 0.8507 -0.5000
vt 0.181819 0.000000
vt 0.227273 0.078731
vt 0.136365 0.078731
vt 0.272728 0.157461
vt 0.318182 0.078731
vt 0.363637 0.157461
vt 0.909091 0.000000
vt 0.954545 0.078731
vt 0.863636 0.078731
vt 0.727273 0.000000
vt 0.772727 0.078731
vt 0.681818 0.078731
vt 0.545455 0.000000
vt 0.590909 0.078731
vt 0.500000 0.078731
vt 0.318182 0.236191
vt 0.090910 0.157461
vt 0.181819 0.157461
vt 0.136365 0.236191
vt 0.818182 0.157461
vt 0.909091 0.157461
vt 0.863636 0.236191
vt 0.636364 0.157461
vt 0.727273 0.157461
vt 0.681818 0.236191
vt 0.454546 0.157461
vt 0.545455 0.157461
vt 0.500000 0.236191
vt 0.227273 0.236191
vt 0.045455 0.236191
vt 0.772727 0.236191
vt 0.590909 0.236191
vt 0.409092 0.236191
vt 0.181819 0.314921
vt 0.272728 0.314921
vt 0.227273 0.393651
vt 0.000000 0.314921
vt 0.090910 0.314921
vt 0.045455 0.393651
vt 0.727273 0.314921
vt 0.818182 0.314921
vt 0.772727 0.393651
vt 0.545455 0.314921
vt 0.636364 0.314921
vt 0.590909 0.393651
vt 0.363637 0.314921
vt 0.454546 0.314921
vt 0.409092 0.393651
vt 0.500000 0.393651
vt 0.454546 0.472382
vt 0.681818 0.393651
vt 0.636364 0.472382
vt 0.863636 0.393651
vt 0.818182 0.472382
vt 0.909091 0.314921
vt 0.136365 0.393651
vt 0.090910 0.472382
vt 0.318182 0.393651
vt 0.272728 0.472382
vt 0.954545 0.236191
vt 1.000000 0.157461
vt 0.409092 0.078731
vt 0.363637 0.000000
s 1
usemtl Material.001
f 34/66/34 47/67/47 46/68/46
f 35/69/35 47/70/47 49/71/49
f 34/72/34 46/73/46 51/74/51
f 34/75/34 51/76/51 53/77/53
f 34/78/34 53/79/53 50/80/50
f 35/69/35 49/71/49 56/81/56
f 36/82/36 48/83/48 58/84/58
f 37/85/37 52/86/52 60/87/60
f 38/88/38 54/89/54 62/90/62
f 39/91/39 55/92/55 64/93/64
f 35/69/35 56/81/56 59/94/59
f 36/82/36 58/84/58 61/95/61
f 37/85/37 60/87/60 63/96/63
f 38/88/38 62/90/62 65/97/65
f 39/91/39 64/93/64 57/98/57
f 40/99/40 66/100/66 71/101/71
f 41/102/41 67/103/67 73/104/73
f 42/105/42 68/106/68 74/107/74
f 43/108/43 69/109/69 75/110/75
f 44/111/44 70/112/70 72/113/72
f 72/113/72 75/114/75 45/115/45
f 72/113/72 70/112/70 75/114/75
f 70/112/70 43/108/43 75/114/75
f 75/110/75 74/116/74 45/117/45
f 75/110/75 69/109/69 74/116/74
f 69/109/69 42/105/42 74/116/74
f 74/107/74 73/118/73 45/119/45
f 74/107/74 68/106/68 73/118/73
f 68/106/68 41/120/41 73/118/73
f 73/104/73 71/121/71 45/122/45
f 73/104/73 67/103/67 71/121/71
f 67/103/67 40/99/40 71/121/71
f 71/101/71 72/123/72 45/124/45
f 71/101/71 66/100/66 72/123/72
f 66/100/66 44/111/44 72/123/72
f 57/98/57 70/112/70 44/111/44
f 57/98/57 64/93/64 70/112/70
f 64/93/64 43/108/43 70/112/70
f 65/97/65 69/109/69 43/108/43
f 65/97/65 62/90/62 69/109/69
f 62/90/62 42/105/42 69/109/69
f 63/96/63 68/106/68 42/105/42
f 63/96/63 60/87/60 68/106/68
f 60/87/60 41/120/41 68/106/68
f 61/95/61 67/103/67 41/102/41
f 61/95/61 58/84/58 67/103/67
f 58/84/58 40/99/40 67/103/67
f 59/94/59 66/100/66 40/99/40
f 59/94/59 56/81/56 66/100/66
f 56/81/56 44/111/44 66/100/66
f 64/93/64 65/97/65 43/108/43
f 64/93/64 55/92/55 65/97/65
f 55/92/55 38/88/38 65/97/65
f 62/90/62 63/96/63 42/105/42
f 62/90/62 54/89/54 63/96/63
f 54/89/54 37/85/37 63/96/63
f 60/87/60 61/125/61 41/120/41
f 60/87/60 52/86/52 61/125/61
f 52/86/52 36/126/36 61/125/61
f 58/84/58 59/94/59 40/99/40
f 58/84/58 48/83/48 59/94/59
f 48/83/48 35/69/35 59/94/59
f 56/81/56 57/98/57 44/111/44
f 56/81/56 49/71/49 57/98/57
f 49/71/49 39/91/39 57/98/57
f 50/80/50 55/92/55 39/91/39
f 50/80/50 53/79/53 55/92/55
f 53/79/53 38/88/38 55/92/55
f 53/77/53 54/89/54 38/88/38
f 53/77/53 51/76/51 54/89/54
f 51/76/51 37/85/37 54/89/54
f 51/74/51 52/86/52 37/85/37
f 51/74/51 46/73/46 52/86/52
f 46/73/46 36/126/36 52/86/52
f 49/71/49 50/127/50 39/91/39
f 49/71/49 47/70/47 50/127/50
f 47/70/47 34/128/34 50/127/50
f 46/68/46 48/83/48 36/82/36
f 46/68/46 47/67/47 48/83/48
f 47/67/47 35/69/35 48/83/48
o Cone
v -0.639903 1.235936 0.720280
v -0.474911 1.286031 0.816676
v -0.292266 1.326946 0.879850
v -0.098987 1.357110 0.907372
v 0.097499 1.375363 0.898186
v 0.289640 1.381003 0.852644
v 0.470053 1.373814 0.772497
v 0.631805 1.354073 0.660824
v 0.768679 1.322537 0.521918
v 0.875416 1.280419 0.361115
v 0.947914 1.229337 0.184596
v 0.983386 1.171254 -0.000855
v 0.980470 1.108403 -0.188113
v 0.939278 1.043199 -0.369980
v 0.861392 0.978147 -0.539468
v 0.749806 0.915748 -0.690063
v 0.608807 0.858398 -0.815979
v 0.443816 0.808304 -0.912375
v 0.261171 0.767388 -0.975549
v 0.067892 0.737224 -1.003071
v -0.128594 0.718972 -0.993885
v -0.320735 0.713331 -0.948344
v -0.501148 0.720520 -0.868196
v -0.662900 0.740262 -0.756523
v -0.799774 0.771797 -0.617617
v -0.906511 0.813916 -0.456814
v -0.979009 0.864997 -0.280296
v -1.014481 0.923080 -0.094844
v -1.011565 0.985931 0.092413
v -0.970373 1.051136 0.274281
v -0.892487 1.116187 0.443769
v -0.780901 1.178587 0.594364
v 0.190792 -0.854425 0.587188
vn -0.4381 -0.2294 0.8691
vn -0.2830 -0.1888 0.9404
vn -0.1152 -0.1571 0.9808
vn 0.0588 -0.1355 0.9890
vn 0.2323 -0.1248 0.9646
vn 0.3986 -0.1255 0.9085
vn 0.5513 -0.1375 0.8229
vn 0.6846 -0.1604 0.7110
vn 0.7934 -0.1933 0.5772
vn 0.8734 -0.2349 0.4267
vn 0.9216 -0.2836 0.2651
vn 0.9361 -0.3376 0.0987
vn 0.9164 -0.3948 -0.0660
vn 0.8633 -0.4529 -0.2229
vn 0.7787 -0.5098 -0.3657
vn 0.6659 -0.5633 -0.4892
vn 0.5293 -0.6112 -0.5884
vn 0.3742 -0.6518 -0.6596
vn 0.2064 -0.6836 -0.7001
vn 0.0324 -0.7052 -0.7083
vn -0.1411 -0.7158 -0.6839
vn -0.3074 -0.7151 -0.6278
vn -0.4601 -0.7031 -0.5421
vn -0.5934 -0.6802 -0.4303
vn -0.7021 -0.6474 -0.2965
vn -0.7821 -0.6058 -0.1459
vn -0.8303 -0.5570 0.0156
vn -0.8449 -0.5031 0.1820
vn -0.8252 -0.4459 0.3468
vn -0.7720 -0.3877 0.5036
vn -0.1024 0.9435 -0.3151
vn -0.6875 -0.3309 0.6465
vn -0.5747 -0.2774 0.7699
vt 0.250000 0.490000
vt 0.250000 0.250000
vt 0.296822 0.485388
vt 0.341844 0.471731
vt 0.383337 0.449553
vt 0.419706 0.419706
vt 0.449553 0.383337
vt 0.471731 0.341844
vt 0.485388 0.296822
vt 0.490000 0.250000
vt 0.485388 0.203178
vt 0.471731 0.158156
vt 0.449553 0.116663
vt 0.419706 0.080294
vt 0.383337 0.050447
vt 0.341844 0.028269
vt 0.296822 0.014612
vt 0.250000 0.010000
vt 0.203178 0.014612
vt 0.158156 0.028269
vt 0.116663 0.050447
vt 0.080294 0.080294
vt 0.050447 0.116663
vt 0.028269 0.158156
vt 0.014612 0.203178
vt 0.010000 0.250000
vt 0.014612 0.296822
vt 0.028269 0.341844
vt 0.050447 0.383337
vt 0.080294 0.419706
vt 0.116663 0.449553
vt 0.158156 0.471731
vt 0.750000 0.490000
vt 0.796822 0.485388
vt 0.841844 0.471731
vt 0.883337 0.449553
vt 0.919706 0.419706
vt 0.949553 0.383337
vt 0.971731 0.341844
vt 0.985388 0.296822
vt 0.990000 0.250000
vt 0.985388 0.203178
vt 0.971731 0.158156
vt 0.949553 0.116663
vt 0.919706 0.080294
vt 0.883337 0.050447
vt 0.841844 0.028269
vt 0.796822 0.014612
vt 0.750000 0.010000
vt 0.703178 0.014612
vt 0.658156 0.028269
vt 0.616663 0.050447
vt 0.580294 0.080294
vt 0.550447 0.116663
vt 0.528269 0.158156
vt 0.514612 0.203178
vt 0.510000 0.250000
vt 0.514612 0.296822
vt 0.528269 0.341844
vt 0.550447 0.383337
vt 0.580294 0.419706
vt 0.616663 0.449553
vt 0.658156 0.471731
vt 0.703178 0.485388
vt 0.203178 0.485388
s 0
f 76/129/76 108/130/76 77/131/76
f 77/131/77 108/130/77 78/132/77
f 78/132/78 108/130/78 79/133/78
f 79/133/79 108/130/79 80/134/79
f 80/134/80 108/130/80 81/135/80
f 81/135/81 108/130/81 82/136/81
f 82/136/82 108/130/82 83/137/82
f 83/137/83 108/130/83 84/138/83
f 84/138/84 108/130/84 85/139/84
f 85/139/85 108/130/85 86/140/85
f 86/140/86 108/130/86 87/141/86
f 87/141/87 108/130/87 88/142/87
f 88/142/88 108/130/88 89/143/88
f 89/143/89 108/130/89 90/144/89
f 90/144/90 108/130/90 91/145/90
f 91/145/91 108/130/91 92/146/91
f 92/146/92 108/130/92 93/147/92
f 93/147/93 108/130/93 94/148/93
f 94/148/94 108/130/94 95/149/94
f 95/149/95 108/130/95 96/150/95
f 96/150/96 108/130/96 97/151/96
f 97/151/97 108/130/97 98/152/97
f 98/152/98 108/130/98 99/153/98
f 99/153/99 108/130/99 100/154/99
f 100/154/100 108/130/100 101/155/100
f 101/155/101 108/130/101 102/156/101
f 102/156/102 108/130/102 103/157/102
f 103/157/103 108/130/103 104/158/103
f 104/158/104 108/130/104 105/159/104
f 105/159/105 108/130/105 106/160/105
f 76/161/106 77/162/106 78/163/106 79/164/106 80/165/106 81/166/106 82/167/106 83/168/106 84/169/106 85/170/106 86/171/106 87/172/106 88/173/106 89/174/106 90/175/106 91/176/106 92/177/106 93/178/106 94/179/106 95/180/106 96/181/106 97/182/106 98/183/106 99/184/106 100/185/106 101/186/106 102/187/106 103/188/106 104/189/106 105/190/106 106/191/106 107/192/106
f 106/160/107 108/130/107 107/193/107
f 107/193/108 108/130/108 76/129/108
o Cone
v 0.424684 1.188124 -0.876650
v 0.308476 1.040460 -0.937604
v 0.178910 0.893382 -0.962213
v 0.040967 0.752545 -0.949532
v -0.100053 0.623358 -0.900047
v -0.238731 0.510788 -0.815661
v -0.369737 0.419160 -0.699617
v -0.488037 0.351996 -0.556374
v -0.589085 0.311876 -0.391437
v -0.668996 0.300342 -0.211144
v -0.724702 0.317838 -0.022423
v -0.754060 0.363691 0.167472
v -0.755942 0.436139 0.351244
v -0.730276 0.532398 0.521831
v -0.678049 0.648768 0.672678
v -0.601267 0.780779 0.797987
v -0.502882 0.923356 0.892943
v -0.386674 1.071020 0.953897
v -0.257108 1.218098 0.978506
v -0.119165 1.358936 0.965825
v 0.021856 1.488122 0.916340
v 0.160534 1.600692 0.831955
v 0.291540 1.692320 0.715910
v 0.409840 1.759484 0.572667
v 0.510887 1.799604 0.407730
v 0.590799 1.811138 0.227437
v 0.646504 1.793642 0.038716
v 0.675862 1.747789 -0.151179
v 0.677744 1.675341 -0.334951
v 0.652079 1.579082 -0.505538
v 0.599852 1.462712 -0.656385
v 0.523070 1.330701 -0.781694
v 1.372151 -0.277865 0.548345
vn 0.6741 -0.2425 -0.6977
vn 0.5644 -0.3741 -0.7359
vn 0.4450 -0.5026 -0.7412
vn 0.3205 -0.6231 -0.7135
vn 0.1956 -0.7310 -0.6537
vn 0.0752 -0.8222 -0.5642
vn -0.0360 -0.8931 -0.4485
vn -0.1339 -0.9409 -0.3109
vn -0.2147 -0.9640 -0.1568
vn -0.2753 -0.9613 0.0079
vn -0.3132 -0.9331 0.1769
vn -0.3272 -0.8803 0.3437
vn -0.3166 -0.8050 0.5018
vn -0.2818 -0.7100 0.6453
vn -0.2242 -0.5992 0.7686
vn -0.1460 -0.4766 0.8669
vn -0.0502 -0.3471 0.9365
vn 0.0595 -0.2155 0.9747
vn 0.1789 -0.0870 0.9800
vn 0.3034 0.0336 0.9523
vn 0.4283 0.1415 0.8925
vn 0.5486 0.2326 0.8030
vn 0.6599 0.3035 0.6873
vn 0.7578 0.3514 0.5497
vn 0.8386 0.3744 0.3956
vn 0.8991 0.3718 0.2309
vn 0.9371 0.3435 0.0619
vn 0.9511 0.2907 -0.1049
vn 0.9404 0.2154 -0.2630
vn 0.9057 0.1205 -0.4065
vn -0.7002 0.6617 -0.2680
vn 0.8481 0.0096 -0.5298
vn 0.7699 -0.1130 -0.6281
vt 0.250000 0.490000
vt 0.250000 0.250000
vt 0.296822 0.485388
vt 0.341844 0.471731
vt 0.383337 0.449553
vt 0.419706 0.419706
vt 0.449553 0.383337
vt 0.471731 0.341844
vt 0.485388 0.296822
vt 0.490000 0.250000
vt 0.485388 0.203178
vt 0.471731 0.158156
vt 0.449553 0.116663
vt 0.419706 0.080294
vt 0.383337 0.050447
vt 0.341844 0.028269
vt 0.296822 0.014612
vt 0.250000 0.010000
vt 0.203178 0.014612
vt 0.158156 0.028269
vt 0.116663 0.050447
vt 0.080294 0.080294
vt 0.050447 0.116663
vt 0.028269 0.158156
vt 0.014612 0.203178
vt 0.010000 0.250000
vt 0.014612 0.296822
vt 0.028269 0.341844
vt 0.050447 0.383337
vt 0.080294 0.419706
vt 0.116663 0.449553
vt 0.158156 0.471731
vt 0.750000 0.490000
vt 0.796822 0.485388
vt 0.841844 0.471731
vt 0.883337 0.449553
vt 0.919706 0.419706
vt 0.949553 0.383337
vt 0.971731 0.341844
vt 0.985388 0.296822
vt 0.990000 0.250000
vt 0.985388 0.203178
vt 0.971731 0.158156
vt 0.949553 0.116663
vt 0.919706 0.080294
vt 0.883337 0.050447
vt 0.841844 0.028269
vt 0.796822 0.014612
vt 0.750000 0.010000
vt 0.703178 0.014612
vt 0.658156 0.028269
vt 0.616663 0.050447
vt 0.580294 0.080294
vt 0.550447 0.116663
vt 0.528269 0.158156
vt 0.514612 0.203178
vt 0.510000 0.250000
vt 0.514612 0.296822
vt 0.528269 0.341844
vt 0.550447 0.383337
vt 0.580294 0.419706
vt 0.616663 0.449553
vt 0.658156 0.471731
vt 0.703178 0.485388
vt 0.203178 0.485388
s 0
f 109/194/109 141/195/109 110/196/109
f 110/196/110 141/195/110 111/197/110
f 111/197/111 141/195/111 112/198/111
f 112/198/112 141/195/112 113/199/112
f 113/199/113 141/195/113 114/200/113
f 114/200/114 141/195/114 115/201/114
f 115/201/115 141/195/115 116/202/115
f 116/202/116 141/195/116 117/203/116
f 117/203/117 141/195/117 118/204/117
f 118/204/118 141/195/118 119/205/118
f 119/205/119 141/195/119 120/206/119
f 120/206/120 141/195/120 121/207/120
f 121/207/121 141/195/121 122/208/121
f 122/208/122 141/195/122 123/209/122
f 123/209/123 141/195/123 124/210/123
f 124/210/124 141/195/124 125/211/124
f 125/211/125 141/195/125 126/212/125
f 126/212/126 141/195/126 127/213/126
f 127/213/127 141/195/127 128/214/127
f 128/214/128 141/195/128 129/215/128
f 129/215/129 141/195/129 130/216/129
f 130/216/130 141/195/130 131/217/130
f 131/217/131 141/195/131 132/218/131
f 132/218/132 141/195/132 133/219/132
f 133/219/133 141/195/133 134/220/133
f 134/220/134 141/195/134 135/221/134
f 135/221/135 141/195/135 136/222/135
f 136/222/136 141/195/136 137/223/136
f 137/223/137 141/195/137 138/224/137
f 138/224/138 141/195/138 139/225/138
f 109/226/139 110/227/139 111/228/139 112/229/139 113/230/139 114/231/139 115/232/139 116/233/139 117/234/139 118/235/139 119/236/139 120/237/139 121/238/139 122/239/139 123/240/139 124/241/139 125/242/139 126/243/139 127/244/139 128/245/139 129/246/139 130/247/139 131/248/139 132/249/139 133/250/139 134/251/139 135/252/139 136/253/139 137/254/139 138/255/139 139/256/139 140/257/139
f 139/225/140 141/195/140 140/258/140
f 140/258/141 141/195/141 109/194/141
o Cone
v -0.882768 1.235945 -0.386008
v -0.923461 1.286039 -0.199303
v -0.927103 1.326955 -0.006074
v -0.893552 1.357118 0.186251
v -0.824098 1.375371 0.370282
v -0.721410 1.381011 0.538947
v -0.589434 1.373821 0.685764
v -0.433243 1.354079 0.805092
v -0.258837 1.322542 0.892343
v -0.072921 1.280424 0.944166
v 0.117362 1.229341 0.958568
v 0.304699 1.171257 0.934997
v 0.481891 1.108406 0.874358
v 0.642129 1.043201 0.778981
v 0.779254 0.978148 0.652532
v 0.887998 0.915748 0.499870
v 0.964180 0.858399 0.326862
v 1.004874 0.808304 0.140156
v 1.008515 0.767389 -0.053072
v 0.974964 0.737225 -0.245398
v 0.905510 0.718973 -0.429429
v 0.802822 0.713333 -0.598094
v 0.670846 0.720522 -0.744911
v 0.514655 0.740264 -0.864238
v 0.340250 0.771801 -0.951489
v 0.154333 0.813920 -1.003312
v -0.035950 0.865003 -1.017715
v -0.223287 0.923086 -0.994143
v -0.400479 0.985938 -0.933504
v -0.560717 1.051143 -0.838127
v -0.697842 1.116195 -0.711678
v -0.806585 1.178595 -0.559016
v -0.499496 -0.854428 0.362904
vn -0.9620 -0.2294 -0.1481
vn -0.9818 -0.1888 0.0215
vn -0.9684 -0.1571 0.1936
vn -0.9224 -0.1355 0.3616
vn -0.8456 -0.1248 0.5190
vn -0.7409 -0.1255 0.6598
vn -0.6122 -0.1375 0.7786
vn -0.4647 -0.1604 0.8708
vn -0.3038 -0.1933 0.9329
vn -0.1359 -0.2349 0.9625
vn 0.0326 -0.2836 0.9584
vn 0.1954 -0.3376 0.9208
vn 0.3460 -0.3948 0.8511
vn 0.4787 -0.4529 0.7521
vn 0.5885 -0.5098 0.6275
vn 0.6710 -0.5633 0.4822
vn 0.7232 -0.6112 0.3216
vn 0.7430 -0.6518 0.1520
vn 0.7296 -0.6836 -0.0201
vn 0.6836 -0.7052 -0.1881
vn 0.6068 -0.7158 -0.3455
vn 0.5021 -0.7151 -0.4863
vn 0.3734 -0.7031 -0.6051
vn 0.2259 -0.6802 -0.6973
vn 0.0650 -0.6474 -0.7594
vn -0.1029 -0.6058 -0.7890
vn -0.2715 -0.5570 -0.7849
vn -0.4342 -0.5030 -0.7473
vn -0.5848 -0.4459 -0.6776
vn -0.7175 -0.3877 -0.5786
vn 0.2680 0.9435 -0.1947
vn -0.8273 -0.3309 -0.4540
vn -0.9098 -0.2774 -0.3087
vt 0.250000 0.490000
vt 0.250000 0.250000
vt 0.296822 0.485388
vt 0.341844 0.471731
vt 0.383337 0.449553
vt 0.419706 0.419706
vt 0.449553 0.383337
vt 0.471731 0.341844
vt 0.485388 0.296822
vt 0.490000 0.250000
vt 0.485388 0.203178
vt 0.471731 0.158156
vt 0.449553 0.116663
vt 0.419706 0.080294
vt 0.383337 0.050447
vt 0.341844 0.028269
vt 0.296822 0.014612
vt 0.250000 0.010000
vt 0.203178 0.014612
vt 0.158156 0.028269
vt 0.116663 0.050447
vt 0.080294 0.080294
vt 0.050447 0.116663
vt 0.028269 0.158156
vt 0.014612 0.203178
vt 0.010000 0.250000
vt 0.014612 0.296822
vt 0.028269 0.341844
vt 0.050447 0.383337
vt 0.080294 0.419706
vt 0.116663 0.449553
vt 0.158156 0.471731
vt 0.750000 0.490000
vt 0.796822 0.485388
vt 0.841844 0.471731
vt 0.883337 0.449553
vt 0.919706 0.419706
vt 0.949553 0.383337
vt 0.971731 0.341844
vt 0.985388 0.296822
vt 0.990000 0.250000
vt 0.985388 0.203178
vt 0.971731 0.158156
vt 0.949553 0.116663
vt 0.919706 0.080294
vt 0.883337 0.050447
vt 0.841844 0.028269
vt 0.796822 0.014612
vt 0.750000 0.010000
vt 0.703178 0.014612
vt 0.658156 0.028269
vt 0.616663 0.050447
vt 0.580294 0.080294
vt 0.550447 0.116663
vt 0.528269 0.158156
vt 0.514612 0.203178
vt 0.510000 0.250000
vt 0.514612 0.296822
vt 0.528269 0.341844
vt 0.550447 0.383337
vt 0.580294 0.419706
vt 0.616663 0.449553
vt 0.658156 0.471731
vt 0.703178 0.485388
vt 0.203178 0.485388
s 0
f 142/259/142 174/260/142 143/261/142
f 143/261/143 174/260/143 144/262/143
f 144/262/144 174/260/144 145/263/144
f 145/263/145 174/260/145 146/264/145
f 146/264/146 174/260/146 147/265/146
f 147/265/147 174/260/147 148/266/147
f 148/266/148 174/260/148 149/267/148
f 149/267/149 174/260/149 150/268/149
f 150/268/150 174/260/150 151/269/150
f 151/269/151 174/260/151 152/270/151
f 152/270/152 174/260/152 153/271/152
f 153/271/153 174/260/153 154/272/153
f 154/272/154 174/260/154 155/273/154
f 155/273/155 174/260/155 156/274/155
f 156/274/156 174/260/156 157/275/156
f 157/275/157 174/260/157 158/276/157
f 158/276/158 174/260/158 159/277/158
f 159/277/159 174/260/159 160/278/159
f 160/278/160 174/260/160 161/279/160
f 161/279/161 174/260/161 162/280/161
f 162/280/162 174/260/162 163/281/162
f 163/281/163 174/260/163 164/282/163
f 164/282/164 174/260/164 165/283/164
f 165/283/165 174/260/165 166/284/165
f 166/284/166 174/260/166 167/285/166
f 167/285/167 174/260/167 168/286/167
f 168/286/168 174/260/168 169/287/168
f 169/287/169 174/260/169 170/288/169
f 170/288/170 174/260/170 171/289/170
f 171/289/171 174/260/171 172/290/171
f 142/291/172 143/292/172 144/293/172 145/294/172 146/295/172 147/296/172 148/297/172 149/298/172 150/299/172 151/300/172 152/301/172 153/302/172 154/303/172 155/304/172 156/305/172 157/306/172 158/307/172 159/308/172 160/309/172 161/310/172 162/311/172 163/312/172 164/313/172 165/314/172 166/315/172 167/316/172 168/317/172 169/318/172 170/319/172 171/320/172 172/321/172 173/322/172
f 172/290/173 174/260/173 173/323/173
f 173/323/174 174/260/174 142/259/174
o Cone
v 0.094331 1.235941 -0.958847
v -0.095811 1.286036 -0.939855
v -0.280708 1.326953 -0.883608
v -0.453252 1.357117 -0.792268
v -0.606814 1.375370 -0.669345
v -0.735493 1.381011 -0.519564
v -0.834342 1.373822 -0.348679
v -0.899564 1.354081 -0.163258
v -0.928652 1.322545 0.029573
v -0.920487 1.280427 0.222405
v -0.875385 1.229344 0.407826
v -0.795078 1.171262 0.578711
v -0.682652 1.108410 0.728492
v -0.542428 1.043205 0.851415
v -0.379794 0.978152 0.942755
v -0.201001 0.915752 0.999002
v -0.012919 0.858402 1.017994
v 0.177224 0.808307 0.999002
v 0.362120 0.767391 0.942755
v 0.534665 0.737227 0.851415
v 0.688227 0.718973 0.728492
v 0.816905 0.713333 0.578711
v 0.915754 0.720521 0.407826
v 0.980976 0.740263 0.222405
v 1.010064 0.771798 0.029573
v 1.001900 0.813917 -0.163258
v 0.956797 0.864999 -0.348679
v 0.876490 0.923082 -0.519564
v 0.764064 0.985934 -0.669345
v 0.623840 1.051139 -0.792268
v 0.461207 1.116191 -0.883608
v 0.282413 1.178591 -0.939855
v -0.499496 -0.854428 -0.362903
vn -0.1564 -0.2294 -0.9607
vn -0.3238 -0.1888 -0.9271
vn -0.4834 -0.1571 -0.8612
vn -0.6289 -0.1355 -0.7656
vn -0.7549 -0.1248 -0.6438
vn -0.8565 -0.1255 -0.5007
vn -0.9297 -0.1375 -0.3417
vn -0.9718 -0.1604 -0.1728
vn -0.9811 -0.1933 -0.0007
vn -0.9574 -0.2349 0.1682
vn -0.9014 -0.2836 0.3272
vn -0.8154 -0.3376 0.4703
vn -0.7026 -0.3948 0.5921
vn -0.5674 -0.4529 0.6877
vn -0.4150 -0.5098 0.7536
vn -0.2512 -0.5633 0.7872
vn -0.0824 -0.6112 0.7872
vn 0.0850 -0.6518 0.7536
vn 0.2445 -0.6836 0.6877
vn 0.3901 -0.7052 0.5921
vn 0.5161 -0.7158 0.4703
vn 0.6177 -0.7151 0.3272
vn 0.6909 -0.7031 0.1682
vn 0.7330 -0.6802 -0.0007
vn 0.7423 -0.6474 -0.1728
vn 0.7186 -0.6058 -0.3417
vn 0.6626 -0.5570 -0.5007
vn 0.5765 -0.5031 -0.6438
vn 0.4638 -0.4459 -0.7656
vn 0.3286 -0.3877 -0.8612
vn 0.2680 0.9435 0.1947
vn 0.1762 -0.3309 -0.9271
vn 0.0124 -0.2774 -0.9607
vt 0.250000 0.490000
vt 0.250000 0.250000
vt 0.296822 0.485388
vt 0.341844 0.471731
vt 0.383337 0.449553
vt 0.419706 0.419706
vt 0.449553 0.383337
vt 0.471731 0.341844
vt 0.485388 0.296822
vt 0.490000 0.250000
vt 0.485388 0.203178
vt 0.471731 0.158156
vt 0.449553 0.116663
vt 0.419706 0.080294
vt 0.383337 0.050447
vt 0.341844 0.028269
vt 0.296822 0.014612
vt 0.250000 0.010000
vt 0.203178 0.014612
vt 0.158156 0.028269
vt 0.116663 0.050447
vt 0.080294 0.080294
vt 0.050447 0.116663
vt 0.028269 0.158156
vt 0.014612 0.203178
vt 0.010000 0.250000
vt 0.014612 0.296822
vt 0.028269 0.341844
vt 0.050447 0.383337
vt 0.080294 0.419706
vt 0.116663 0.449553
vt 0.158156 0.471731
vt 0.750000 0.490000
vt 0.796822 0.485388
vt 0.841844 0.471731
vt 0.883337 0.449553
vt 0.919706 0.419706
vt 0.949553 0.383337
vt 0.971731 0.341844
vt 0.985388 0.296822
vt 0.990000 0.250000
vt 0.985388 0.203178
vt 0.971731 0.158156
vt 0.949553 0.116663
vt 0.919706 0.080294
vt 0.883337 0.050447
vt 0.841844 0.028269
vt 0.796822 0.014612
vt 0.750000 0.010000
vt 0.703178 0.014612
vt 0.658156 0.028269
vt 0.616663 0.050447
vt 0.580294 0.080294
vt 0.550447 0.116663
vt 0.528269 0.158156
vt 0.514612 0.203178
vt 0.510000 0.250000
vt 0.514612 0.296822
vt 0.528269 0.341844
vt 0.550447 0.383337
vt 0.580294 0.419706
vt 0.616663 0.449553
vt 0.658156 0.471731
vt 0.703178 0.485388
vt 0.203178 0.485388
s 0
f 175/324/175 207/325/175 176/326/175
f 176/326/176 207/325/176 177/327/176
f 177/327/177 207/325/177 178/328/177
f 178/328/178 207/325/178 179/329/178
f 179/329/179 207/325/179 180/330/179
f 180/330/180 207/325/180 181/331/180
f 181/331/181 207/325/181 182/332/181
f 182/332/182 207/325/182 183/333/182
f 183/333/183 207/325/183 184/334/183
f 184/334/184 207/325/184 185/335/184
f 185/335/185 207/325/185 186/336/185
f 186/336/186 207/325/186 187/337/186
f 187/337/187 207/325/187 188/338/187
f 188/338/188 207/325/188 189/339/188
f 189/339/189 207/325/189 190/340/189
f 190/340/190 207/325/190 191/341/190
f 191/341/191 207/325/191 192/342/191
f 192/342/192 207/325/192 193/343/192
f 193/343/193 207/325/193 194/344/193
f 194/344/194 207/325/194 195/345/194
f 195/345/195 207/325/195 196/346/195
f 196/346/196 207/325/196 197/347/196
f 197/347/197 207/325/197 198/348/197
f 198/348/198 207/325/198 199/349/198
f 199/349/199 207/325/199 200/350/199
f 200/350/200 207/325/200 201/351/200
f 201/351/201 207/325/201 202/352/201
f 202/352/202 207/325/202 203/353/202
f 203/353/203 207/325/203 204/354/203
f 204/354/204 207/325/204 205/355/204
f 175/356/205 176/357/205 177/358/205 178/359/205 179/360/205 180/361/205 181/362/205 182/363/205 183/364/205 184/365/205 185/366/205 186/367/205 187/368/205 188/369/205 189/370/205 190/371/205 191/372/205 192/373/205 193/374/205 194/375/205 195/376/205 196/377/205 197/378/205 198/379/205 199/380/205 200/381/205 201/382/205 202/383/205 203/384/205 204/385/205 205/386/205 206/387/205
f 205/355/206 207/325/206 206/388/206
f 206/388/207 207/325/207 175/324/207
o Cone
v 0.941064 1.235936 -0.206583
v 0.864245 1.286031 -0.381550
v 0.753616 1.326946 -0.540016
v 0.613429 1.357110 -0.675890
v 0.449070 1.375362 -0.783951
v 0.266857 1.381003 -0.860047
v 0.073791 1.373814 -0.901253
v -0.122709 1.354072 -0.905985
v -0.315090 1.322536 -0.874062
v -0.495960 1.280418 -0.806710
v -0.658368 1.229337 -0.706518
v -0.796073 1.171254 -0.577336
v -0.903782 1.108403 -0.424129
v -0.977358 1.043199 -0.252784
v -1.013971 0.978147 -0.069885
v -1.012216 0.915747 0.117538
v -0.972159 0.858398 0.302282
v -0.895340 0.808303 0.477250
v -0.784711 0.767388 0.635715
v -0.644524 0.737224 0.771589
v -0.480166 0.718971 0.879651
v -0.297952 0.713331 0.955746
v -0.104886 0.720520 0.996952
v 0.091614 0.740261 1.001684
v 0.283995 0.771797 0.969761
v 0.464865 0.813915 0.902410
v 0.627273 0.864997 0.802218
v 0.764978 0.923080 0.673036
v 0.872687 0.985931 0.519829
v 0.946262 1.051135 0.348483
v 0.982876 1.116187 0.165585
v 0.981121 1.178587 -0.021838
v 0.190792 -0.854425 -0.587187
vn 0.8653 -0.2294 -0.4456
vn 0.7817 -0.1888 -0.5944
vn 0.6697 -0.1571 -0.7258
vn 0.5338 -0.1355 -0.8347
vn 0.3791 -0.1248 -0.9169
vn 0.2115 -0.1255 -0.9693
vn 0.0377 -0.1375 -0.9898
vn -0.1359 -0.1604 -0.9776
vn -0.3025 -0.1933 -0.9333
vn -0.4558 -0.2349 -0.8585
vn -0.5897 -0.2836 -0.7562
vn -0.6993 -0.3376 -0.6301
vn -0.7802 -0.3948 -0.4852
vn -0.8294 -0.4529 -0.3271
vn -0.8449 -0.5098 -0.1618
vn -0.8263 -0.5633 0.0043
vn -0.7741 -0.6112 0.1649
vn -0.6904 -0.6518 0.3137
vn -0.5785 -0.6836 0.4451
vn -0.4425 -0.7052 0.5540
vn -0.2878 -0.7158 0.6362
vn -0.1203 -0.7151 0.6885
vn 0.0536 -0.7031 0.7090
vn 0.2271 -0.6802 0.6969
vn 0.3938 -0.6474 0.6526
vn 0.5470 -0.6058 0.5778
vn 0.6809 -0.5570 0.4754
vn 0.7905 -0.5031 0.3494
vn 0.8714 -0.4459 0.2045
vn 0.9206 -0.3877 0.0464
vn -0.1024 0.9435 0.3151
vn 0.9362 -0.3309 -0.1189
vn 0.9175 -0.2774 -0.2850
vt 0.250000 0.490000
vt 0.250000 0.250000
vt 0.296822 0.485388
vt 0.341844 0.471731
vt 0.383337 0.449553
vt 0.419706 0.419706
vt 0.449553 0.383337
vt 0.471731 0.341844
vt 0.485388 0.296822
vt 0.490000 0.250000
vt 0.485388 0.203178
vt 0.471731 0.158156
vt 0.449553 0.116663
vt 0.419706 0.080294
vt 0.383337 0.050447
vt 0.341844 0.028269
vt 0.296822 0.014612
vt 0.250000 0.010000
vt 0.203178 0.014612
vt 0.158156 0.028269
vt 0.116663 0.050447
vt 0.080294 0.080294
vt 0.050447 0.116663
vt 0.028269 0.158156
vt 0.014612 0.203178
vt 0.010000 0.250000
vt 0.014612 0.296822
vt 0.028269 0.341844
vt 0.050447 0.383337
vt 0.080294 0.419706
vt 0.116663 0.449553
vt 0.158156 0.471731
vt 0.750000 0.490000
vt 0.796822 0.485388
vt 0.841844 0.471731
vt 0.883337 0.449553
vt 0.919706 0.419706
vt 0.949553 0.383337
vt 0.971731 0.341844
vt 0.985388 0.296822
vt 0.990000 0.250000
vt 0.985388 0.203178
vt 0.971731 0.158156
vt 0.949553 0.116663
vt 0.919706 0.080294
vt 0.883337 0.050447
vt 0.841844 0.028269
vt 0.796822 0.014612
vt 0.750000 0.010000
vt 0.703178 0.014612
vt 0.658156 0.028269
vt 0.616663 0.050447
vt 0.580294 0.080294
vt 0.550447 0.116663
vt 0.528269 0.158156
vt 0.514612 0.203178
vt 0.510000 0.250000
vt 0.514612 0.296822
vt 0.528269 0.341844
vt 0.550447 0.383337
vt 0.580294 0.419706
vt 0.616663 0.449553
vt 0.658156 0.471731
vt 0.703178 0.485388
vt 0.203178 0.485388
s 0
f 208/389/208 240/390/208 209/391/208
f 209/391/209 240/390/209 210/392/209
f 210/392/210 240/390/210 211/393/210
f 211/393/211 240/390/211 212/394/211
f 212/394/212 240/390/212 213/395/212
f 213/395/213 240/390/213 214/396/213
f 214/396/214 240/390/214 215/397/214
f 215/397/215 240/390/215 216/398/215
f 216/398/216 240/390/216 217/399/216
f 217/399/217 240/390/217 218/400/217
f 218/400/218 240/390/218 219/401/218
f 219/401/219 240/390/219 220/402/219
f 220/402/220 240/390/220 221/403/220
f 221/403/221 240/390/221 222/404/221
f 222/404/222 240/390/222 223/405/222
f 223/405/223 240/390/223 224/406/223
f 224/406/224 240/390/224 225/407/224
f 225/407/225 240/390/225 226/408/225
f 226/408/226 240/390/226 227/409/226
f 227/409/227 240/390/227 228/410/227
f 228/410/228 240/390/228 229/411/228
f 229/411/229 240/390/229 230/412/229
f 230/412/230 240/390/230 231/413/230
f 231/413/231 240/390/231 232/414/231
f 232/414/232 240/390/232 233/415/232
f 233/415/233 240/390/233 234/416/233
f 234/416/234 240/390/234 235/417/234
f 235/417/235 240/390/235 236/418/235
f 236/418/236 240/390/236 237/419/236
f 237/419/237 240/390/237 238/420/237
f 208/421/238 209/422/238 210/423/238 211/424/238 212/425/238 213/426/238 214/427/238 215/428/238 216/429/238 217/430/238 218/431/238 219/432/238 220/433/238 221/434/238 222/435/238 223/436/238 224/437/238 225/438/238 226/439/238 227/440/238 228/441/238 229/442/238 230/443/238 231/444/238 232/445/238 233/446/238 234/447/238 235/448/238 236/449/238 237/450/238 238/451/238 239/452/238
f 238/420/239 240/390/239 239/453/239
f 239/453/240 240/390/240 208/389/240
o Cone
v 0.288863 1.945473 -0.045481
v 0.327663 1.899166 -0.233565
v 0.351173 1.818513 -0.412359
v 0.358489 1.706614 -0.574994
v 0.349331 1.567769 -0.715219
v 0.324051 1.407312 -0.827645
v 0.283620 1.231412 -0.907952
v 0.229591 1.046827 -0.953055
v 0.164041 0.860650 -0.961219
v 0.089490 0.680037 -0.932130
v 0.008802 0.511929 -0.866908
v -0.074923 0.362785 -0.768058
v -0.158466 0.238338 -0.639378
v -0.238617 0.143369 -0.485815
v -0.312296 0.081529 -0.313269
v -0.376672 0.055193 -0.128371
v -0.429270 0.065374 0.061773
v -0.468070 0.111681 0.249856
v -0.491580 0.192333 0.428651
v -0.498896 0.304233 0.591285
v -0.489739 0.443078 0.731510
v -0.464458 0.603534 0.843937
v -0.424027 0.779435 0.924244
v -0.369998 0.964020 0.969346
v -0.304449 1.150197 0.977510
v -0.229897 1.330809 0.948422
v -0.149209 1.498918 0.883200
v -0.065485 1.648061 0.784349
v 0.018059 1.772509 0.655670
v 0.098210 1.867478 0.502107
v 0.171889 1.929318 0.329560
v 0.236265 1.955654 0.144663
v 1.753746 0.339554 0.548346
vn 0.7410 0.6714 -0.0124
vn 0.7688 0.6147 -0.1762
vn 0.7826 0.5287 -0.3286
vn 0.7818 0.4168 -0.4638
vn 0.7664 0.2832 -0.5765
vn 0.7371 0.1331 -0.6626
vn 0.6949 -0.0278 -0.7186
vn 0.6415 -0.1933 -0.7423
vn 0.5790 -0.3570 -0.7330
vn 0.5097 -0.5127 -0.6909
vn 0.4363 -0.6543 -0.6177
vn 0.3617 -0.7764 -0.5161
vn 0.2886 -0.8744 -0.3901
vn 0.2199 -0.9444 -0.2445
vn 0.1583 -0.9837 -0.0850
vn 0.1061 -0.9909 0.0824
vn 0.0653 -0.9657 0.2512
vn 0.0375 -0.9091 0.4150
vn 0.0237 -0.8231 0.5674
vn 0.0245 -0.7112 0.7026
vn 0.0399 -0.5776 0.8154
vn 0.0692 -0.4274 0.9014
vn 0.1114 -0.2665 0.9574
vn 0.1648 -0.1010 0.9811
vn 0.2273 0.0627 0.9718
vn 0.2966 0.2183 0.9297
vn 0.3700 0.3599 0.8565
vn 0.4447 0.4821 0.7549
vn 0.5177 0.5800 0.6289
vn 0.5864 0.6500 0.4834
vn -0.9050 0.3304 -0.2680
vn 0.6480 0.6894 0.3238
vn 0.7002 0.6966 0.1564
vt 0.250000 0.490000
vt 0.250000 0.250000
vt 0.296822 0.485388
vt 0.341844 0.471731
vt 0.383337 0.449553
vt 0.419706 0.419706
vt 0.449553 0.383337
vt 0.471731 0.341844
vt 0.485388 0.296822
vt 0.490000 0.250000
vt 0.485388 0.203178
vt 0.471731 0.158156
vt 0.449553 0.116663
vt 0.419706 0.080294
vt 0.383337 0.050447
vt 0.341844 0.028269
vt 0.296822 0.014612
vt 0.250000 0.010000
vt 0.203178 0.014612
vt 0.158156 0.028269
vt 0.116663 0.050447
vt 0.080294 0.080294
vt 0.050447 0.116663
vt 0.028269 0.158156
vt 0.014612 0.203178
vt 0.010000 0.250000
vt 0.014612 0.296822
vt 0.028269 0.341844
vt 0.050447 0.383337
vt 0.080294 0.419706
vt 0.116663 0.449553
vt 0.158156 0.471731
vt 0.750000 0.490000
vt 0.796822 0.485388
vt 0.841844 0.471731
vt 0.883337 0.449553
vt 0.919706 0.419706
vt 0.949553 0.383337
vt 0.971731 0.341844
vt 0.985388 0.296822
vt 0.990000 0.250000
vt 0.985388 0.203178
vt 0.971731 0.158156
vt 0.949553 0.116663
vt 0.919706 0.080294
vt 0.883337 0.050447
vt 0.841844 0.028269
vt 0.796822 0.014612
vt 0.750000 0.010000
vt 0.703178 0.014612
vt 0.658156 0.028269
vt 0.616663 0.050447
vt 0.580294 0.080294
vt 0.550447 0.116663
vt 0.528269 0.158156
vt 0.514612 0.203178
vt 0.510000 0.250000
vt 0.514612 0.296822
vt 0.528269 0.341844
vt 0.550447 0.383337
vt 0.580294 0.419706
vt 0.616663 0.449553
vt 0.658156 0.471731
vt 0.703178 0.485388
vt 0.203178 0.485388
s 0
f 241/454/241 273/455/241 242/456/241
f 242/456/242 273/455/242 243/457/242
f 243/457/243 273/455/243 244/458/243
f 244/458/244 273/455/244 245/459/244
f 245/459/245 273/455/245 246/460/245
f 246/460/246 273/455/246 247/461/246
f 247/461/247 273/455/247 248/462/247
f 248/462/248 273/455/248 249/463/248
f 249/463/249 273/455/249 250/464/249
f 250/464/250 273/455/250 251/465/250
f 251/465/251 273/455/251 252/466/251
f 252/466/252 273/455/252 253/467/252
f 253/467/253 273/455/253 254/468/253
f 254/468/254 273/455/254 255/469/254
f 255/469/255 273/455/255 256/470/255
f 256/470/256 273/455/256 257/471/256
f 257/471/257 273/455/257 258/472/257
f 258/472/258 273/455/258 259/473/258
f 259/473/259 273/455/259 260/474/259
f 260/474/260 273/455/260 261/475/260
f 261/475/261 273/455/261 262/476/261
f 262/476/262 273/455/262 263/477/262
f 263/477/263 273/455/263 264/478/263
f 264/478/264 273/455/264 265/479/264
f 265/479/265 273/455/265 266/480/265
f 266/480/266 273/455/266 267/481/266
f 267/481/267 273/455/267 268/482/267
f 268/482/268 273/455/268 269/483/268
f 269/483/269 273/455/269 270/484/269
f 270/484/270 273/455/270 271/485/270
f 241/486/271 242/487/271 243/488/271 244/489/271 245/490/271 246/491/271 247/492/271 248/493/271 249/494/271 250/495/271 251/496/271 252/497/271 253/498/271 254/499/271 255/500/271 256/501/271 257/502/271 258/503/271 259/504/271 260/505/271 261/506/271 262/507/271 263/508/271 264/509/271 265/510/271 266/511/271 267/512/271 268/513/271 269/514/271 270/515/271 271/516/271 272/517/271
f 271/485/272 273/455/272 272/518/272
f 272/518/273 273/455/273 241/454/273
o Cone
v 0.132519 1.945479 0.260669
v 0.323388 1.899172 0.239448
v 0.500697 1.818519 0.206555
v 0.657633 1.706619 0.163256
v 0.788165 1.567773 0.111214
v 0.887277 1.407315 0.052428
v 0.951160 1.231414 -0.010842
v 0.977358 1.046828 -0.076164
v 0.964866 0.860651 -0.141029
v 0.914163 0.680038 -0.202943
v 0.827198 0.511929 -0.259528
v 0.707313 0.362785 -0.308608
v 0.559114 0.238337 -0.348298
v 0.388297 0.143368 -0.377073
v 0.201427 0.081527 -0.393826
v 0.005685 0.055192 -0.397913
v -0.191408 0.065373 -0.389179
v -0.382276 0.111680 -0.367958
v -0.559585 0.192334 -0.335066
v -0.716521 0.304234 -0.291766
v -0.847053 0.443080 -0.239724
v -0.946165 0.603537 -0.180938
v -1.010048 0.779438 -0.117669
v -1.036247 0.964024 -0.052346
v -1.023754 1.150202 0.012519
v -0.973052 1.330815 0.074433
v -0.886086 1.498924 0.131018
v -0.766201 1.648068 0.180098
v -0.618002 1.772516 0.219788
v -0.447186 1.867485 0.248562
v -0.260316 1.929325 0.265315
v -0.064573 1.955661 0.269403
v 0.020431 0.339550 1.837363
vn 0.2408 0.6714 0.7009
vn 0.4051 0.6147 0.6768
vn 0.5543 0.5287 0.6428
vn 0.6827 0.4168 0.6002
vn 0.7852 0.2832 0.5507
vn 0.8579 0.1331 0.4963
vn 0.8981 -0.0278 0.4389
vn 0.9042 -0.1933 0.3807
vn 0.8760 -0.3570 0.3242
vn 0.8146 -0.5127 0.2713
vn 0.7223 -0.6543 0.2241
vn 0.6026 -0.7764 0.1845
vn 0.4602 -0.8744 0.1539
vn 0.3005 -0.9444 0.1336
vn 0.1298 -0.9837 0.1243
vn -0.0456 -0.9909 0.1264
vn -0.2188 -0.9657 0.1397
vn -0.3831 -0.9091 0.1639
vn -0.5323 -0.8231 0.1979
vn -0.6606 -0.7112 0.2405
vn -0.7631 -0.5776 0.2899
vn -0.8359 -0.4274 0.3444
vn -0.8761 -0.2665 0.4018
vn -0.8822 -0.1010 0.4599
vn -0.8540 0.0627 0.5165
vn -0.7925 0.2183 0.5694
vn -0.7002 0.3599 0.6166
vn -0.5805 0.4821 0.6562
vn -0.4381 0.5800 0.6867
vn -0.2785 0.6500 0.7071
vn -0.0247 0.3304 -0.9435
vn -0.1077 0.6894 0.7164
vn 0.0676 0.6966 0.7143
vt 0.250000 0.490000
vt 0.250000 0.250000
vt 0.296822 0.485388
vt 0.341844 0.471731
vt 0.383337 0.449553
vt 0.419706 0.419706
vt 0.449553 0.383337
vt 0.471731 0.341844
vt 0.485388 0.296822
vt 0.490000 0.250000
vt 0.485388 0.203178
vt 0.471731 0.158156
vt 0.449553 0.116663
vt 0.419706 0.080294
vt 0.383337 0.050447
vt 0.341844 0.028269
vt 0.296822 0.014612
vt 0.250000 0.010000
vt 0.203178 0.014612
vt 0.158156 0.028269
vt 0.116663 0.050447
vt 0.080294 0.080294
vt 0.050447 0.116663
vt 0.028269 0.158156
vt 0.014612 0.203178
vt 0.010000 0.250000
vt 0.014612 0.296822
vt 0.028269 0.341844
vt 0.050447 0.383337
vt 0.080294 0.419706
vt 0.116663 0.449553
vt 0.158156 0.471731
vt 0.750000 0.490000
vt 0.796822 0.485388
vt 0.841844 0.471731
vt 0.883337 0.449553
vt 0.919706 0.419706
vt 0.949553 0.383337
vt 0.971731 0.341844
vt 0.985388 0.296822
vt 0.990000 0.250000
vt 0.985388 0.203178
vt 0.971731 0.158156
vt 0.949553 0.116663
vt 0.919706 0.080294
vt 0.883337 0.050447
vt 0.841844 0.028269
vt 0.796822 0.014612
vt 0.750000 0.010000
vt 0.703178 0.014612
vt 0.658156 0.028269
vt 0.616663 0.050447
vt 0.580294 0.080294
vt 0.550447 0.116663
vt 0.528269 0.158156
vt 0.514612 0.203178
vt 0.510000 0.250000
vt 0.514612 0.296822
vt 0.528269 0.341844
vt 0.550447 0.383337
vt 0.580294 0.419706
vt 0.616663 0.449553
vt 0.658156 0.471731
vt 0.703178 0.485388
vt 0.203178 0.485388
s 0
f 274/519/274 306/520/274 275/521/274
f 275/521/275 306/520/275 276/522/275
f 276/522/276 306/520/276 277/523/276
f 277/523/277 306/520/277 278/524/277
f 278/524/278 306/520/278 279/525/278
f 279/525/279 306/520/279 280/526/279
f 280/526/280 306/520/280 281/527/280
f 281/527/281 306/520/281 282/528/281
f 282/528/282 306/520/282 283/529/282
f 283/529/283 306/520/283 284/530/283
f 284/530/284 306/520/284 285/531/284
f 285/531/285 306/520/285 286/532/285
f 286/532/286 306/520/286 287/533/286
f 287/533/287 306/520/287 288/534/287
f 288/534/288 306/520/288 289/535/288
f 289/535/289 306/520/289 290/536/289
f 290/536/290 306/520/290 291/537/290
f 291/537/291 306/520/291 292/538/291
f 292/538/292 306/520/292 293/539/292
f 293/539/293 306/520/293 294/540/293
f 294/540/294 306/520/294 295/541/294
f 295/541/295 306/520/295 296/542/295
f 296/542/296 306/520/296 297/543/296
f 297/543/297 306/520/297 298/544/297
f 298/544/298 306/520/298 299/545/298
f 299/545/299 306/520/299 300/546/299
f 300/546/300 306/520/300 301/547/300
f 301/547/301 306/520/301 302/548/301
f 302/548/302 306/520/302 303/549/302
f 303/549/303 306/520/303 304/550/303
f 274/551/304 275/552/304 276/553/304 277/554/304 278/555/304 279/556/304 280/557/304 281/558/304 282/559/304 283/560/304 284/561/304 285/562/304 286/563/304 287/564/304 288/565/304 289/566/304 290/567/304 291/568/304 292/569/304 293/570/304 294/571/304 295/572/304 296/573/304 297/574/304 298/575/304 299/576/304 300/577/304 301/578/304 302/579/304 303/580/304 304/581/304 305/582/304
f 304/550/305 306/520/305 305/583/305
f 305/583/306 306/520/306 274/519/306
o Cone
v -0.206961 1.945474 0.206588
v -0.127798 1.899166 0.381557
v -0.041725 1.818512 0.540023
v 0.047950 1.706612 0.675897
v 0.137781 1.567765 0.783957
v 0.224315 1.407308 0.860052
v 0.304228 1.231407 0.901256
v 0.374448 1.046821 0.905986
v 0.432277 0.860645 0.874061
v 0.475493 0.680033 0.806707
v 0.502434 0.511925 0.706512
v 0.512065 0.362782 0.577327
v 0.504017 0.238335 0.424117
v 0.478598 0.143367 0.252769
v 0.436786 0.081528 0.069869
v 0.380187 0.055194 -0.117556
v 0.310976 0.065376 -0.302303
v 0.231813 0.111684 -0.477271
v 0.145740 0.192338 -0.635737
v 0.056066 0.304238 -0.771611
v -0.033765 0.443085 -0.879672
v -0.120300 0.603542 -0.955766
v -0.200213 0.779443 -0.996971
v -0.270433 0.964029 -1.001701
v -0.328262 1.150205 -0.969775
v -0.371477 1.330818 -0.902421
v -0.398418 1.498926 -0.802226
v -0.408050 1.648068 -0.673042
v -0.400002 1.772515 -0.519832
v -0.374583 1.867483 -0.348484
v -0.332771 1.929322 -0.165583
v -0.276172 1.955656 0.021842
v -1.741123 0.339555 0.587197
vn -0.5922 0.6714 0.4456
vn -0.5184 0.6147 0.5945
vn -0.4400 0.5287 0.7258
vn -0.3599 0.4168 0.8347
vn -0.2812 0.2832 0.9169
vn -0.2069 0.1331 0.9693
vn -0.1398 -0.0278 0.9898
vn -0.0827 -0.1933 0.9776
vn -0.0376 -0.3571 0.9333
vn -0.0063 -0.5127 0.8585
vn 0.0101 -0.6543 0.7562
vn 0.0108 -0.7764 0.6301
vn -0.0042 -0.8744 0.4852
vn -0.0342 -0.9444 0.3271
vn -0.0781 -0.9837 0.1618
vn -0.1343 -0.9909 -0.0043
vn -0.2005 -0.9657 -0.1649
vn -0.2743 -0.9090 -0.3137
vn -0.3527 -0.8231 -0.4451
vn -0.4328 -0.7112 -0.5540
vn -0.5115 -0.5776 -0.6362
vn -0.5858 -0.4274 -0.6885
vn -0.6529 -0.2665 -0.7090
vn -0.7100 -0.1010 -0.6969
vn -0.7551 0.0627 -0.6526
vn -0.7864 0.2183 -0.5778
vn -0.8028 0.3600 -0.4754
vn -0.8035 0.4821 -0.3494
vn -0.7885 0.5800 -0.2045
vn -0.7585 0.6500 -0.0464
vn 0.8897 0.3304 -0.3151
vn -0.7146 0.6894 0.1189
vn -0.6584 0.6966 0.2851
vt 0.250000 0.490000
vt 0.250000 0.250000
vt 0.296822 0.485388
vt 0.341844 0.471731
vt 0.383337 0.449553
vt 0.419706 0.419706
vt 0.449553 0.383337
vt 0.471731 0.341844
vt 0.485388 0.296822
vt 0.490000 0.250000
vt 0.485388 0.203178
vt 0.471731 0.158156
vt 0.449553 0.116663
vt 0.419706 0.080294
vt 0.383337 0.050447
vt 0.341844 0.028269
vt 0.296822 0.014612
vt 0.250000 0.010000
vt 0.203178 0.014612
vt 0.158156 0.028269
vt 0.116663 0.050447
vt 0.080294 0.080294
vt 0.050447 0.116663
vt 0.028269 0.158156
vt 0.014612 0.203178
vt 0.010000 0.250000
vt 0.014612 0.296822
vt 0.028269 0.341844
vt 0.050447 0.383337
vt 0.080294 0.419706
vt 0.116663 0.449553
vt 0.158156 0.471731
vt 0.750000 0.490000
vt 0.796822 0.485388
vt 0.841844 0.471731
vt 0.883337 0.449553
vt 0.919706 0.419706
vt 0.949553 0.383337
vt 0.971731 0.341844
vt 0.985388 0.296822
vt 0.990000 0.250000
vt 0.985388 0.203178
vt 0.971731 0.158156
vt 0.949553 0.116663
vt 0.919706 0.080294
vt 0.883337 0.050447
vt 0.841844 0.028269
vt 0.796822 0.014612
vt 0.750000 0.010000
vt 0.703178 0.014612
vt 0.658156 0.028269
vt 0.616663 0.050447
vt 0.580294 0.080294
vt 0.550447 0.116663
vt 0.528269 0.158156
vt 0.514612 0.203178
vt 0.510000 0.250000
vt 0.514612 0.296822
vt 0.528269 0.341844
vt 0.550447 0.383337
vt 0.580294 0.419706
vt 0.616663 0.449553
vt 0.658156 0.471731
vt 0.703178 0.485388
vt 0.203178 0.485388
s 0
f 307/584/307 339/585/307 308/586/307
f 308/586/308 339/585/308 309/587/308
f 309/587/309 339/585/309 310/588/309
f 310/588/310 339/585/310 311/589/310
f 311/589/311 339/585/311 312/590/311
f 312/590/312 339/585/312 313/591/312
f 313/591/313 339/585/313 314/592/313
f 314/592/314 339/585/314 315/593/314
f 315/593/315 339/585/315 316/594/315
f 316/594/316 339/585/316 317/595/316
f 317/595/317 339/585/317 318/596/317
f 318/596/318 339/585/318 319/597/318
f 319/597/319 339/585/319 320/598/319
f 320/598/320 339/585/320 321/599/320
f 321/599/321 339/585/321 322/600/321
f 322/600/322 339/585/322 323/601/322
f 323/601/323 339/585/323 324/602/323
f 324/602/324 339/585/324 325/603/324
f 325/603/325 339/585/325 326/604/325
f 326/604/326 339/585/326 327/605/326
f 327/605/327 339/585/327 328/606/327
f 328/606/328 339/585/328 329/607/328
f 329/607/329 339/585/329 330/608/329
f 330/608/330 339/585/330 331/609/330
f 331/609/331 339/585/331 332/610/331
f 332/610/332 339/585/332 333/611/332
f 333/611/333 339/585/333 334/612/333
f 334/612/334 339/585/334 335/613/334
f 335/613/335 339/585/335 336/614/335
f 336/614/336 339/585/336 337/615/336
f 307/616/337 308/617/337 309/618/337 310/619/337 311/620/337 312/621/337 313/622/337 314/623/337 315/624/337 316/625/337 317/626/337 318/627/337 319/628/337 320/629/337 321/630/337 322/631/337 323/632/337 324/633/337 325/634/337 326/635/337 327/636/337 328/637/337 329/638/337 330/639/337 331/640/337 332/641/337 333/642/337 334/643/337 335/644/337 336/645/337 337/646/337 338/647/337
f 337/615/338 339/585/338 338/648/338
f 338/648/339 339/585/339 307/584/339
o Cone
v -0.260426 1.945488 -0.132993
v -0.402370 1.899181 -0.003635
v -0.526485 1.818528 0.127195
v -0.628000 1.706629 0.254469
v -0.703015 1.567782 0.373298
v -0.748646 1.407325 0.479114
v -0.763141 1.231422 0.567850
v -0.745942 1.046836 0.636097
v -0.697709 0.860658 0.681233
v -0.620298 0.680043 0.701521
v -0.516682 0.511933 0.696184
v -0.390843 0.362788 0.665426
v -0.247617 0.238339 0.610428
v -0.092509 0.143369 0.533305
v 0.068521 0.081527 0.437020
v 0.229284 0.055191 0.325274
v 0.383604 0.065371 0.202360
v 0.525548 0.111678 0.073003
v 0.649663 0.192331 -0.057827
v 0.751178 0.304231 -0.185102
v 0.826193 0.443077 -0.303931
v 0.871824 0.603535 -0.409746
v 0.886319 0.779437 -0.498483
v 0.869119 0.964024 -0.566730
v 0.820887 1.150202 -0.611865
v 0.743476 1.330816 -0.632154
v 0.639859 1.498927 -0.626817
v 0.514021 1.648072 -0.596058
v 0.370795 1.772521 -0.541061
v 0.215687 1.867491 -0.463937
v 0.054657 1.929332 -0.367653
v -0.106107 1.955669 -0.255906
v -1.096498 0.339547 -1.474459
vn -0.6068 0.6714 -0.4255
vn -0.7256 0.6147 -0.3094
vn -0.8263 0.5287 -0.1942
vn -0.9051 0.4168 -0.0843
vn -0.9589 0.2832 0.0159
vn -0.9858 0.1331 0.1028
vn -0.9846 -0.0278 0.1729
vn -0.9553 -0.1933 0.2235
vn -0.8993 -0.3570 0.2527
vn -0.8185 -0.5127 0.2593
vn -0.7160 -0.6543 0.2432
vn -0.5959 -0.7764 0.2050
vn -0.4628 -0.8744 0.1460
vn -0.3217 -0.9444 0.0686
vn -0.1780 -0.9837 -0.0243
vn -0.0374 -0.9909 -0.1290
vn 0.0948 -0.9657 -0.2416
vn 0.2136 -0.9091 -0.3578
vn 0.3143 -0.8231 -0.4730
vn 0.3931 -0.7112 -0.5828
vn 0.4470 -0.5776 -0.6831
vn 0.4738 -0.4274 -0.7699
vn 0.4726 -0.2665 -0.8400
vn 0.4434 -0.1010 -0.8906
vn 0.3873 0.0627 -0.9198
vn 0.3065 0.2183 -0.9265
vn 0.2041 0.3599 -0.9104
vn 0.0840 0.4821 -0.8721
vn -0.0492 0.5800 -0.8131
vn -0.1903 0.6500 -0.7357
vn 0.5746 0.3304 0.7488
vn -0.3339 0.6894 -0.6429
vn -0.4746 0.6966 -0.5381
vt 0.250000 0.490000
vt 0.250000 0.250000
vt 0.296822 0.485388
vt 0.341844 0.471731
vt 0.383337 0.449553
vt 0.419706 0.419706
vt 0.449553 0.383337
vt 0.471731 0.341844
vt 0.485388 0.296822
vt 0.490000 0.250000
vt 0.485388 0.203178
vt 0.471731 0.158156
vt 0.449553 0.116663
vt 0.419706 0.080294
vt 0.383337 0.050447
vt 0.341844 0.028269
vt 0.296822 0.014612
vt 0.250000 0.010000
vt 0.203178 0.014612
vt 0.158156 0.028269
vt 0.116663 0.050447
vt 0.080294 0.080294
vt 0.050447 0.116663
vt 0.028269 0.158156
vt 0.014612 0.203178
vt 0.010000 0.250000
vt 0.014612 0.296822
vt 0.028269 0.341844
vt 0.050447 0.383337
vt 0.080294 0.419706
vt 0.116663 0.449553
vt 0.158156 0.471731
vt 0.750000 0.490000
vt 0.796822 0.485388
vt 0.841844 0.471731
vt 0.883337 0.449553
vt 0.919706 0.419706
vt 0.949553 0.383337
vt 0.971731 0.341844
vt 0.985388 0.296822
vt 0.990000 0.250000
vt 0.985388 0.203178
vt 0.971731 0.158156
vt 0.949553 0.116663
vt 0.919706 0.080294
vt 0.883337 0.050447
vt 0.841844 0.028269
vt 0.796822 0.014612
vt 0.750000 0.010000
vt 0.703178 0.014612
vt 0.658156 0.028269
vt 0.616663 0.050447
vt 0.580294 0.080294
vt 0.550447 0.116663
vt 0.528269 0.158156
vt 0.514612 0.203178
vt 0.510000 0.250000
vt 0.514612 0.296822
vt 0.528269 0.341844
vt 0.550447 0.383337
vt 0.580294 0.419706
vt 0.616663 0.449553
vt 0.658156 0.471731
vt 0.703178 0.485388
vt 0.203178 0.485388
s 0
f 340/649/340 372/650/340 341/651/340
f 341/651/341 372/650/341 342/652/341
f 342/652/342 372/650/342 343/653/342
f 343/653/343 372/650/343 344/654/343
f 344/654/344 372/650/344 345/655/344
f 345/655/345 372/650/345 346/656/345
f 346/656/346 372/650/346 347/657/346
f 347/657/347 372/650/347 348/658/347
f 348/658/348 372/650/348 349/659/348
f 349/659/349 372/650/349 350/660/349
f 350/660/350 372/650/350 351/661/350
f 351/661/351 372/650/351 352/662/351
f 352/662/352 372/650/352 353/663/352
f 353/663/353 372/650/353 354/664/353
f 354/664/354 372/650/354 355/665/354
f 355/665/355 372/650/355 356/666/355
f 356/666/356 372/650/356 357/667/356
f 357/667/357 372/650/357 358/668/357
f 358/668/358 372/650/358 359/669/358
f 359/669/359 372/650/359 360/670/359
f 360/670/360 372/650/360 361/671/360
f 361/671/361 372/650/361 362/672/361
f 362/672/362 372/650/362 363/673/362
f 363/673/363 372/650/363 364/674/363
f 364/674/364 372/650/364 365/675/364
f 365/675/365 372/650/365 366/676/365
f 366/676/366 372/650/366 367/677/366
f 367/677/367 372/650/367 368/678/367
f 368/678/368 372/650/368 369/679/368
f 369/679/369 372/650/369 370/680/369
f 340/681/370 341/682/370 342/683/370 343/684/370 344/685/370 345/686/370 346/687/370 347/688/370 348/689/370 349/690/370 350/691/370 351/692/370 352/693/370 353/694/370 354/695/370 355/696/370 356/697/370 357/698/370 358/699/370 359/700/370 360/701/370 361/702/370 362/703/370 363/704/370 364/705/370 365/706/370 366/707/370 367/708/370 368/709/370 369/710/370 370/711/370 371/712/370
f 370/680/371 372/650/371 371/713/371
f 371/713/372 372/650/372 340/649/372
o Cone
v 0.046006 1.945481 -0.288780
v -0.120882 1.899173 -0.383803
v -0.283661 1.818520 -0.461414
v -0.436075 1.706620 -0.518631
v -0.572267 1.567773 -0.553254
v -0.687004 1.407316 -0.563953
v -0.775875 1.231415 -0.550317
v -0.835467 1.046828 -0.512870
v -0.863487 0.860651 -0.453050
v -0.858861 0.680037 -0.373158
v -0.821765 0.511929 -0.276263
v -0.753626 0.362784 -0.166088
v -0.657061 0.238337 -0.046868
v -0.535782 0.143368 0.076816
v -0.394449 0.081527 0.200211
v -0.238494 0.055192 0.318574
v -0.073909 0.065373 0.427358
v 0.092979 0.111681 0.522381
v 0.255758 0.192334 0.599992
v 0.408172 0.304234 0.657209
v 0.544364 0.443081 0.691832
v 0.659101 0.603538 0.702531
v 0.747972 0.779440 0.688895
v 0.807563 0.964026 0.651447
v 0.835584 1.150203 0.591628
v 0.830958 1.330817 0.511736
v 0.793862 1.498926 0.414840
v 0.725722 1.648070 0.304666
v 0.629158 1.772518 0.185446
v 0.507878 1.867486 0.061762
v 0.366546 1.929327 -0.061633
v 0.210590 1.955662 -0.179997
v 1.063459 0.339549 -1.498458
vn 0.2172 0.6714 -0.7086
vn 0.0700 0.6147 -0.7857
vn -0.0707 0.5287 -0.8458
vn -0.1995 0.4168 -0.8868
vn -0.3115 0.2832 -0.9071
vn -0.4024 0.1331 -0.9058
vn -0.4686 -0.0278 -0.8830
vn -0.5077 -0.1933 -0.8395
vn -0.5182 -0.3570 -0.7772
vn -0.4996 -0.5127 -0.6983
vn -0.4526 -0.6543 -0.6058
vn -0.3791 -0.7764 -0.5034
vn -0.2818 -0.8744 -0.3950
vn -0.1646 -0.9444 -0.2847
vn -0.0319 -0.9837 -0.1768
vn 0.1112 -0.9909 -0.0754
vn 0.2591 -0.9657 0.0155
vn 0.4063 -0.9091 0.0926
vn 0.5470 -0.8231 0.1528
vn 0.6758 -0.7112 0.1938
vn 0.7878 -0.5776 0.2140
vn 0.8787 -0.4274 0.2127
vn 0.9449 -0.2665 0.1899
vn 0.9840 -0.1010 0.1465
vn 0.9945 0.0627 0.0841
vn 0.9759 0.2183 0.0052
vn 0.9289 0.3599 -0.0872
vn 0.8554 0.4821 -0.1896
vn 0.7581 0.5800 -0.2980
vn 0.6409 0.6500 -0.4083
vn -0.5346 0.3304 0.7779
vn 0.5082 0.6894 -0.5162
vn 0.3651 0.6966 -0.6176
vt 0.250000 0.490000
vt 0.250000 0.250000
vt 0.296822 0.485388
vt 0.341844 0.471731
vt 0.383337 0.449553
vt 0.419706 0.419706
vt 0.449553 0.383337
vt 0.471731 0.341844
vt 0.485388 0.296822
vt 0.490000 0.250000
vt 0.485388 0.203178
vt 0.471731 0.158156
vt 0.449553 0.116663
vt 0.419706 0.080294
vt 0.383337 0.050447
vt 0.341844 0.028269
vt 0.296822 0.014612
vt 0.250000 0.010000
vt 0.203178 0.014612
vt 0.158156 0.028269
vt 0.116663 0.050447
vt 0.080294 0.080294
vt 0.050447 0.116663
vt 0.028269 0.158156
vt 0.014612 0.203178
vt 0.010000 0.250000
vt 0.014612 0.296822
vt 0.028269 0.341844
vt 0.050447 0.383337
vt 0.080294 0.419706
vt 0.116663 0.449553
vt 0.158156 0.471731
vt 0.750000 0.490000
vt 0.796822 0.485388
vt 0.841844 0.471731
vt 0.883337 0.449553
vt 0.919706 0.419706
vt 0.949553 0.383337
vt 0.971731 0.341844
vt 0.985388 0.296822
vt 0.990000 0.250000
vt 0.985388 0.203178
vt 0.971731 0.158156
vt 0.949553 0.116663
vt 0.919706 0.080294
vt 0.883337 0.050447
vt 0.841844 0.028269
vt 0.796822 0.014612
vt 0.750000 0.010000
vt 0.703178 0.014612
vt 0.658156 0.028269
vt 0.616663 0.050447
vt 0.580294 0.080294
vt 0.550447 0.116663
vt 0.528269 0.158156
vt 0.514612 0.203178
vt 0.510000 0.250000
vt 0.514612 0.296822
vt 0.528269 0.341844
vt 0.550447 0.383337
vt 0.580294 0.419706
vt 0.616663 0.449553
vt 0.658156 0.471731
vt 0.703178 0.485388
vt 0.203178 0.485388
s 0
f 373/714/373 405/715/373 374/716/373
f 374/716/374 405/715/374 375/717/374
f 375/717/375 405/715/375 376/718/375
f 376/718/376 405/715/376 377/719/376
f 377/719/377 405/715/377 378/720/377
f 378/720/378 405/715/378 379/721/378
f 379/721/379 405/715/379 380/722/379
f 380/722/380 405/715/380 381/723/380
f 381/723/381 405/715/381 382/724/381
f 382/724/382 405/715/382 383/725/382
f 383/725/383 405/715/383 384/726/383
f 384/726/384 405/715/384 385/727/384
f 385/727/385 405/715/385 386/728/385
f 386/728/386 405/715/386 387/729/386
f 387/729/387 405/715/387 388/730/387
f 388/730/388 405/715/388 389/731/388
f 389/731/389 405/715/389 390/732/389
f 390/732/390 405/715/390 391/733/390
f 391/733/391 405/715/391 392/734/391
f 392/734/392 405/715/392 393/735/392
f 393/735/393 405/715/393 394/736/393
f 394/736/394 405/715/394 395/737/394
f 395/737/395 405/715/395 396/738/395
f 396/738/396 405/715/396 397/739/396
f 397/739/397 405/715/397 398/740/397
f 398/740/398 405/715/398 399/741/398
f 399/741/399 405/715/399 400/742/399
f 400/742/400 405/715/400 401/743/400
f 401/743/401 405/715/401 402/744/401
f 402/744/402 405/715/402 403/745/402
f 373/746/403 374/747/403 375/748/403 376/749/403 377/750/403 378/751/403 379/752/403 380/753/403 381/754/403 382/755/403 383/756/403 384/757/403 385/758/403 386/759/403 387/760/403 388/761/403 389/762/403 390/763/403 391/764/403 392/765/403 393/766/403 394/767/403 395/768/403 396/769/403 397/770/403 398/771/403 399/772/403 400/773/403 401/774/403 402/775/403 403/776/403 404/777/403
f 403/745/404 405/715/404 404/778/404
f 404/778/405 405/715/405 373/714/405
o Cone
v -0.485311 1.539596 0.674804
v -0.395219 1.689606 0.583119
v -0.292039 1.812129 0.467500
v -0.179737 1.902456 0.332389
v -0.062628 1.957116 0.182977
v 0.054786 1.974007 0.025008
v 0.167995 1.952482 -0.135448
v 0.272647 1.893368 -0.292226
v 0.364721 1.798935 -0.439299
v 0.440678 1.672813 -0.571017
v 0.497599 1.519849 -0.682318
v 0.533297 1.345921 -0.768923
v 0.546401 1.157713 -0.827505
v 0.536406 0.962458 -0.855814
v 0.503696 0.767659 -0.852759
v 0.449529 0.580803 -0.818460
v 0.375986 0.409069 -0.754235
v 0.285894 0.259059 -0.662550
v 0.182714 0.136536 -0.546931
v 0.070412 0.046209 -0.411819
v -0.046696 -0.008451 -0.262408
v -0.164111 -0.025343 -0.104439
v -0.277320 -0.003818 0.056017
v -0.381972 0.055297 0.212795
v -0.474045 0.149730 0.359869
v -0.550002 0.275852 0.491587
v -0.606924 0.428816 0.602887
v -0.642622 0.602744 0.689492
v -0.655726 0.790952 0.748075
v -0.645730 0.986207 0.776383
v -0.613021 1.181006 0.773328
v -0.558854 1.367862 0.739029
v 1.562963 0.721136 1.135552
vn 0.0133 0.5156 0.8567
vn 0.0996 0.6373 0.7642
vn 0.1958 0.7323 0.6523
vn 0.2982 0.7970 0.5253
vn 0.4029 0.8289 0.3881
vn 0.5058 0.8269 0.2459
vn 0.6030 0.7909 0.1043
vn 0.6908 0.7223 -0.0313
vn 0.7658 0.6239 -0.1557
vn 0.8252 0.4993 -0.2642
vn 0.8665 0.3534 -0.3525
vn 0.8883 0.1918 -0.4174
vn 0.8897 0.0206 -0.4561
vn 0.8706 -0.1535 -0.4674
vn 0.8318 -0.3239 -0.4507
vn 0.7748 -0.4839 -0.4068
vn 0.7018 -0.6275 -0.3372
vn 0.6155 -0.7492 -0.2446
vn 0.5193 -0.8442 -0.1327
vn 0.4169 -0.9089 -0.0057
vn 0.3123 -0.9409 0.1315
vn 0.2093 -0.9388 0.2736
vn 0.1121 -0.9028 0.4152
vn 0.0243 -0.8343 0.5508
vn -0.0507 -0.7358 0.6753
vn -0.1101 -0.6112 0.7838
vn -0.1514 -0.4653 0.8721
vn -0.1732 -0.3037 0.9369
vn -0.1746 -0.1325 0.9757
vn -0.1555 0.0416 0.9870
vn -0.8026 0.1256 -0.5831
vn -0.1167 0.2119 0.9703
vn -0.0597 0.3720 0.9263
vt 0.250000 0.490000
vt 0.250000 0.250000
vt 0.296822 0.485388
vt 0.341844 0.471731
vt 0.383337 0.449553
vt 0.419706 0.419706
vt 0.449553 0.383337
vt 0.471731 0.341844
vt 0.485388 0.296822
vt 0.490000 0.250000
vt 0.485388 0.203178
vt 0.471731 0.158156
vt 0.449553 0.116663
vt 0.419706 0.080294
vt 0.383337 0.050447
vt 0.341844 0.028269
vt 0.296822 0.014612
vt 0.250000 0.010000
vt 0.203178 0.014612
vt 0.158156 0.028269
vt 0.116663 0.050447
vt 0.080294 0.080294
vt 0.050447 0.116663
vt 0.028269 0.158156
vt 0.014612 0.203178
vt 0.010000 0.250000
vt 0.014612 0.296822
vt 0.028269 0.341844
vt 0.050447 0.383337
vt 0.080294 0.419706
vt 0.116663 0.449553
vt 0.158156 0.471731
vt 0.750000 0.490000
vt 0.796822 0.485388
vt 0.841844 0.471731
vt 0.883337 0.449553
vt 0.919706 0.419706
vt 0.949553 0.383337
vt 0.971731 0.341844
vt 0.985388 0.296822
vt 0.990000 0.250000
vt 0.985388 0.203178
vt 0.971731 0.158156
vt 0.949553 0.116663
vt 0.919706 0.080294
vt 0.883337 0.050447
vt 0.841844 0.028269
vt 0.796822 0.014612
vt 0.750000 0.010000
vt 0.703178 0.014612
vt 0.658156 0.028269
vt 0.616663 0.050447
vt 0.580294 0.080294
vt 0.550447 0.116663
vt 0.528269 0.158156
vt 0.514612 0.203178
vt 0.510000 0.250000
vt 0.514612 0.296822
vt 0.528269 0.341844
vt 0.550447 0.383337
vt 0.580294 0.419706
vt 0.616663 0.449553
vt 0.658156 0.471731
vt 0.703178 0.485388
vt 0.203178 0.485388
s 0
f 406/779/406 438/780/406 407/781/406
f 407/781/407 438/780/407 408/782/407
f 408/782/408 438/780/408 409/783/408
f 409/783/409 438/780/409 410/784/409
f 410/784/410 438/780/410 411/785/410
f 411/785/411 438/780/411 412/786/411
f 412/786/412 438/780/412 413/787/412
f 413/787/413 438/780/413 414/788/413
f 414/788/414 438/780/414 415/789/414
f 415/789/415 438/780/415 416/790/415
f 416/790/416 438/780/416 417/791/416
f 417/791/417 438/780/417 418/792/417
f 418/792/418 438/780/418 419/793/418
f 419/793/419 438/780/419 420/794/419
f 420/794/420 438/780/420 421/795/420
f 421/795/421 438/780/421 422/796/421
f 422/796/422 438/780/422 423/797/422
f 423/797/423 438/780/423 424/798/423
f 424/798/424 438/780/424 425/799/424
f 425/799/425 438/780/425 426/800/425
f 426/800/426 438/780/426 427/801/426
f 427/801/427 438/780/427 428/802/427
f 428/802/428 438/780/428 429/803/428
f 429/803/429 438/780/429 430/804/429
f 430/804/430 438/780/430 431/805/430
f 431/805/431 438/780/431 432/806/431
f 432/806/432 438/780/432 433/807/432
f 433/807/433 438/780/433 434/808/433
f 434/808/434 438/780/434 435/809/434
f 435/809/435 438/780/435 436/810/435
f 406/811/436 407/812/436 408/813/436 409/814/436 410/815/436 411/816/436 412/817/436 413/818/436 414/819/436 415/820/436 416/821/436 417/822/436 418/823/436 419/824/436 420/825/436 421/826/436 422/827/436 423/828/436 424/829/436 425/830/436 426/831/436 427/832/436 428/833/436 429/834/436 430/835/436 431/836/436 432/837/436 433/838/436 434/839/436 435/840/436 436/841/436 437/842/436
f 436/810/437 438/780/437 437/843/437
f 437/843/438 438/780/438 406/779/438
o Cone
v -0.791747 1.539590 -0.253032
v -0.676711 1.689601 -0.195681
v -0.534868 1.812125 -0.133279
v -0.371667 1.902453 -0.068225
v -0.193381 1.957113 -0.003018
v -0.006861 1.974006 0.059835
v 0.180725 1.952482 0.117920
v 0.362168 1.893369 0.169003
v 0.530496 1.798937 0.211123
v 0.679240 1.672817 0.242660
v 0.802683 1.519853 0.262402
v 0.896082 1.345927 0.269591
v 0.955847 1.157719 0.263950
v 0.979682 0.962465 0.245697
v 0.966671 0.767667 0.215532
v 0.917313 0.580810 0.174615
v 0.833507 0.409077 0.124519
v 0.718471 0.259066 0.067167
v 0.576627 0.136542 0.004766
v 0.413427 0.046215 -0.060289
v 0.235141 -0.008446 -0.125495
v 0.048621 -0.025339 -0.188349
v -0.138965 -0.003815 -0.246433
v -0.320409 0.055299 -0.297517
v -0.488736 0.149730 -0.339636
v -0.637480 0.275851 -0.371173
v -0.760923 0.428814 -0.390915
v -0.854322 0.602741 -0.398104
v -0.914087 0.790948 -0.392464
v -0.937922 0.986202 -0.374210
v -0.924911 1.181001 -0.344045
v -0.875554 1.367857 -0.303128
v -0.596996 0.721134 1.837368
vn -0.8107 0.5156 0.2774
vn -0.6960 0.6373 0.3309
vn -0.5599 0.7323 0.3877
vn -0.4074 0.7970 0.4459
vn -0.2446 0.8289 0.5031
vn -0.0776 0.8269 0.5570
vn 0.0871 0.7909 0.6058
vn 0.2432 0.7223 0.6474
vn 0.3848 0.6239 0.6802
vn 0.5063 0.4993 0.7031
vn 0.6030 0.3534 0.7152
vn 0.6714 0.1918 0.7158
vn 0.7087 0.0206 0.7052
vn 0.7136 -0.1535 0.6836
vn 0.6857 -0.3239 0.6518
vn 0.6263 -0.4839 0.6112
vn 0.5375 -0.6275 0.5633
vn 0.4229 -0.7492 0.5098
vn 0.2867 -0.8442 0.4529
vn 0.1343 -0.9089 0.3948
vn -0.0286 -0.9409 0.3376
vn -0.1955 -0.9388 0.2836
vn -0.3603 -0.9028 0.2349
vn -0.5164 -0.8343 0.1933
vn -0.6579 -0.7358 0.1604
vn -0.7794 -0.6112 0.1375
vn -0.8762 -0.4653 0.1255
vn -0.9446 -0.3037 0.1248
vn -0.9819 -0.1325 0.1355
vn -0.9867 0.0416 0.1571
vn 0.3066 0.1256 -0.9435
vn -0.9589 0.2119 0.1888
vn -0.8994 0.3720 0.2294
vt 0.250000 0.490000
vt 0.250000 0.250000
vt 0.296822 0.485388
vt 0.341844 0.471731
vt 0.383337 0.449553
vt 0.419706 0.419706
vt 0.449553 0.383337
vt 0.471731 0.341844
vt 0.485388 0.296822
vt 0.490000 0.250000
vt 0.485388 0.203178
vt 0.471731 0.158156
vt 0.449553 0.116663
vt 0.419706 0.080294
vt 0.383337 0.050447
vt 0.341844 0.028269
vt 0.296822 0.014612
vt 0.250000 0.010000
vt 0.203178 0.014612
vt 0.158156 0.028269
vt 0.116663 0.050447
vt 0.080294 0.080294
vt 0.050447 0.116663
vt 0.028269 0.158156
vt 0.014612 0.203178
vt 0.010000 0.250000
vt 0.014612 0.296822
vt 0.028269 0.341844
vt 0.050447 0.383337
vt 0.080294 0.419706
vt 0.116663 0.449553
vt 0.158156 0.471731
vt 0.750000 0.490000
vt 0.796822 0.485388
vt 0.841844 0.471731
vt 0.883337 0.449553
vt 0.919706 0.419706
vt 0.949553 0.383337
vt 0.971731 0.341844
vt 0.985388 0.296822
vt 0.990000 0.250000
vt 0.985388 0.203178
vt 0.971731 0.158156
vt 0.949553 0.116663
vt 0.919706 0.080294
vt 0.883337 0.050447
vt 0.841844 0.028269
vt 0.796822 0.014612
vt 0.750000 0.010000
vt 0.703178 0.014612
vt 0.658156 0.028269
vt 0.616663 0.050447
vt 0.580294 0.080294
vt 0.550447 0.116663
vt 0.528269 0.158156
vt 0.514612 0.203178
vt 0.510000 0.250000
vt 0.514612 0.296822
vt 0.528269 0.341844
vt 0.550447 0.383337
vt 0.580294 0.419706
vt 0.616663 0.449553
vt 0.658156 0.471731
vt 0.703178 0.485388
vt 0.203178 0.485388
s 0
f 439/844/439 471/845/439 440/846/439
f 440/846/440 471/845/440 441/847/440
f 441/847/441 471/845/441 442/848/441
f 442/848/442 471/845/442 443/849/442
f 443/849/443 471/845/443 444/850/443
f 444/850/444 471/845/444 445/851/444
f 445/851/445 471/845/445 446/852/445
f 446/852/446 471/845/446 447/853/446
f 447/853/447 471/845/447 448/854/447
f 448/854/448 471/845/448 449/855/448
f 449/855/449 471/845/449 450/856/449
f 450/856/450 471/845/450 451/857/450
f 451/857/451 471/845/451 452/858/451
f 452/858/452 471/845/452 453/859/452
f 453/859/453 471/845/453 454/860/453
f 454/860/454 471/845/454 455/861/454
f 455/861/455 471/845/455 456/862/455
f 456/862/456 471/845/456 457/863/456
f 457/863/457 471/845/457 458/864/457
f 458/864/458 471/845/458 459/865/458
f 459/865/459 471/845/459 460/866/459
f 460/866/460 471/845/460 461/867/460
f 461/867/461 471/845/461 462/868/461
f 462/868/462 471/845/462 463/869/462
f 463/869/463 471/845/463 464/870/463
f 464/870/464 471/845/464 465/871/464
f 465/871/465 471/845/465 466/872/465
f 466/872/466 471/845/466 467/873/466
f 467/873/467 471/845/467 468/874/467
f 468/874/468 471/845/468 469/875/468
f 439/876/469 440/877/469 441/878/469 442/879/469 443/880/469 444/881/469 445/882/469 446/883/469 447/884/469 448/885/469 449/886/469 450/887/469 451/888/469 452/889/469 453/890/469 454/891/469 455/892/469 456/893/469 457/894/469 458/895/469 459/896/469 460/897/469 461/898/469 462/899/469 463/900/469 464/901/469 465/902/469 466/903/469 467/904/469 468/905/469 469/906/469 470/907/469
f 469/875/470 471/845/470 470/908/470
f 470/908/471 471/845/471 439/844/471
o Cone
v -0.004029 1.539586 -0.831176
v -0.023024 1.689595 -0.704049
v -0.038540 1.812116 -0.549866
v -0.049978 1.902442 -0.374552
v -0.056899 1.957101 -0.184844
v -0.059038 1.973993 0.011968
v -0.056313 1.952469 0.208319
v -0.048827 1.893355 0.396665
v -0.036869 1.798923 0.569768
v -0.020898 1.672804 0.720974
v -0.001528 1.519842 0.844474
v 0.020496 1.345917 0.935521
v 0.044329 1.157712 0.990617
v 0.069054 0.962460 1.007644
v 0.093721 0.767664 0.985947
v 0.117383 0.580810 0.926362
v 0.139129 0.409079 0.831176
v 0.158125 0.259071 0.704049
v 0.173640 0.136549 0.549866
v 0.185078 0.046223 0.374552
v 0.192000 -0.008436 0.184844
v 0.194139 -0.025328 -0.011968
v 0.191413 -0.003803 -0.208319
v 0.183927 0.055311 -0.396665
v 0.171969 0.149742 -0.569768
v 0.155999 0.275862 -0.720974
v 0.136629 0.428823 -0.844474
v 0.114604 0.602749 -0.935521
v 0.090772 0.790954 -0.990617
v 0.066047 0.986206 -1.007643
v 0.041379 1.181002 -0.985947
v 0.017718 1.367855 -0.926361
v -1.931911 0.721138 0.000000
vn -0.5143 0.5156 -0.6853
vn -0.5297 0.6373 -0.5597
vn -0.5418 0.7323 -0.4126
vn -0.5500 0.7970 -0.2497
vn -0.5540 0.8289 -0.0772
vn -0.5538 0.8269 0.0983
vn -0.5492 0.7909 0.2700
vn -0.5405 0.7223 0.4314
vn -0.5280 0.6239 0.5761
vn -0.5123 0.4993 0.6988
vn -0.4938 0.3534 0.7945
vn -0.4733 0.1918 0.8598
vn -0.4517 0.0206 0.8920
vn -0.4296 -0.1535 0.8899
vn -0.4080 -0.3239 0.8536
vn -0.3878 -0.4839 0.7845
vn -0.3696 -0.6275 0.6853
vn -0.3542 -0.7492 0.5597
vn -0.3421 -0.8442 0.4126
vn -0.3339 -0.9089 0.2497
vn -0.3299 -0.9409 0.0772
vn -0.3302 -0.9388 -0.0983
vn -0.3347 -0.9028 -0.2700
vn -0.3434 -0.8343 -0.4314
vn -0.3559 -0.7358 -0.5761
vn -0.3716 -0.6112 -0.6988
vn -0.3901 -0.4653 -0.7945
vn -0.4106 -0.3037 -0.8598
vn -0.4323 -0.1325 -0.8920
vn -0.4543 0.0416 -0.8899
vn 0.9921 0.1256 -0.0000
vn -0.4759 0.2119 -0.8536
vn -0.4962 0.3720 -0.7845
vt 0.250000 0.490000
vt 0.250000 0.250000
vt 0.296822 0.485388
vt 0.341844 0.471731
vt 0.383337 0.449553
vt 0.419706 0.419706
vt 0.449553 0.383337
vt 0.471731 0.341844
vt 0.485388 0.296822
vt 0.490000 0.250000
vt 0.485388 0.203178
vt 0.471731 0.158156
vt 0.449553 0.116663
vt 0.419706 0.080294
vt 0.383337 0.050447
vt 0.341844 0.028269
vt 0.296822 0.014612
vt 0.250000 0.010000
vt 0.203178 0.014612
vt 0.158156 0.028269
vt 0.116663 0.050447
vt 0.080294 0.080294
vt 0.050447 0.116663
vt 0.028269 0.158156
vt 0.014612 0.203178
vt 0.010000 0.250000
vt 0.014612 0.296822
vt 0.028269 0.341844
vt 0.050447 0.383337
vt 0.080294 0.419706
vt 0.116663 0.449553
vt 0.158156 0.471731
vt 0.750000 0.490000
vt 0.796822 0.485388
vt 0.841844 0.471731
vt 0.883337 0.449553
vt 0.919706 0.419706
vt 0.949553 0.383337
vt 0.971731 0.341844
vt 0.985388 0.296822
vt 0.990000 0.250000
vt 0.985388 0.203178
vt 0.971731 0.158156
vt 0.949553 0.116663
vt 0.919706 0.080294
vt 0.883337 0.050447
vt 0.841844 0.028269
vt 0.796822 0.014612
vt 0.750000 0.010000
vt 0.703178 0.014612
vt 0.658156 0.028269
vt 0.616663 0.050447
vt 0.580294 0.080294
vt 0.550447 0.116663
vt 0.528269 0.158156
vt 0.514612 0.203178
vt 0.510000 0.250000
vt 0.514612 0.296822
vt 0.528269 0.341844
vt 0.550447 0.383337
vt 0.580294 0.419706
vt 0.616663 0.449553
vt 0.658156 0.471731
vt 0.703178 0.485388
vt 0.203178 0.485388
s 0
f 472/909/472 504/910/472 473/911/472
f 473/911/473 504/910/473 474/912/473
f 474/912/474 504/910/474 475/913/474
f 475/913/475 504/910/475 476/914/475
f 476/914/476 504/910/476 477/915/476
f 477/915/477 504/910/477 478/916/477
f 478/916/478 504/910/478 479/917/478
f 479/917/479 504/910/479 480/918/479
f 480/918/480 504/910/480 481/919/480
f 481/919/481 504/910/481 482/920/481
f 482/920/482 504/910/482 483/921/482
f 483/921/483 504/910/483 484/922/483
f 484/922/484 504/910/484 485/923/484
f 485/923/485 504/910/485 486/924/485
f 486/924/486 504/910/486 487/925/486
f 487/925/487 504/910/487 488/926/487
f 488/926/488 504/910/488 489/927/488
f 489/927/489 504/910/489 490/928/489
f 490/928/490 504/910/490 491/929/490
f 491/929/491 504/910/491 492/930/491
f 492/930/492 504/910/492 493/931/492
f 493/931/493 504/910/493 494/932/493
f 494/932/494 504/910/494 495/933/494
f 495/933/495 504/910/495 496/934/495
f 496/934/496 504/910/496 497/935/496
f 497/935/497 504/910/497 498/936/497
f 498/936/498 504/910/498 499/937/498
f 499/937/499 504/910/499 500/938/499
f 500/938/500 504/910/500 501/939/500
f 501/939/501 504/910/501 502/940/501
f 472/941/502 473/942/502 474/943/502 475/944/502 476/945/502 477/946/502 478/947/502 479/948/502 480/949/502 481/950/502 482/951/502 483/952/502 484/953/502 485/954/502 486/955/502 487/956/502 488/957/502 489/958/502 490/959/502 491/960/502 492/961/502 493/962/502 494/963/502 495/964/502 496/965/502 497/966/502 498/967/502 499/968/502 500/969/502 501/970/502 502/971/502 503/972/502
f 502/940/503 504/910/503 503/973/503
f 503/973/504 504/910/504 472/909/504
o Cone
v 0.789260 1.539602 -0.260670
v 0.662482 1.689611 -0.239451
v 0.511048 1.812132 -0.206560
v 0.340776 1.902458 -0.163263
v 0.158212 1.957116 -0.111222
v -0.029630 1.974006 -0.052437
v -0.215531 1.952479 0.010832
v -0.392347 1.893363 0.076155
v -0.553283 1.798929 0.141020
v -0.692154 1.672806 0.202935
v -0.803624 1.519842 0.259521
v -0.883408 1.345913 0.308603
v -0.928441 1.157706 0.348294
v -0.936993 0.962451 0.377071
v -0.908733 0.767653 0.393826
v -0.844750 0.580797 0.397916
v -0.747500 0.409065 0.389184
v -0.620722 0.259056 0.367965
v -0.469288 0.136535 0.335074
v -0.299017 0.046209 0.291776
v -0.116452 -0.008448 0.239735
v 0.071390 -0.025339 0.180951
v 0.257291 -0.003812 0.117681
v 0.434107 0.055304 0.052359
v 0.595043 0.149738 -0.012506
v 0.733914 0.275861 -0.074421
v 0.845384 0.428826 -0.131007
v 0.925168 0.602754 -0.180089
v 0.970201 0.790962 -0.219781
v 0.978752 0.986216 -0.248557
v 0.950493 1.181014 -0.265312
v 0.886509 1.367870 -0.269402
v -0.596996 0.721134 -1.837367
vn 0.4928 0.5156 -0.7009
vn 0.3686 0.6373 -0.6768
vn 0.2250 0.7323 -0.6428
vn 0.0675 0.7970 -0.6002
vn -0.0978 0.8289 -0.5507
vn -0.2646 0.8269 -0.4963
vn -0.4265 0.7909 -0.4389
vn -0.5773 0.7223 -0.3808
vn -0.7111 0.6239 -0.3242
vn -0.8229 0.4993 -0.2713
vn -0.9082 0.3534 -0.2241
vn -0.9640 0.1917 -0.1845
vn -0.9879 0.0206 -0.1539
vn -0.9791 -0.1535 -0.1336
vn -0.9379 -0.3239 -0.1243
vn -0.8659 -0.4839 -0.1264
vn -0.7659 -0.6276 -0.1397
vn -0.6418 -0.7492 -0.1639
vn -0.4982 -0.8442 -0.1979
vn -0.3407 -0.9089 -0.2404
vn -0.1753 -0.9409 -0.2899
vn -0.0085 -0.9388 -0.3444
vn 0.1534 -0.9028 -0.4018
vn 0.3042 -0.8343 -0.4599
vn 0.4380 -0.7358 -0.5165
vn 0.5497 -0.6112 -0.5694
vn 0.6351 -0.4653 -0.6166
vn 0.6908 -0.3037 -0.6562
vn 0.7147 -0.1325 -0.6867
vn 0.7059 0.0416 -0.7071
vn 0.3066 0.1256 0.9435
vn 0.6648 0.2119 -0.7164
vn 0.5928 0.3720 -0.7143
vt 0.250000 0.490000
vt 0.250000 0.250000
vt 0.296822 0.485388
vt 0.341844 0.471731
vt 0.383337 0.449553
vt 0.419706 0.419706
vt 0.449553 0.383337
vt 0.471731 0.341844
vt 0.485388 0.296822
vt 0.490000 0.250000
vt 0.485388 0.203178
vt 0.471731 0.158156
vt 0.449553 0.116663
vt 0.419706 0.080294
vt 0.383337 0.050447
vt 0.341844 0.028269
vt 0.296822 0.014612
vt 0.250000 0.010000
vt 0.203178 0.014612
vt 0.158156 0.028269
vt 0.116663 0.050447
vt 0.080294 0.080294
vt 0.050447 0.116663
vt 0.028269 0.158156
vt 0.014612 0.203178
vt 0.010000 0.250000
vt 0.014612 0.296822
vt 0.028269 0.341844
vt 0.050447 0.383337
vt 0.080294 0.419706
vt 0.116663 0.449553
vt 0.158156 0.471731
vt 0.750000 0.490000
vt 0.796822 0.485388
vt 0.841844 0.471731
vt 0.883337 0.449553
vt 0.919706 0.419706
vt 0.949553 0.383337
vt 0.971731 0.341844
vt 0.985388 0.296822
vt 0.990000 0.250000
vt 0.985388 0.203178
vt 0.971731 0.158156
vt 0.949553 0.116663
vt 0.919706 0.080294
vt 0.883337 0.050447
vt 0.841844 0.028269
vt 0.796822 0.014612
vt 0.750000 0.010000
vt 0.703178 0.014612
vt 0.658156 0.028269
vt 0.616663 0.050447
vt 0.580294 0.080294
vt 0.550447 0.116663
vt 0.528269 0.158156
vt 0.514612 0.203178
vt 0.510000 0.250000
vt 0.514612 0.296822
vt 0.528269 0.341844
vt 0.550447 0.383337
vt 0.580294 0.419706
vt 0.616663 0.449553
vt 0.658156 0.471731
vt 0.703178 0.485388
vt 0.203178 0.485388
s 0
f 505/974/505 537/975/505 506/976/505
f 506/976/506 537/975/506 507/977/506
f 507/977/507 537/975/507 508/978/507
f 508/978/508 537/975/508 509/979/508
f 509/979/509 537/975/509 510/980/509
f 510/980/510 537/975/510 511/981/510
f 511/981/511 537/975/511 512/982/511
f 512/982/512 537/975/512 513/983/512
f 513/983/513 537/975/513 514/984/513
f 514/984/514 537/975/514 515/985/514
f 515/985/515 537/975/515 516/986/515
f 516/986/516 537/975/516 517/987/516
f 517/987/517 537/975/517 518/988/517
f 518/988/518 537/975/518 519/989/518
f 519/989/519 537/975/519 520/990/519
f 520/990/520 537/975/520 521/991/520
f 521/991/521 537/975/521 522/992/521
f 522/992/522 537/975/522 523/993/522
f 523/993/523 537/975/523 524/994/523
f 524/994/524 537/975/524 525/995/524
f 525/995/525 537/975/525 526/996/525
f 526/996/526 537/975/526 527/997/526
f 527/997/527 537/975/527 528/998/527
f 528/998/528 537/975/528 529/999/528
f 529/999/529 537/975/529 530/1000/529
f 530/1000/530 537/975/530 531/1001/530
f 531/1001/531 537/975/531 532/1002/531
f 532/1002/532 537/975/532 533/1003/532
f 533/1003/533 537/975/533 534/1004/533
f 534/1004/534 537/975/534 535/1005/534
f 505/1006/535 506/1007/535 507/1008/535 508/1009/535 509/1010/535 510/1011/535 511/1012/535 512/1013/535 513/1014/535 514/1015/535 515/1016/535 516/1017/535 517/1018/535 518/1019/535 519/1020/535 520/1021/535 521/1022/535 522/1023/535 523/1024/535 524/1025/535 525/1026/535 526/1027/535 527/1028/535 528/1029/535 529/1030/535 530/1031/535 531/1032/535 532/1033/535 533/1034/535 534/1035/535 535/1036/535 536/1037/535
f 535/1005/536 537/975/536 536/1038/536
f 536/1038/537 537/975/537 505/974/537
o Cone
v 0.491803 1.539603 0.670084
v 0.432445 1.689612 0.556068
v 0.354369 1.812134 0.422209
v 0.260574 1.902459 0.273650
v 0.154664 1.957117 0.116102
v 0.040710 1.974008 -0.044382
v -0.076909 1.952481 -0.201634
v -0.193673 1.893365 -0.349611
v -0.305095 1.798930 -0.482626
v -0.406893 1.672807 -0.595568
v -0.495155 1.519842 -0.684097
v -0.566489 1.345913 -0.744810
v -0.618154 1.157705 -0.775374
v -0.648165 0.962450 -0.774614
v -0.655367 0.767651 -0.742561
v -0.639485 0.580795 -0.680444
v -0.601128 0.409062 -0.590653
v -0.541770 0.259053 -0.476637
v -0.463694 0.136531 -0.342777
v -0.369899 0.046206 -0.194219
v -0.263989 -0.008452 -0.036671
v -0.150035 -0.025343 0.123813
v -0.032416 -0.003816 0.281065
v 0.084348 0.055301 0.429042
v 0.195770 0.149735 0.562058
v 0.297568 0.275858 0.675000
v 0.385830 0.428823 0.763528
v 0.457164 0.602752 0.824241
v 0.508829 0.790960 0.854805
v 0.538840 0.986216 0.854046
v 0.546042 1.181014 0.821992
v 0.530159 1.367870 0.759876
v 1.562963 0.721135 -1.135552
vn 0.8189 0.5156 0.2521
vn 0.7576 0.6373 0.1414
vn 0.6808 0.7323 0.0154
vn 0.5917 0.7970 -0.1213
vn 0.4936 0.8289 -0.2632
vn 0.3902 0.8269 -0.4050
vn 0.2856 0.7909 -0.5413
vn 0.1837 0.7223 -0.6667
vn 0.0885 0.6239 -0.7765
vn 0.0037 0.4993 -0.8664
vn -0.0675 0.3534 -0.9330
vn -0.1224 0.1917 -0.9738
vn -0.1589 0.0206 -0.9871
vn -0.1755 -0.1535 -0.9724
vn -0.1716 -0.3239 -0.9304
vn -0.1474 -0.4839 -0.8626
vn -0.1038 -0.6276 -0.7716
vn -0.0424 -0.7492 -0.6610
vn 0.0343 -0.8442 -0.5349
vn 0.1234 -0.9089 -0.3983
vn 0.2215 -0.9409 -0.2563
vn 0.3249 -0.9388 -0.1145
vn 0.4295 -0.9028 0.0217
vn 0.5314 -0.8343 0.1472
vn 0.6266 -0.7358 0.2569
vn 0.7114 -0.6112 0.3469
vn 0.7826 -0.4653 0.4135
vn 0.8375 -0.3037 0.4542
vn 0.8740 -0.1325 0.4675
vn 0.8906 0.0416 0.4529
vn -0.8026 0.1256 0.5831
vn 0.8867 0.2119 0.4109
vn 0.8625 0.3720 0.3430
vt 0.250000 0.490000
vt 0.250000 0.250000
vt 0.296822 0.485388
vt 0.341844 0.471731
vt 0.383337 0.449553
vt 0.419706 0.419706
vt 0.449553 0.383337
vt 0.471731 0.341844
vt 0.485388 0.296822
vt 0.490000 0.250000
vt 0.485388 0.203178
vt 0.471731 0.158156
vt 0.449553 0.116663
vt 0.419706 0.080294
vt 0.383337 0.050447
vt 0.341844 0.028269
vt 0.296822 0.014612
vt 0.250000 0.010000
vt 0.203178 0.014612
vt 0.158156 0.028269
vt 0.116663 0.050447
vt 0.080294 0.080294
vt 0.050447 0.116663
vt 0.028269 0.158156
vt 0.014612 0.203178
vt 0.010000 0.250000
vt 0.014612 0.296822
vt 0.028269 0.341844
vt 0.050447 0.383337
vt 0.080294 0.419706
vt 0.116663 0.449553
vt 0.158156 0.471731
vt 0.750000 0.490000
vt 0.796822 0.485388
vt 0.841844 0.471731
vt 0.883337 0.449553
vt 0.919706 0.419706
vt 0.949553 0.383337
vt 0.971731 0.341844
vt 0.985388 0.296822
vt 0.990000 0.250000
vt 0.985388 0.203178
vt 0.971731 0.158156
vt 0.949553 0.116663
vt 0.919706 0.080294
vt 0.883337 0.050447
vt 0.841844 0.028269
vt 0.796822 0.014612
vt 0.750000 0.010000
vt 0.703178 0.014612
vt 0.658156 0.028269
vt 0.616663 0.050447
vt 0.580294 0.080294
vt 0.550447 0.116663
vt 0.528269 0.158156
vt 0.514612 0.203178
vt 0.510000 0.250000
vt 0.514612 0.296822
vt 0.528269 0.341844
vt 0.550447 0.383337
vt 0.580294 0.419706
vt 0.616663 0.449553
vt 0.658156 0.471731
vt 0.703178 0.485388
vt 0.203178 0.485388
s 0
f 538/1039/538 570/1040/538 539/1041/538
f 539/1041/539 570/1040/539 540/1042/539
f 540/1042/540 570/1040/540 541/1043/540
f 541/1043/541 570/1040/541 542/1044/541
f 542/1044/542 570/1040/542 543/1045/542
f 543/1045/543 570/1040/543 544/1046/543
f 544/1046/544 570/1040/544 545/1047/544
f 545/1047/545 570/1040/545 546/1048/545
f 546/1048/546 570/1040/546 547/1049/546
f 547/1049/547 570/1040/547 548/1050/547
f 548/1050/548 570/1040/548 549/1051/548
f 549/1051/549 570/1040/549 550/1052/549
f 550/1052/550 570/1040/550 551/1053/550
f 551/1053/551 570/1040/551 552/1054/551
f 552/1054/552 570/1040/552 553/1055/552
f 553/1055/553 570/1040/553 554/1056/553
f 554/1056/554 570/1040/554 555/1057/554
f 555/1057/555 570/1040/555 556/1058/555
f 556/1058/556 570/1040/556 557/1059/556
f 557/1059/557 570/1040/557 558/1060/557
f 558/1060/558 570/1040/558 559/1061/558
f 559/1061/559 570/1040/559 560/1062/559
f 560/1062/560 570/1040/560 561/1063/560
f 561/1063/561 570/1040/561 562/1064/561
f 562/1064/562 570/1040/562 563/1065/562
f 563/1065/563 570/1040/563 564/1066/563
f 564/1066/564 570/1040/564 565/1067/564
f 565/1067/565 570/1040/565 566/1068/565
f 566/1068/566 570/1040/566 567/1069/566
f 567/1069/567 570/1040/567 568/1070/567
f 538/1071/568 539/1072/568 540/1073/568 541/1074/568 542/1075/568 543/1076/568 544/1077/568 545/1078/568 546/1079/568 547/1080/568 548/1081/568 549/1082/568 550/1083/568 551/1084/568 552/1085/568 553/1086/568 554/1087/568 555/1088/568 556/1089/568 557/1090/568 558/1091/568 559/1092/568 560/1093/568 561/1094/568 562/1095/568 563/1096/568 564/1097/568 565/1098/568 566/1099/568 567/1100/568 568/1101/568 569/1102/568
f 568/1070/569 570/1040/569 569/1103/569
f 569/1103/570 570/1040/570 538/1039/570
o Cone
v -0.555221 1.679429 -0.459617
v -0.397122 1.693424 -0.577235
v -0.225162 1.678383 -0.673301
v -0.045948 1.634884 -0.744122
v 0.133631 1.564600 -0.786977
v 0.306676 1.470231 -0.800219
v 0.466535 1.355403 -0.783339
v 0.607065 1.224530 -0.736986
v 0.722867 1.082640 -0.662942
v 0.809489 0.935187 -0.564050
v 0.863603 0.787837 -0.444114
v 0.883130 0.646253 -0.307740
v 0.867319 0.515875 -0.160170
v 0.816777 0.401715 -0.007074
v 0.733447 0.308158 0.145662
v 0.620531 0.238801 0.292171
v 0.482369 0.196308 0.426822
v 0.324270 0.182314 0.544441
v 0.152309 0.197355 0.640506
v -0.026904 0.240854 0.711327
v -0.206484 0.311138 0.754182
v -0.379528 0.405507 0.767424
v -0.539387 0.520335 0.750545
v -0.679918 0.651208 0.704192
v -0.795719 0.793098 0.630147
v -0.882342 0.940551 0.531256
v -0.936456 1.087901 0.411319
v -0.955982 1.229485 0.274945
v -0.940171 1.359863 0.127375
v -0.889629 1.474023 -0.025720
v -0.806299 1.567580 -0.178457
v -0.693384 1.636937 -0.324966
v 0.787782 2.271486 1.250158
vn -0.2104 0.9630 -0.1682
vn -0.0631 0.9626 -0.2636
vn 0.0937 0.9364 -0.3381
vn 0.2538 0.8857 -0.3888
vn 0.4112 0.8122 -0.4139
vn 0.5598 0.7188 -0.4122
vn 0.6939 0.6091 -0.3840
vn 0.8083 0.4874 -0.3303
vn 0.8987 0.3582 -0.2531
vn 0.9615 0.2266 -0.1554
vn 0.9944 0.0976 -0.0410
vn 0.9960 -0.0238 0.0857
vn 0.9664 -0.1329 0.2199
vn 0.9067 -0.2256 0.3565
vn 0.8191 -0.2983 0.4900
vn 0.7070 -0.3483 0.6155
vn 0.5748 -0.3735 0.7281
vn 0.4274 -0.3730 0.8235
vn 0.2707 -0.3469 0.8980
vn 0.1105 -0.2961 0.9487
vn -0.0469 -0.2226 0.9738
vn -0.1955 -0.1292 0.9722
vn -0.3296 -0.0195 0.9439
vn -0.4440 0.1022 0.8902
vn -0.5343 0.2314 0.8130
vn -0.5971 0.3629 0.7153
vn -0.6300 0.4919 0.6009
vn -0.6317 0.6133 0.4742
vn -0.6021 0.7225 0.3400
vn -0.5423 0.8152 0.2035
vn -0.4089 -0.6617 -0.6284
vn -0.4547 0.8879 0.0699
vn -0.3426 0.9378 -0.0556
vt 0.250000 0.490000
vt 0.250000 0.250000
vt 0.296822 0.485388
vt 0.341844 0.471731
vt 0.383337 0.449553
vt 0.419706 0.419706
vt 0.449553 0.383337
vt 0.471731 0.341844
vt 0.485388 0.296822
vt 0.490000 0.250000
vt 0.485388 0.203178
vt 0.471731 0.158156
vt 0.449553 0.116663
vt 0.419706 0.080294
vt 0.383337 0.050447
vt 0.341844 0.028269
vt 0.296822 0.014612
vt 0.250000 0.010000
vt 0.203178 0.014612
vt 0.158156 0.028269
vt 0.116663 0.050447
vt 0.080294 0.080294
vt 0.050447 0.116663
vt 0.028269 0.158156
vt 0.014612 0.203178
vt 0.010000 0.250000
vt 0.014612 0.296822
vt 0.028269 0.341844
vt 0.050447 0.383337
vt 0.080294 0.419706
vt 0.116663 0.449553
vt 0.158156 0.471731
vt 0.750000 0.490000
vt 0.796822 0.485388
vt 0.841844 0.471731
vt 0.883337 0.449553
vt 0.919706 0.419706
vt 0.949553 0.383337
vt 0.971731 0.341844
vt 0.985388 0.296822
vt 0.990000 0.250000
vt 0.985388 0.203178
vt 0.971731 0.158156
vt 0.949553 0.116663
vt 0.919706 0.080294
vt 0.883337 0.050447
vt 0.841844 0.028269
vt 0.796822 0.014612
vt 0.750000 0.010000
vt 0.703178 0.014612
vt 0.658156 0.028269
vt 0.616663 0.050447
vt 0.580294 0.080294
vt 0.550447 0.116663
vt 0.528269 0.158156
vt 0.514612 0.203178
vt 0.510000 0.250000
vt 0.514612 0.296822
vt 0.528269 0.341844
vt 0.550447 0.383337
vt 0.580294 0.419706
vt 0.616663 0.449553
vt 0.658156 0.471731
vt 0.703178 0.485388
vt 0.203178 0.485388
s 0
f 571/1104/571 603/1105/571 572/1106/571
f 572/1106/572 603/1105/572 573/1107/572
f 573/1107/573 603/1105/573 574/1108/573
f 574/1108/574 603/1105/574 575/1109/574
f 575/1109/575 603/1105/575 576/1110/575
f 576/1110/576 603/1105/576 577/1111/576
f 577/1111/577 603/1105/577 578/1112/577
f 578/1112/578 603/1105/578 579/1113/578
f 579/1113/579 603/1105/579 580/1114/579
f 580/1114/580 603/1105/580 581/1115/580
f 581/1115/581 603/1105/581 582/1116/581
f 582/1116/582 603/1105/582 583/1117/582
f 583/1117/583 603/1105/583 584/1118/583
f 584/1118/584 603/1105/584 585/1119/584
f 585/1119/585 603/1105/585 586/1120/585
f 586/1120/586 603/1105/586 587/1121/586
f 587/1121/587 603/1105/587 588/1122/587
f 588/1122/588 603/1105/588 589/1123/588
f 589/1123/589 603/1105/589 590/1124/589
f 590/1124/590 603/1105/590 591/1125/590
f 591/1125/591 603/1105/591 592/1126/591
f 592/1126/592 603/1105/592 593/1127/592
f 593/1127/593 603/1105/593 594/1128/593
f 594/1128/594 603/1105/594 595/1129/594
f 595/1129/595 603/1105/595 596/1130/595
f 596/1130/596 603/1105/596 597/1131/596
f 597/1131/597 603/1105/597 598/1132/597
f 598/1132/598 603/1105/598 599/1133/598
f 599/1133/599 603/1105/599 600/1134/599
f 600/1134/600 603/1105/600 601/1135/600
f 571/1136/601 572/1137/601 573/1138/601 574/1139/601 575/1140/601 576/1141/601 577/1142/601 578/1143/601 579/1144/601 580/1145/601 581/1146/601 582/1147/601 583/1148/601 584/1149/601 585/1150/601 586/1151/601 587/1152/601 588/1153/601 589/1154/601 590/1155/601 591/1156/601 592/1157/601 593/1158/601 594/1159/601 595/1160/601 596/1161/601 597/1162/601 598/1163/601 599/1164/601 600/1165/601 601/1166/601 602/1167/601
f 601/1135/602 603/1105/602 602/1168/602
f 602/1168/603 603/1105/603 571/1104/603
o Cone
v 0.265544 1.679428 -0.670070
v 0.426260 1.693424 -0.556055
v 0.570761 1.678384 -0.422197
v 0.693495 1.634886 -0.273640
v 0.789745 1.564603 -0.116094
v 0.855813 1.470235 0.044389
v 0.889158 1.355409 0.201639
v 0.888501 1.224536 0.349615
v 0.853865 1.082648 0.482630
v 0.786583 0.935196 0.595571
v 0.689239 0.787847 0.684099
v 0.565575 0.646263 0.744812
v 0.420343 0.515886 0.775376
v 0.259124 0.401725 0.774617
v 0.088114 0.308168 0.742564
v -0.086116 0.238811 0.680449
v -0.256870 0.196318 0.590659
v -0.417586 0.182322 0.476644
v -0.562087 0.197362 0.342786
v -0.684821 0.240860 0.194229
v -0.781072 0.311143 0.036683
v -0.847139 0.405511 -0.123800
v -0.880485 0.520337 -0.281050
v -0.879827 0.651210 -0.429026
v -0.845192 0.793098 -0.562041
v -0.777909 0.940550 -0.674982
v -0.680565 1.087899 -0.763510
v -0.556901 1.229483 -0.824223
v -0.411669 1.359860 -0.854787
v -0.250450 1.474021 -0.854028
v -0.079440 1.567578 -0.821975
v 0.094790 1.636935 -0.759860
v -0.945536 2.271482 1.135538
vn 0.0950 0.9630 -0.2521
vn 0.2312 0.9626 -0.1414
vn 0.3505 0.9364 -0.0154
vn 0.4482 0.8857 0.1213
vn 0.5207 0.8122 0.2632
vn 0.5651 0.7188 0.4050
vn 0.5797 0.6091 0.5413
vn 0.5639 0.4874 0.6667
vn 0.5184 0.3582 0.7765
vn 0.4449 0.2266 0.8664
vn 0.3463 0.0976 0.9330
vn 0.2262 -0.0237 0.9738
vn 0.0895 -0.1329 0.9871
vn -0.0588 -0.2256 0.9724
vn -0.2129 -0.2983 0.9304
vn -0.3669 -0.3483 0.8626
vn -0.5149 -0.3735 0.7716
vn -0.6511 -0.3730 0.6610
vn -0.7704 -0.3469 0.5349
vn -0.8682 -0.2961 0.3983
vn -0.9406 -0.2226 0.2563
vn -0.9850 -0.1292 0.1145
vn -0.9996 -0.0196 -0.0217
vn -0.9838 0.1022 -0.1472
vn -0.9383 0.2314 -0.2569
vn -0.8648 0.3629 -0.3469
vn -0.7662 0.4919 -0.4135
vn -0.6462 0.6133 -0.4542
vn -0.5094 0.7225 -0.4675
vn -0.3611 0.8152 -0.4529
vn 0.4713 -0.6617 -0.5831
vn -0.2070 0.8879 -0.4109
vn -0.0530 0.9378 -0.3431
vt 0.250000 0.490000
vt 0.250000 0.250000
vt 0.296822 0.485388
vt 0.341844 0.471731
vt 0.383337 0.449553
vt 0.419706 0.419706
vt 0.449553 0.383337
vt 0.471731 0.341844
vt 0.485388 0.296822
vt 0.490000 0.250000
vt 0.485388 0.203178
vt 0.471731 0.158156
vt 0.449553 0.116663
vt 0.419706 0.080294
vt 0.383337 0.050447
vt 0.341844 0.028269
vt 0.296822 0.014612
vt 0.250000 0.010000
vt 0.203178 0.014612
vt 0.158156 0.028269
vt 0.116663 0.050447
vt 0.080294 0.080294
vt 0.050447 0.116663
vt 0.028269 0.158156
vt 0.014612 0.203178
vt 0.010000 0.250000
vt 0.014612 0.296822
vt 0.028269 0.341844
vt 0.050447 0.383337
vt 0.080294 0.419706
vt 0.116663 0.449553
vt 0.158156 0.471731
vt 0.750000 0.490000
vt 0.796822 0.485388
vt 0.841844 0.471731
vt 0.883337 0.449553
vt 0.919706 0.419706
vt 0.949553 0.383337
vt 0.971731 0.341844
vt 0.985388 0.296822
vt 0.990000 0.250000
vt 0.985388 0.203178
vt 0.971731 0.158156
vt 0.949553 0.116663
vt 0.919706 0.080294
vt 0.883337 0.050447
vt 0.841844 0.028269
vt 0.796822 0.014612
vt 0.750000 0.010000
vt 0.703178 0.014612
vt 0.658156 0.028269
vt 0.616663 0.050447
vt 0.580294 0.080294
vt 0.550447 0.116663
vt 0.528269 0.158156
vt 0.514612 0.203178
vt 0.510000 0.250000
vt 0.514612 0.296822
vt 0.528269 0.341844
vt 0.550447 0.383337
vt 0.580294 0.419706
vt 0.616663 0.449553
vt 0.658156 0.471731
vt 0.703178 0.485388
vt 0.203178 0.485388
s 0
f 604/1169/604 636/1170/604 605/1171/604
f 605/1171/605 636/1170/605 606/1172/605
f 606/1172/606 636/1170/606 607/1173/606
f 607/1173/607 636/1170/607 608/1174/607
f 608/1174/608 636/1170/608 609/1175/608
f 609/1175/609 636/1170/609 610/1176/609
f 610/1176/610 636/1170/610 611/1177/610
f 611/1177/611 636/1170/611 612/1178/611
f 612/1178/612 636/1170/612 613/1179/612
f 613/1179/613 636/1170/613 614/1180/613
f 614/1180/614 636/1170/614 615/1181/614
f 615/1181/615 636/1170/615 616/1182/615
f 616/1182/616 636/1170/616 617/1183/616
f 617/1183/617 636/1170/617 618/1184/617
f 618/1184/618 636/1170/618 619/1185/618
f 619/1185/619 636/1170/619 620/1186/619
f 620/1186/620 636/1170/620 621/1187/620
f 621/1187/621 636/1170/621 622/1188/621
f 622/1188/622 636/1170/622 623/1189/622
f 623/1189/623 636/1170/623 624/1190/623
f 624/1190/624 636/1170/624 625/1191/624
f 625/1191/625 636/1170/625 626/1192/625
f 626/1192/626 636/1170/626 627/1193/626
f 627/1193/627 636/1170/627 628/1194/627
f 628/1194/628 636/1170/628 629/1195/628
f 629/1195/629 636/1170/629 630/1196/629
f 630/1196/630 636/1170/630 631/1197/630
f 631/1197/631 636/1170/631 632/1198/631
f 632/1198/632 636/1170/632 633/1199/632
f 633/1199/633 636/1170/633 634/1200/633
f 604/1201/634 605/1202/634 606/1203/634 607/1204/634 608/1205/634 609/1206/634 610/1207/634 611/1208/634 612/1209/634 613/1210/634 614/1211/634 615/1212/634 616/1213/634 617/1214/634 618/1215/634 619/1216/634 620/1217/634 621/1218/634 622/1219/634 623/1220/634 624/1221/634 625/1222/634 626/1223/634 627/1224/634 628/1225/634 629/1226/634 630/1227/634 631/1228/634 632/1229/634 633/1230/634 634/1231/634 635/1232/634
f 634/1200/635 636/1170/635 635/1233/635
f 635/1233/636 636/1170/636 604/1169/636
o Cone
v 0.719326 1.679427 0.045479
v 0.660557 1.693422 0.233562
v 0.577906 1.678382 0.412355
v 0.474548 1.634884 0.574989
v 0.354457 1.564601 0.715213
v 0.222246 1.470233 0.827639
v 0.082997 1.355407 0.907946
v -0.057938 1.224535 0.953048
v -0.195145 1.082647 0.961212
v -0.323350 0.935195 0.932125
v -0.437626 0.787847 0.866903
v -0.533582 0.646264 0.768053
v -0.607530 0.515887 0.639375
v -0.656628 0.401727 0.485812
v -0.678991 0.308171 0.313267
v -0.673757 0.238814 0.128371
v -0.641129 0.196321 -0.061772
v -0.582359 0.182327 -0.249854
v -0.499708 0.197367 -0.428648
v -0.396351 0.240864 -0.591281
v -0.276259 0.311148 -0.731506
v -0.144049 0.405516 -0.843931
v -0.004800 0.520342 -0.924239
v 0.136136 0.651214 -0.969341
v 0.273343 0.793102 -0.977505
v 0.401547 0.940553 -0.948417
v 0.515824 1.087902 -0.883195
v 0.611779 1.229485 -0.784346
v 0.685727 1.359862 -0.655667
v 0.734826 1.474022 -0.502105
v 0.757188 1.567578 -0.329560
v 0.751954 1.636935 -0.144663
v -1.372151 2.271480 -0.548345
vn 0.2691 0.9630 0.0124
vn 0.2060 0.9626 0.1762
vn 0.1229 0.9364 0.3286
vn 0.0232 0.8857 0.4638
vn -0.0894 0.8122 0.5765
vn -0.2106 0.7188 0.6626
vn -0.3357 0.6091 0.7186
vn -0.4598 0.4874 0.7423
vn -0.5783 0.3582 0.7330
vn -0.6865 0.2266 0.6909
vn -0.7804 0.0976 0.6177
vn -0.8562 -0.0237 0.5161
vn -0.9111 -0.1329 0.3901
vn -0.9430 -0.2256 0.2446
vn -0.9507 -0.2983 0.0850
vn -0.9338 -0.3483 -0.0824
vn -0.8930 -0.3735 -0.2512
vn -0.8298 -0.3730 -0.4150
vn -0.7468 -0.3469 -0.5674
vn -0.6471 -0.2961 -0.7026
vn -0.5345 -0.2226 -0.8154
vn -0.4133 -0.1292 -0.9014
vn -0.2882 -0.0195 -0.9574
vn -0.1641 0.1022 -0.9811
vn -0.0456 0.2314 -0.9718
vn 0.0626 0.3629 -0.9297
vn 0.1565 0.4919 -0.8565
vn 0.2323 0.6133 -0.7549
vn 0.2872 0.7225 -0.6289
vn 0.3191 0.8152 -0.4834
vn 0.7002 -0.6617 0.2680
vn 0.3268 0.8879 -0.3238
vn 0.3099 0.9378 -0.1564
vt 0.250000 0.490000
vt 0.250000 0.250000
vt 0.296822 0.485388
vt 0.341844 0.471731
vt 0.383337 0.449553
vt 0.419706 0.419706
vt 0.449553 0.383337
vt 0.471731 0.341844
vt 0.485388 0.296822
vt 0.490000 0.250000
vt 0.485388 0.203178
vt 0.471731 0.158156
vt 0.449553 0.116663
vt 0.419706 0.080294
vt 0.383337 0.050447
vt 0.341844 0.028269
vt 0.296822 0.014612
vt 0.250000 0.010000
vt 0.203178 0.014612
vt 0.158156 0.028269
vt 0.116663 0.050447
vt 0.080294 0.080294
vt 0.050447 0.116663
vt 0.028269 0.158156
vt 0.014612 0.203178
vt 0.010000 0.250000
vt 0.014612 0.296822
vt 0.028269 0.341844
vt 0.050447 0.383337
vt 0.080294 0.419706
vt 0.116663 0.449553
vt 0.158156 0.471731
vt 0.750000 0.490000
vt 0.796822 0.485388
vt 0.841844 0.471731
vt 0.883337 0.449553
vt 0.919706 0.419706
vt 0.949553 0.383337
vt 0.971731 0.341844
vt 0.985388 0.296822
vt 0.990000 0.250000
vt 0.985388 0.203178
vt 0.971731 0.158156
vt 0.949553 0.116663
vt 0.919706 0.080294
vt 0.883337 0.050447
vt 0.841844 0.028269
vt 0.796822 0.014612
vt 0.750000 0.010000
vt 0.703178 0.014612
vt 0.658156 0.028269
vt 0.616663 0.050447
vt 0.580294 0.080294
vt 0.550447 0.116663
vt 0.528269 0.158156
vt 0.514612 0.203178
vt 0.510000 0.250000
vt 0.514612 0.296822
vt 0.528269 0.341844
vt 0.550447 0.383337
vt 0.580294 0.419706
vt 0.616663 0.449553
vt 0.658156 0.471731
vt 0.703178 0.485388
vt 0.203178 0.485388
s 0
f 637/1234/637 669/1235/637 638/1236/637
f 638/1236/638 669/1235/638 639/1237/638
f 639/1237/639 669/1235/639 640/1238/639
f 640/1238/640 669/1235/640 641/1239/640
f 641/1239/641 669/1235/641 642/1240/641
f 642/1240/642 669/1235/642 643/1241/642
f 643/1241/643 669/1235/643 644/1242/643
f 644/1242/644 669/1235/644 645/1243/644
f 645/1243/645 669/1235/645 646/1244/645
f 646/1244/646 669/1235/646 647/1245/646
f 647/1245/647 669/1235/647 648/1246/647
f 648/1246/648 669/1235/648 649/1247/648
f 649/1247/649 669/1235/649 650/1248/649
f 650/1248/650 669/1235/650 651/1249/650
f 651/1249/651 669/1235/651 652/1250/651
f 652/1250/652 669/1235/652 653/1251/652
f 653/1251/653 669/1235/653 654/1252/653
f 654/1252/654 669/1235/654 655/1253/654
f 655/1253/655 669/1235/655 656/1254/655
f 656/1254/656 669/1235/656 657/1255/656
f 657/1255/657 669/1235/657 658/1256/657
f 658/1256/658 669/1235/658 659/1257/658
f 659/1257/659 669/1235/659 660/1258/659
f 660/1258/660 669/1235/660 661/1259/660
f 661/1259/661 669/1235/661 662/1260/661
f 662/1260/662 669/1235/662 663/1261/662
f 663/1261/663 669/1235/663 664/1262/663
f 664/1262/664 669/1235/664 665/1263/664
f 665/1263/665 669/1235/665 666/1264/665
f 666/1264/666 669/1235/666 667/1265/666
f 637/1266/667 638/1267/667 639/1268/667 640/1269/667 641/1270/667 642/1271/667 643/1272/667 644/1273/667 645/1274/667 646/1275/667 647/1276/667 648/1277/667 649/1278/667 650/1279/667 651/1280/667 652/1281/667 653/1282/667 654/1283/667 655/1284/667 656/1285/667 657/1286/667 658/1287/667 659/1288/667 660/1289/667 661/1290/667 662/1291/667 663/1292/667 664/1293/667 665/1294/667 666/1295/667 667/1296/667 668/1297/667
f 667/1265/668 669/1235/668 668/1298/668
f 668/1298/669 669/1235/669 637/1234/669
o Cone
v 0.179035 1.679429 0.698180
v -0.018003 1.693424 0.700408
v -0.213587 1.678384 0.677053
v -0.400201 1.634886 0.629011
v -0.570674 1.564603 0.558130
v -0.718453 1.470235 0.467132
v -0.837861 1.355408 0.359515
v -0.924308 1.224536 0.239414
v -0.974473 1.082647 0.111445
v -0.986427 0.935195 -0.019474
v -0.959711 0.787846 -0.148312
v -0.895352 0.646262 -0.270119
v -0.795823 0.515885 -0.380212
v -0.664949 0.401724 -0.474361
v -0.507759 0.308168 -0.548949
v -0.330294 0.238810 -0.601109
v -0.139374 0.196317 -0.628836
v 0.057664 0.182322 -0.631064
v 0.253248 0.197362 -0.607709
v 0.439862 0.240860 -0.559667
v 0.610335 0.311143 -0.488785
v 0.758114 0.405511 -0.397788
v 0.877522 0.520338 -0.290170
v 0.963970 0.651210 -0.170070
v 1.014134 0.793099 -0.042101
v 1.026088 0.940551 0.088818
v 0.999372 1.087900 0.217656
v 0.935013 1.229484 0.339463
v 0.835484 1.359861 0.449556
v 0.704610 1.474022 0.543706
v 0.547420 1.567578 0.618293
v 0.369955 1.636936 0.670453
v 0.097486 2.271483 -1.474442
vn 0.0713 0.9630 0.2598
vn -0.1039 0.9626 0.2503
vn -0.2745 0.9364 0.2185
vn -0.4339 0.8857 0.1654
vn -0.5760 0.8122 0.0931
vn -0.6952 0.7188 0.0045
vn -0.7871 0.6091 -0.0972
vn -0.8481 0.4874 -0.2079
vn -0.8758 0.3582 -0.3235
vn -0.8692 0.2266 -0.4394
vn -0.8286 0.0976 -0.5513
vn -0.7554 -0.0237 -0.6548
vn -0.6526 -0.1329 -0.7460
vn -0.5240 -0.2256 -0.8213
vn -0.3746 -0.2983 -0.8779
vn -0.2102 -0.3483 -0.9135
vn -0.0370 -0.3735 -0.9269
vn 0.1382 -0.3730 -0.9175
vn 0.3088 -0.3469 -0.8856
vn 0.4682 -0.2961 -0.8325
vn 0.6103 -0.2226 -0.7603
vn 0.7296 -0.1292 -0.6716
vn 0.8214 -0.0196 -0.5700
vn 0.8824 0.1022 -0.4592
vn 0.9101 0.2314 -0.3437
vn 0.9036 0.3629 -0.2277
vn 0.8629 0.4919 -0.1158
vn 0.7897 0.6133 -0.0123
vn 0.6869 0.7225 0.0788
vn 0.5583 0.8152 0.1542
vn -0.0385 -0.6617 0.7488
vn 0.4089 0.8879 0.2107
vn 0.2445 0.9378 0.2464
vt 0.250000 0.490000
vt 0.250000 0.250000
vt 0.296822 0.485388
vt 0.341844 0.471731
vt 0.383337 0.449553
vt 0.419706 0.419706
vt 0.449553 0.383337
vt 0.471731 0.341844
vt 0.485388 0.296822
vt 0.490000 0.250000
vt 0.485388 0.203178
vt 0.471731 0.158156
vt 0.449553 0.116663
vt 0.419706 0.080294
vt 0.383337 0.050447
vt 0.341844 0.028269
vt 0.296822 0.014612
vt 0.250000 0.010000
vt 0.203178 0.014612
vt 0.158156 0.028269
vt 0.116663 0.050447
vt 0.080294 0.080294
vt 0.050447 0.116663
vt 0.028269 0.158156
vt 0.014612 0.203178
vt 0.010000 0.250000
vt 0.014612 0.296822
vt 0.028269 0.341844
vt 0.050447 0.383337
vt 0.080294 0.419706
vt 0.116663 0.449553
vt 0.158156 0.471731
vt 0.750000 0.490000
vt 0.796822 0.485388
vt 0.841844 0.471731
vt 0.883337 0.449553
vt 0.919706 0.419706
vt 0.949553 0.383337
vt 0.971731 0.341844
vt 0.985388 0.296822
vt 0.990000 0.250000
vt 0.985388 0.203178
vt 0.971731 0.158156
vt 0.949553 0.116663
vt 0.919706 0.080294
vt 0.883337 0.050447
vt 0.841844 0.028269
vt 0.796822 0.014612
vt 0.750000 0.010000
vt 0.703178 0.014612
vt 0.658156 0.028269
vt 0.616663 0.050447
vt 0.580294 0.080294
vt 0.550447 0.116663
vt 0.528269 0.158156
vt 0.514612 0.203178
vt 0.510000 0.250000
vt 0.514612 0.296822
vt 0.528269 0.341844
vt 0.550447 0.383337
vt 0.580294 0.419706
vt 0.616663 0.449553
vt 0.658156 0.471731
vt 0.703178 0.485388
vt 0.203178 0.485388
s 0
f 670/1299/670 702/1300/670 671/1301/670
f 671/1301/671 702/1300/671 672/1302/671
f 672/1302/672 702/1300/672 673/1303/672
f 673/1303/673 702/1300/673 674/1304/673
f 674/1304/674 702/1300/674 675/1305/674
f 675/1305/675 702/1300/675 676/1306/675
f 676/1306/676 702/1300/676 677/1307/676
f 677/1307/677 702/1300/677 678/1308/677
f 678/1308/678 702/1300/678 679/1309/678
f 679/1309/679 702/1300/679 680/1310/679
f 680/1310/680 702/1300/680 681/1311/680
f 681/1311/681 702/1300/681 682/1312/681
f 682/1312/682 702/1300/682 683/1313/682
f 683/1313/683 702/1300/683 684/1314/683
f 684/1314/684 702/1300/684 685/1315/684
f 685/1315/685 702/1300/685 686/1316/685
f 686/1316/686 702/1300/686 687/1317/686
f 687/1317/687 702/1300/687 688/1318/687
f 688/1318/688 702/1300/688 689/1319/688
f 689/1319/689 702/1300/689 690/1320/689
f 690/1320/690 702/1300/690 691/1321/690
f 691/1321/691 702/1300/691 692/1322/691
f 692/1322/692 702/1300/692 693/1323/692
f 693/1323/693 702/1300/693 694/1324/693
f 694/1324/694 702/1300/694 695/1325/694
f 695/1325/695 702/1300/695 696/1326/695
f 696/1326/696 702/1300/696 697/1327/696
f 697/1327/697 702/1300/697 698/1328/697
f 698/1328/698 702/1300/698 699/1329/698
f 699/1329/699 702/1300/699 700/1330/699
f 670/1331/700 671/1332/700 672/1333/700 673/1334/700 674/1335/700 675/1336/700 676/1337/700 677/1338/700 678/1339/700 679/1340/700 680/1341/700 681/1342/700 682/1343/700 683/1344/700 684/1345/700 685/1346/700 686/1347/700 687/1348/700 688/1349/700 689/1350/700 690/1351/700 691/1352/700 692/1353/700 693/1354/700 694/1355/700 695/1356/700 696/1357/700 697/1358/700 698/1359/700 699/1360/700 700/1361/700 701/1362/700
f 700/1330/701 702/1300/701 701/1363/701
f 701/1363/702 702/1300/702 670/1299/702
o Cone
v -0.608679 1.679431 0.386021
v -0.671686 1.693427 0.199315
v -0.709912 1.678388 0.006087
v -0.721888 1.634891 -0.186239
v -0.707154 1.564609 -0.370272
v -0.666277 1.470241 -0.538939
v -0.600826 1.355415 -0.685758
v -0.513317 1.224542 -0.805087
v -0.407114 1.082654 -0.892341
v -0.286298 0.935202 -0.944166
v -0.155510 0.787852 -0.958571
v -0.019779 0.646267 -0.935002
v 0.115681 0.515889 -0.874365
v 0.245664 0.401728 -0.778991
v 0.365174 0.308170 -0.652543
v 0.469620 0.238812 -0.499882
v 0.554986 0.196318 -0.326875
v 0.617993 0.182322 -0.140169
v 0.656219 0.197361 0.053059
v 0.668195 0.240858 0.245385
v 0.653461 0.311140 0.429418
v 0.612583 0.405508 0.598085
v 0.547133 0.520334 0.744904
v 0.459624 0.651206 0.864233
v 0.353421 0.793095 0.951487
v 0.232605 0.940547 1.003312
v 0.101817 1.087897 1.017717
v -0.033914 1.229481 0.994148
v -0.169374 1.359860 0.933511
v -0.299357 1.474021 0.838137
v -0.418868 1.567579 0.711689
v -0.523313 1.636937 0.559028
v 1.432410 2.271476 -0.362904
vn -0.2250 0.9630 0.1481
vn -0.2702 0.9626 -0.0215
vn -0.2926 0.9364 -0.1936
vn -0.2914 0.8857 -0.3616
vn -0.2665 0.8122 -0.5190
vn -0.2191 0.7188 -0.6598
vn -0.1508 0.6091 -0.7786
vn -0.0643 0.4874 -0.8708
vn 0.0370 0.3582 -0.9329
vn 0.1493 0.2266 -0.9625
vn 0.2683 0.0976 -0.9584
vn 0.3893 -0.0237 -0.9208
vn 0.5078 -0.1329 -0.8512
vn 0.6192 -0.2256 -0.7521
vn 0.7191 -0.2983 -0.6276
vn 0.8039 -0.3483 -0.4822
vn 0.8701 -0.3735 -0.3216
vn 0.9153 -0.3730 -0.1520
vn 0.9377 -0.3469 0.0201
vn 0.9365 -0.2961 0.1881
vn 0.9116 -0.2226 0.3455
vn 0.8642 -0.1292 0.4863
vn 0.7959 -0.0196 0.6051
vn 0.7094 0.1022 0.6973
vn 0.6081 0.2313 0.7594
vn 0.4958 0.3629 0.7890
vn 0.3768 0.4919 0.7849
vn 0.2558 0.6133 0.7473
vn 0.1373 0.7225 0.6776
vn 0.0259 0.8152 0.5786
vn -0.7240 -0.6617 0.1947
vn -0.0740 0.8879 0.4541
vn -0.1588 0.9378 0.3087
vt 0.250000 0.490000
vt 0.250000 0.250000
vt 0.296822 0.485388
vt 0.341844 0.471731
vt 0.383337 0.449553
vt 0.419706 0.419706
vt 0.449553 0.383337
vt 0.471731 0.341844
vt 0.485388 0.296822
vt 0.490000 0.250000
vt 0.485388 0.203178
vt 0.471731 0.158156
vt 0.449553 0.116663
vt 0.419706 0.080294
vt 0.383337 0.050447
vt 0.341844 0.028269
vt 0.296822 0.014612
vt 0.250000 0.010000
vt 0.203178 0.014612
vt 0.158156 0.028269
vt 0.116663 0.050447
vt 0.080294 0.080294
vt 0.050447 0.116663
vt 0.028269 0.158156
vt 0.014612 0.203178
vt 0.010000 0.250000
vt 0.014612 0.296822
vt 0.028269 0.341844
vt 0.050447 0.383337
vt 0.080294 0.419706
vt 0.116663 0.449553
vt 0.158156 0.471731
vt 0.750000 0.490000
vt 0.796822 0.485388
vt 0.841844 0.471731
vt 0.883337 0.449553
vt 0.919706 0.419706
vt 0.949553 0.383337
vt 0.971731 0.341844
vt 0.985388 0.296822
vt 0.990000 0.250000
vt 0.985388 0.203178
vt 0.971731 0.158156
vt 0.949553 0.116663
vt 0.919706 0.080294
vt 0.883337 0.050447
vt 0.841844 0.028269
vt 0.796822 0.014612
vt 0.750000 0.010000
vt 0.703178 0.014612
vt 0.658156 0.028269
vt 0.616663 0.050447
vt 0.580294 0.080294
vt 0.550447 0.116663
vt 0.528269 0.158156
vt 0.514612 0.203178
vt 0.510000 0.250000
vt 0.514612 0.296822
vt 0.528269 0.341844
vt 0.550447 0.383337
vt 0.580294 0.419706
vt 0.616663 0.449553
vt 0.658156 0.471731
vt 0.703178 0.485388
vt 0.203178 0.485388
s 0
f 703/1364/703 735/1365/703 704/1366/703
f 704/1366/704 735/1365/704 705/1367/704
f 705/1367/705 735/1365/705 706/1368/705
f 706/1368/706 735/1365/706 707/1369/706
f 707/1369/707 735/1365/707 708/1370/707
f 708/1370/708 735/1365/708 709/1371/708
f 709/1371/709 735/1365/709 710/1372/709
f 710/1372/710 735/1365/710 711/1373/710
f 711/1373/711 735/1365/711 712/1374/711
f 712/1374/712 735/1365/712 713/1375/712
f 713/1375/713 735/1365/713 714/1376/713
f 714/1376/714 735/1365/714 715/1377/714
f 715/1377/715 735/1365/715 716/1378/715
f 716/1378/716 735/1365/716 717/1379/716
f 717/1379/717 735/1365/717 718/1380/717
f 718/1380/718 735/1365/718 719/1381/718
f 719/1381/719 735/1365/719 720/1382/719
f 720/1382/720 735/1365/720 721/1383/720
f 721/1383/721 735/1365/721 722/1384/721
f 722/1384/722 735/1365/722 723/1385/722
f 723/1385/723 735/1365/723 724/1386/723
f 724/1386/724 735/1365/724 725/1387/724
f 725/1387/725 735/1365/725 726/1388/725
f 726/1388/726 735/1365/726 727/1389/726
f 727/1389/727 735/1365/727 728/1390/727
f 728/1390/728 735/1365/728 729/1391/728
f 729/1391/729 735/1365/729 730/1392/729
f 730/1392/730 735/1365/730 731/1393/730
f 731/1393/731 735/1365/731 732/1394/731
f 732/1394/732 735/1365/732 733/1395/732
f 703/1396/733 704/1397/733 705/1398/733 706/1399/733 707/1400/733 708/1401/733 709/1402/733 710/1403/733 711/1404/733 712/1405/733 713/1406/733 714/1407/733 715/1408/733 716/1409/733 717/1410/733 718/1411/733 719/1412/733 720/1413/733 721/1414/733 722/1415/733 723/1416/733 724/1417/733 725/1418/733 726/1419/733 727/1420/733 728/1421/733 729/1422/733 730/1423/733 731/1424/733 732/1425/733 733/1426/733 734/1427/733
f 733/1395/734 735/1365/734 734/1428/734
f 734/1428/735 735/1365/735 703/1364/735
o Cone
v -0.809914 1.280305 0.588447
v -0.910691 1.273891 0.418661
v -0.978035 1.254893 0.233922
v -1.009357 1.224042 0.041330
v -1.003455 1.182522 -0.151713
v -0.960556 1.131930 -0.337790
v -0.882306 1.074210 -0.509749
v -0.771715 1.011580 -0.660983
v -0.633031 0.946447 -0.785678
v -0.471585 0.881313 -0.879044
v -0.293580 0.818683 -0.937493
v -0.105858 0.760962 -0.958777
v 0.084369 0.710369 -0.942080
v 0.269788 0.668848 -0.888042
v 0.443276 0.637995 -0.798742
v 0.598164 0.618996 -0.677609
v 0.728502 0.612580 -0.529300
v 0.829278 0.618994 -0.359514
v 0.896622 0.637992 -0.174775
v 0.927945 0.668844 0.017817
v 0.922043 0.710363 0.210860
v 0.879143 0.760955 0.396937
v 0.800894 0.818675 0.568896
v 0.690303 0.881305 0.720130
v 0.551619 0.946438 0.844825
v 0.390173 1.011572 0.938191
v 0.212168 1.074202 0.996640
v 0.024445 1.131923 1.017924
v -0.165781 1.182516 1.001227
v -0.351201 1.224037 0.947190
v -0.524688 1.254890 0.857889
v -0.679577 1.273889 0.736756
v 0.499496 2.848042 -0.362903
vn -0.6123 0.7155 0.3364
vn -0.6873 0.7042 0.1781
vn -0.7314 0.6819 0.0097
vn -0.7427 0.6496 -0.1624
vn -0.7209 0.6085 -0.3317
vn -0.6668 0.5602 -0.4915
vn -0.5826 0.5064 -0.6357
vn -0.4713 0.4494 -0.7589
vn -0.3373 0.3913 -0.8562
vn -0.1858 0.3342 -0.9240
vn -0.0226 0.2805 -0.9596
vn 0.1462 0.2322 -0.9616
vn 0.3138 0.1910 -0.9301
vn 0.4740 0.1587 -0.8661
vn 0.6206 0.1365 -0.7721
vn 0.7479 0.1251 -0.6519
vn 0.8511 0.1251 -0.5099
vn 0.9261 0.1365 -0.3516
vn 0.9702 0.1587 -0.1832
vn 0.9815 0.1910 -0.0111
vn 0.9597 0.2322 0.1581
vn 0.9057 0.2805 0.3180
vn 0.8214 0.3342 0.4622
vn 0.7101 0.3913 0.5854
vn 0.5761 0.4494 0.6827
vn 0.4246 0.5064 0.7505
vn 0.2614 0.5601 0.7861
vn 0.0927 0.6085 0.7881
vn -0.0750 0.6496 0.7566
vn -0.2352 0.6819 0.6926
vn -0.2680 -0.9435 0.1947
vn -0.3818 0.7042 0.5986
vn -0.5091 0.7155 0.4784
vt 0.250000 0.490000
vt 0.250000 0.250000
vt 0.296822 0.485388
vt 0.341844 0.471731
vt 0.383337 0.449553
vt 0.419706 0.419706
vt 0.449553 0.383337
vt 0.471731 0.341844
vt 0.485388 0.296822
vt 0.490000 0.250000
vt 0.485388 0.203178
vt 0.471731 0.158156
vt 0.449553 0.116663
vt 0.419706 0.080294
vt 0.383337 0.050447
vt 0.341844 0.028269
vt 0.296822 0.014612
vt 0.250000 0.010000
vt 0.203178 0.014612
vt 0.158156 0.028269
vt 0.116663 0.050447
vt 0.080294 0.080294
vt 0.050447 0.116663
vt 0.028269 0.158156
vt 0.014612 0.203178
vt 0.010000 0.250000
vt 0.014612 0.296822
vt 0.028269 0.341844
vt 0.050447 0.383337
vt 0.080294 0.419706
vt 0.116663 0.449553
vt 0.158156 0.471731
vt 0.750000 0.490000
vt 0.796822 0.485388
vt 0.841844 0.471731
vt 0.883337 0.449553
vt 0.919706 0.419706
vt 0.949553 0.383337
vt 0.971731 0.341844
vt 0.985388 0.296822
vt 0.990000 0.250000
vt 0.985388 0.203178
vt 0.971731 0.158156
vt 0.949553 0.116663
vt 0.919706 0.080294
vt 0.883337 0.050447
vt 0.841844 0.028269
vt 0.796822 0.014612
vt 0.750000 0.010000
vt 0.703178 0.014612
vt 0.658156 0.028269
vt 0.616663 0.050447
vt 0.580294 0.080294
vt 0.550447 0.116663
vt 0.528269 0.158156
vt 0.514612 0.203178
vt 0.510000 0.250000
vt 0.514612 0.296822
vt 0.528269 0.341844
vt 0.550447 0.383337
vt 0.580294 0.419706
vt 0.616663 0.449553
vt 0.658156 0.471731
vt 0.703178 0.485388
vt 0.203178 0.485388
s 0
f 736/1429/736 768/1430/736 737/1431/736
f 737/1431/737 768/1430/737 738/1432/737
f 738/1432/738 768/1430/738 739/1433/738
f 739/1433/739 768/1430/739 740/1434/739
f 740/1434/740 768/1430/740 741/1435/740
f 741/1435/741 768/1430/741 742/1436/741
f 742/1436/742 768/1430/742 743/1437/742
f 743/1437/743 768/1430/743 744/1438/743
f 744/1438/744 768/1430/744 745/1439/744
f 745/1439/745 768/1430/745 746/1440/745
f 746/1440/746 768/1430/746 747/1441/746
f 747/1441/747 768/1430/747 748/1442/747
f 748/1442/748 768/1430/748 749/1443/748
f 749/1443/749 768/1430/749 750/1444/749
f 750/1444/750 768/1430/750 751/1445/750
f 751/1445/751 768/1430/751 752/1446/751
f 752/1446/752 768/1430/752 753/1447/752
f 753/1447/753 768/1430/753 754/1448/753
f 754/1448/754 768/1430/754 755/1449/754
f 755/1449/755 768/1430/755 756/1450/755
f 756/1450/756 768/1430/756 757/1451/756
f 757/1451/757 768/1430/757 758/1452/757
f 758/1452/758 768/1430/758 759/1453/758
f 759/1453/759 768/1430/759 760/1454/759
f 760/1454/760 768/1430/760 761/1455/760
f 761/1455/761 768/1430/761 762/1456/761
f 762/1456/762 768/1430/762 763/1457/762
f 763/1457/763 768/1430/763 764/1458/763
f 764/1458/764 768/1430/764 765/1459/764
f 765/1459/765 768/1430/765 766/1460/765
f 736/1461/766 737/1462/766 738/1463/766 739/1464/766 740/1465/766 741/1466/766 742/1467/766 743/1468/766 744/1469/766 745/1470/766 746/1471/766 747/1472/766 748/1473/766 749/1474/766 750/1475/766 751/1476/766 752/1477/766 753/1478/766 754/1479/766 755/1480/766 756/1481/766 757/1482/766 758/1483/766 759/1484/766 760/1485/766 761/1486/766 762/1487/766 763/1488/766 764/1489/766 765/1490/766 766/1491/766 767/1492/766
f 766/1460/767 768/1430/767 767/1493/767
f 767/1493/768 768/1430/768 736/1429/768
o Cone
v -0.992404 1.199866 -0.454407
v -0.918571 1.080840 -0.617860
v -0.812530 0.953580 -0.755322
v -0.678357 0.822977 -0.861510
v -0.521208 0.694049 -0.932343
v -0.347122 0.571751 -0.965100
v -0.162790 0.460783 -0.958521
v 0.024705 0.365409 -0.912859
v 0.208158 0.289295 -0.829869
v 0.380518 0.235365 -0.712741
v 0.535162 0.205693 -0.565975
v 0.666147 0.201417 -0.395211
v 0.768440 0.222704 -0.207013
v 0.838108 0.268734 -0.008612
v 0.872476 0.337738 0.192368
v 0.870222 0.427066 0.388202
v 0.831433 0.533283 0.571366
v 0.757599 0.652309 0.734819
v 0.651558 0.779569 0.872281
v 0.517385 0.910173 0.978469
v 0.360236 1.039101 1.049302
v 0.186151 1.161399 1.082059
v 0.001818 1.272367 1.075480
v -0.185677 1.367741 1.029818
v -0.369129 1.443855 0.946828
v -0.541490 1.497784 0.829700
v -0.696134 1.527457 0.682934
v -0.827119 1.531732 0.512170
v -0.929412 1.510446 0.323972
v -0.999080 1.464416 0.125570
v -1.033448 1.395411 -0.075409
v -1.031194 1.306084 -0.271244
v 0.998069 2.611734 -0.725141
vn -0.4981 0.5783 -0.6461
vn -0.4244 0.4774 -0.7694
vn -0.3260 0.3718 -0.8692
vn -0.2067 0.2655 -0.9417
vn -0.0710 0.1626 -0.9841
vn 0.0758 0.0670 -0.9949
vn 0.2282 -0.0175 -0.9735
vn 0.3801 -0.0878 -0.9208
vn 0.5259 -0.1410 -0.8388
vn 0.6598 -0.1753 -0.7307
vn 0.7768 -0.1892 -0.6006
vn 0.8724 -0.1822 -0.4536
vn 0.9428 -0.1546 -0.2952
vn 0.9855 -0.1075 -0.1316
vn 0.9986 -0.0427 0.0310
vn 0.9818 0.0374 0.1862
vn 0.9357 0.1297 0.3282
vn 0.8620 0.2306 0.4515
vn 0.7636 0.3362 0.5513
vn 0.6442 0.4425 0.6238
vn 0.5086 0.5455 0.6662
vn 0.3617 0.6410 0.6769
vn 0.2094 0.7255 0.6555
vn 0.0575 0.7958 0.6028
vn -0.0883 0.8491 0.5209
vn -0.2223 0.8833 0.4128
vn -0.3393 0.8972 0.2827
vn -0.4348 0.8902 0.1356
vn -0.5053 0.8627 -0.0227
vn -0.5479 0.8155 -0.1863
vn -0.4911 -0.7947 0.3568
vn -0.5610 0.7507 -0.3489
vn -0.5442 0.6706 -0.5041
vt 0.250000 0.490000
vt 0.250000 0.250000
vt 0.296822 0.485388
vt 0.341844 0.471731
vt 0.383337 0.449553
vt 0.419706 0.419706
vt 0.449553 0.383337
vt 0.471731 0.341844
vt 0.485388 0.296822
vt 0.490000 0.250000
vt 0.485388 0.203178
vt 0.471731 0.158156
vt 0.449553 0.116663
vt 0.419706 0.080294
vt 0.383337 0.050447
vt 0.341844 0.028269
vt 0.296822 0.014612
vt 0.250000 0.010000
vt 0.203178 0.014612
vt 0.158156 0.028269
vt 0.116663 0.050447
vt 0.080294 0.080294
vt 0.050447 0.116663
vt 0.028269 0.158156
vt 0.014612 0.203178
vt 0.010000 0.250000
vt 0.014612 0.296822
vt 0.028269 0.341844
vt 0.050447 0.383337
vt 0.080294 0.419706
vt 0.116663 0.449553
vt 0.158156 0.471731
vt 0.750000 0.490000
vt 0.796822 0.485388
vt 0.841844 0.471731
vt 0.883337 0.449553
vt 0.919706 0.419706
vt 0.949553 0.383337
vt 0.971731 0.341844
vt 0.985388 0.296822
vt 0.990000 0.250000
vt 0.985388 0.203178
vt 0.971731 0.158156
vt 0.949553 0.116663
vt 0.919706 0.080294
vt 0.883337 0.050447
vt 0.841844 0.028269
vt 0.796822 0.014612
vt 0.750000 0.010000
vt 0.703178 0.014612
vt 0.658156 0.028269
vt 0.616663 0.050447
vt 0.580294 0.080294
vt 0.550447 0.116663
vt 0.528269 0.158156
vt 0.514612 0.203178
vt 0.510000 0.250000
vt 0.514612 0.296822
vt 0.528269 0.341844
vt 0.550447 0.383337
vt 0.580294 0.419706
vt 0.616663 0.449553
vt 0.658156 0.471731
vt 0.703178 0.485388
vt 0.203178 0.485388
s 0
f 769/1494/769 801/1495/769 770/1496/769
f 770/1496/770 801/1495/770 771/1497/770
f 771/1497/771 801/1495/771 772/1498/771
f 772/1498/772 801/1495/772 773/1499/772
f 773/1499/773 801/1495/773 774/1500/773
f 774/1500/774 801/1495/774 775/1501/774
f 775/1501/775 801/1495/775 776/1502/775
f 776/1502/776 801/1495/776 777/1503/776
f 777/1503/777 801/1495/777 778/1504/777
f 778/1504/778 801/1495/778 779/1505/778
f 779/1505/779 801/1495/779 780/1506/779
f 780/1506/780 801/1495/780 781/1507/780
f 781/1507/781 801/1495/781 782/1508/781
f 782/1508/782 801/1495/782 783/1509/782
f 783/1509/783 801/1495/783 784/1510/783
f 784/1510/784 801/1495/784 785/1511/784
f 785/1511/785 801/1495/785 786/1512/785
f 786/1512/786 801/1495/786 787/1513/786
f 787/1513/787 801/1495/787 788/1514/787
f 788/1514/788 801/1495/788 789/1515/788
f 789/1515/789 801/1495/789 790/1516/789
f 790/1516/790 801/1495/790 791/1517/790
f 791/1517/791 801/1495/791 792/1518/791
f 792/1518/792 801/1495/792 793/1519/792
f 793/1519/793 801/1495/793 794/1520/793
f 794/1520/794 801/1495/794 795/1521/794
f 795/1521/795 801/1495/795 796/1522/795
f 796/1522/796 801/1495/796 797/1523/796
f 797/1523/797 801/1495/797 798/1524/797
f 798/1524/798 801/1495/798 799/1525/798
f 769/1526/799 770/1527/799 771/1528/799 772/1529/799 773/1530/799 774/1531/799 775/1532/799 776/1533/799 777/1534/799 778/1535/799 779/1536/799 780/1537/799 781/1538/799 782/1539/799 783/1540/799 784/1541/799 785/1542/799 786/1543/799 787/1544/799 788/1545/799 789/1546/799 790/1547/799 791/1548/799 792/1549/799 793/1550/799 794/1551/799 795/1552/799 796/1553/799 797/1554/799 798/1555/799 799/1556/799 800/1557/799
f 799/1525/800 801/1495/800 800/1558/800
f 800/1558/801 801/1495/801 769/1494/801
o Cone
v -0.555221 1.679430 0.459617
v -0.693384 1.636937 0.324966
v -0.806299 1.567580 0.178457
v -0.889629 1.474024 0.025720
v -0.940171 1.359863 -0.127375
v -0.955983 1.229485 -0.274945
v -0.936456 1.087901 -0.411319
v -0.882342 0.940551 -0.531256
v -0.795719 0.793098 -0.630147
v -0.679918 0.651208 -0.704191
v -0.539387 0.520335 -0.750544
v -0.379528 0.405507 -0.767424
v -0.206484 0.311138 -0.754182
v -0.026904 0.240854 -0.711327
v 0.152309 0.197355 -0.640506
v 0.324270 0.182314 -0.544440
v 0.482369 0.196309 -0.426822
v 0.620531 0.238801 -0.292171
v 0.733447 0.308158 -0.145662
v 0.816777 0.401715 0.007075
v 0.867319 0.515875 0.160170
v 0.883130 0.646253 0.307740
v 0.863603 0.787837 0.444114
v 0.809489 0.935187 0.564051
v 0.722867 1.082640 0.662942
v 0.607065 1.224530 0.736987
v 0.466535 1.355403 0.783339
v 0.306676 1.470231 0.800219
v 0.133631 1.564600 0.786977
v -0.045948 1.634885 0.744122
v -0.225162 1.678383 0.673301
v -0.397122 1.693424 0.577235
v 0.787782 2.271486 -1.250158
vn -0.3426 0.9378 0.0556
vn -0.4547 0.8879 -0.0699
vn -0.5423 0.8152 -0.2035
vn -0.6021 0.7225 -0.3400
vn -0.6317 0.6133 -0.4742
vn -0.6300 0.4919 -0.6009
vn -0.5971 0.3629 -0.7153
vn -0.5343 0.2314 -0.8130
vn -0.4440 0.1022 -0.8902
vn -0.3296 -0.0195 -0.9439
vn -0.1955 -0.1292 -0.9722
vn -0.0469 -0.2226 -0.9738
vn 0.1105 -0.2961 -0.9487
vn 0.2707 -0.3469 -0.8980
vn 0.4274 -0.3730 -0.8235
vn 0.5748 -0.3735 -0.7281
vn 0.7070 -0.3483 -0.6155
vn 0.8191 -0.2983 -0.4900
vn 0.9067 -0.2256 -0.3565
vn 0.9664 -0.1329 -0.2199
vn 0.9960 -0.0238 -0.0857
vn 0.9944 0.0976 0.0410
vn 0.9615 0.2266 0.1554
vn 0.8987 0.3582 0.2531
vn 0.8083 0.4874 0.3303
vn 0.6939 0.6091 0.3840
vn 0.5598 0.7188 0.4122
vn 0.4112 0.8122 0.4139
vn 0.2538 0.8857 0.3888
vn 0.0937 0.9364 0.3381
vn -0.4089 -0.6617 0.6284
vn -0.0631 0.9626 0.2636
vn -0.2104 0.9630 0.1682
vt 0.250000 0.490000
vt 0.250000 0.250000
vt 0.296822 0.485388
vt 0.341844 0.471731
vt 0.383337 0.449553
vt 0.419706 0.419706
vt 0.449553 0.383337
vt 0.471731 0.341844
vt 0.485388 0.296822
vt 0.490000 0.250000
vt 0.485388 0.203178
vt 0.471731 0.158156
vt 0.449553 0.116663
vt 0.419706 0.080294
vt 0.383337 0.050447
vt 0.341844 0.028269
vt 0.296822 0.014612
vt 0.250000 0.010000
vt 0.203178 0.014612
vt 0.158156 0.028269
vt 0.116663 0.050447
vt 0.080294 0.080294
vt 0.050447 0.116663
vt 0.028269 0.158156
vt 0.014612 0.203178
vt 0.010000 0.250000
vt 0.014612 0.296822
vt 0.028269 0.341844
vt 0.050447 0.383337
vt 0.080294 0.419706
vt 0.116663 0.449553
vt 0.158156 0.471731
vt 0.750000 0.490000
vt 0.796822 0.485388
vt 0.841844 0.471731
vt 0.883337 0.449553
vt 0.919706 0.419706
vt 0.949553 0.383337
vt 0.971731 0.341844
vt 0.985388 0.296822
vt 0.990000 0.250000
vt 0.985388 0.203178
vt 0.971731 0.158156
vt 0.949553 0.116663
vt 0.919706 0.080294
vt 0.883337 0.050447
vt 0.841844 0.028269
vt 0.796822 0.014612
vt 0.750000 0.010000
vt 0.703178 0.014612
vt 0.658156 0.028269
vt 0.616663 0.050447
vt 0.580294 0.080294
vt 0.550447 0.116663
vt 0.528269 0.158156
vt 0.514612 0.203178
vt 0.510000 0.250000
vt 0.514612 0.296822
vt 0.528269 0.341844
vt 0.550447 0.383337
vt 0.580294 0.419706
vt 0.616663 0.449553
vt 0.658156 0.471731
vt 0.703178 0.485388
vt 0.203178 0.485388
s 0
f 802/1559/802 834/1560/802 803/1561/802
f 803/1561/803 834/1560/803 804/1562/803
f 804/1562/804 834/1560/804 805/1563/804
f 805/1563/805 834/1560/805 806/1564/805
f 806/1564/806 834/1560/806 807/1565/806
f 807/1565/807 834/1560/807 808/1566/807
f 808/1566/808 834/1560/808 809/1567/808
f 809/1567/809 834/1560/809 810/1568/809
f 810/1568/810 834/1560/810 811/1569/810
f 811/1569/811 834/1560/811 812/1570/811
f 812/1570/812 834/1560/812 813/1571/812
f 813/1571/813 834/1560/813 814/1572/813
f 814/1572/814 834/1560/814 815/1573/814
f 815/1573/815 834/1560/815 816/1574/815
f 816/1574/816 834/1560/816 817/1575/816
f 817/1575/817 834/1560/817 818/1576/817
f 818/1576/818 834/1560/818 819/1577/818
f 819/1577/819 834/1560/819 820/1578/819
f 820/1578/820 834/1560/820 821/1579/820
f 821/1579/821 834/1560/821 822/1580/821
f 822/1580/822 834/1560/822 823/1581/822
f 823/1581/823 834/1560/823 824/1582/823
f 824/1582/824 834/1560/824 825/1583/824
f 825/1583/825 834/1560/825 826/1584/825
f 826/1584/826 834/1560/826 827/1585/826
f 827/1585/827 834/1560/827 828/1586/827
f 828/1586/828 834/1560/828 829/1587/828
f 829/1587/829 834/1560/829 830/1588/829
f 830/1588/830 834/1560/830 831/1589/830
f 831/1589/831 834/1560/831 832/1590/831
f 802/1591/832 803/1592/832 804/1593/832 805/1594/832 806/1595/832 807/1596/832 808/1597/832 809/1598/832 810/1599/832 811/1600/832 812/1601/832 813/1602/832 814/1603/832 815/1604/832 816/1605/832 817/1606/832 818/1607/832 819/1608/832 820/1609/832 821/1610/832 822/1611/832 823/1612/832 824/1613/832 825/1614/832 826/1615/832 827/1616/832 828/1617/832 829/1618/832 830/1619/832 831/1620/832 832/1621/832 833/1622/832
f 832/1590/833 834/1560/833 833/1623/833
f 833/1623/834 834/1560/834 802/1559/834
o Cone
v 0.309364 1.280307 0.952109
v 0.116747 1.273892 0.995486
v -0.079760 1.254893 1.002445
v -0.272603 1.224041 0.972720
v -0.454374 1.182521 0.907453
v -0.618085 1.131930 0.809152
v -0.757446 1.074210 0.681594
v -0.867102 1.011580 0.529682
v -0.942838 0.946447 0.359253
v -0.981743 0.881315 0.176858
v -0.982324 0.818685 -0.010496
v -0.944556 0.760965 -0.195607
v -0.869893 0.710373 -0.371362
v -0.761202 0.668853 -0.531008
v -0.622662 0.638001 -0.668408
v -0.459595 0.619003 -0.778282
v -0.278269 0.612588 -0.856409
v -0.085652 0.619003 -0.899786
v 0.110855 0.638002 -0.906746
v 0.303699 0.668854 -0.877021
v 0.485469 0.710373 -0.811754
v 0.649180 0.760965 -0.713452
v 0.788541 0.818685 -0.585894
v 0.898197 0.881315 -0.433982
v 0.973933 0.946448 -0.263554
v 1.012838 1.011580 -0.081158
v 1.013419 1.074210 0.106195
v 0.975652 1.131930 0.291307
v 0.900988 1.182522 0.467062
v 0.792297 1.224041 0.626707
v 0.653757 1.254893 0.764107
v 0.490690 1.273892 0.873982
v -0.190792 2.848039 -0.587187
vn 0.1307 0.7155 0.6863
vn -0.0430 0.7042 0.7087
vn -0.2168 0.6819 0.6986
vn -0.3840 0.6496 0.6562
vn -0.5382 0.6085 0.5832
vn -0.6735 0.5602 0.4823
vn -0.7846 0.5064 0.3576
vn -0.8674 0.4494 0.2137
vn -0.9186 0.3913 0.0562
vn -0.9362 0.3342 -0.1088
vn -0.9196 0.2805 -0.2751
vn -0.8694 0.2322 -0.4362
vn -0.7876 0.1910 -0.5859
vn -0.6772 0.1587 -0.7185
vn -0.5426 0.1365 -0.8288
vn -0.3888 0.1251 -0.9128
vn -0.2219 0.1251 -0.9670
vn -0.0482 0.1365 -0.9895
vn 0.1256 0.1587 -0.9793
vn 0.2928 0.1910 -0.9369
vn 0.4470 0.2322 -0.8639
vn 0.5823 0.2805 -0.7631
vn 0.6934 0.3342 -0.6383
vn 0.7762 0.3913 -0.4944
vn 0.8273 0.4494 -0.3370
vn 0.8450 0.5064 -0.1719
vn 0.8284 0.5602 -0.0057
vn 0.7782 0.6085 0.1554
vn 0.6963 0.6496 0.3051
vn 0.5860 0.6819 0.4377
vn 0.1024 -0.9435 0.3151
vn 0.4514 0.7042 0.5481
vn 0.2976 0.7155 0.6320
vt 0.250000 0.490000
vt 0.250000 0.250000
vt 0.296822 0.485388
vt 0.341844 0.471731
vt 0.383337 0.449553
vt 0.419706 0.419706
vt 0.449553 0.383337
vt 0.471731 0.341844
vt 0.485388 0.296822
vt 0.490000 0.250000
vt 0.485388 0.203178
vt 0.471731 0.158156
vt 0.449553 0.116663
vt 0.419706 0.080294
vt 0.383337 0.050447
vt 0.341844 0.028269
vt 0.296822 0.014612
vt 0.250000 0.010000
vt 0.203178 0.014612
vt 0.158156 0.028269
vt 0.116663 0.050447
vt 0.080294 0.080294
vt 0.050447 0.116663
vt 0.028269 0.158156
vt 0.014612 0.203178
vt 0.010000 0.250000
vt 0.014612 0.296822
vt 0.028269 0.341844
vt 0.050447 0.383337
vt 0.080294 0.419706
vt 0.116663 0.449553
vt 0.158156 0.471731
vt 0.750000 0.490000
vt 0.796822 0.485388
vt 0.841844 0.471731
vt 0.883337 0.449553
vt 0.919706 0.419706
vt 0.949553 0.383337
vt 0.971731 0.341844
vt 0.985388 0.296822
vt 0.990000 0.250000
vt 0.985388 0.203178
vt 0.971731 0.158156
vt 0.949553 0.116663
vt 0.919706 0.080294
vt 0.883337 0.050447
vt 0.841844 0.028269
vt 0.796822 0.014612
vt 0.750000 0.010000
vt 0.703178 0.014612
vt 0.658156 0.028269
vt 0.616663 0.050447
vt 0.580294 0.080294
vt 0.550447 0.116663
vt 0.528269 0.158156
vt 0.514612 0.203178
vt 0.510000 0.250000
vt 0.514612 0.296822
vt 0.528269 0.341844
vt 0.550447 0.383337
vt 0.580294 0.419706
vt 0.616663 0.449553
vt 0.658156 0.471731
vt 0.703178 0.485388
vt 0.203178 0.485388
s 0
f 835/1624/835 867/1625/835 836/1626/835
f 836/1626/836 867/1625/836 837/1627/836
f 837/1627/837 867/1625/837 838/1628/837
f 838/1628/838 867/1625/838 839/1629/838
f 839/1629/839 867/1625/839 840/1630/839
f 840/1630/840 867/1625/840 841/1631/840
f 841/1631/841 867/1625/841 842/1632/841
f 842/1632/842 867/1625/842 843/1633/842
f 843/1633/843 867/1625/843 844/1634/843
f 844/1634/844 867/1625/844 845/1635/844
f 845/1635/845 867/1625/845 846/1636/845
f 846/1636/846 867/1625/846 847/1637/846
f 847/1637/847 867/1625/847 848/1638/847
f 848/1638/848 867/1625/848 849/1639/848
f 849/1639/849 867/1625/849 850/1640/849
f 850/1640/850 867/1625/850 851/1641/850
f 851/1641/851 867/1625/851 852/1642/851
f 852/1642/852 867/1625/852 853/1643/852
f 853/1643/853 867/1625/853 854/1644/853
f 854/1644/854 867/1625/854 855/1645/854
f 855/1645/855 867/1625/855 856/1646/855
f 856/1646/856 867/1625/856 857/1647/856
f 857/1647/857 867/1625/857 858/1648/857
f 858/1648/858 867/1625/858 859/1649/858
f 859/1649/859 867/1625/859 860/1650/859
f 860/1650/860 867/1625/860 861/1651/860
f 861/1651/861 867/1625/861 862/1652/861
f 862/1652/862 867/1625/862 863/1653/862
f 863/1653/863 867/1625/863 864/1654/863
f 864/1654/864 867/1625/864 865/1655/864
f 835/1656/865 836/1657/865 837/1658/865 838/1659/865 839/1660/865 840/1661/865 841/1662/865 842/1663/865 843/1664/865 844/1665/865 845/1666/865 846/1667/865 847/1668/865 848/1669/865 849/1670/865 850/1671/865 851/1672/865 852/1673/865 853/1674/865 854/1675/865 855/1676/865 856/1677/865 857/1678/865 858/1679/865 859/1680/865 860/1681/865 861/1682/865 862/1683/865 863/1684/865 864/1685/865 865/1686/865 866/1687/865
f 865/1655/866 867/1625/866 866/1688/866
f 866/1688/867 867/1625/867 835/1624/867
o Cone
v -0.738836 1.199869 0.803411
v -0.871473 1.080843 0.682682
v -0.969438 0.953584 0.539354
v -1.028967 0.822981 0.378934
v -1.047772 0.694053 0.207589
v -1.025130 0.571756 0.031902
v -0.961912 0.460788 -0.141375
v -0.860547 0.365415 -0.305583
v -0.724929 0.289301 -0.454411
v -0.560272 0.235372 -0.582141
v -0.372902 0.205699 -0.683863
v -0.170021 0.201424 -0.755669
v 0.040576 0.222711 -0.794798
v 0.250795 0.268741 -0.799748
v 0.452557 0.337745 -0.770328
v 0.638110 0.427073 -0.707668
v 0.800321 0.533290 -0.614178
v 0.932958 0.652315 -0.493448
v 1.030924 0.779575 -0.350120
v 1.090453 0.910178 -0.189700
v 1.109258 1.039105 -0.018355
v 1.086616 1.161403 0.157332
v 1.023398 1.272370 0.330609
v 0.922032 1.367743 0.494817
v 0.786415 1.443857 0.643645
v 0.621758 1.497787 0.771375
v 0.434388 1.527459 0.873097
v 0.231506 1.531734 0.944902
v 0.020910 1.510448 0.984032
v -0.189309 1.464418 0.988982
v -0.391072 1.395413 0.959562
v -0.576624 1.306086 0.896902
v -0.381234 2.611733 -1.173296
vn -0.7684 0.5783 0.2740
vn -0.8629 0.4774 0.1659
vn -0.9274 0.3718 0.0415
vn -0.9595 0.2655 -0.0945
vn -0.9579 0.1626 -0.2366
vn -0.9227 0.0670 -0.3796
vn -0.8553 -0.0175 -0.5178
vn -0.7582 -0.0878 -0.6460
vn -0.6352 -0.1410 -0.7593
vn -0.4910 -0.1753 -0.8533
vn -0.3312 -0.1892 -0.9244
vn -0.1618 -0.1822 -0.9699
vn 0.0106 -0.1546 -0.9879
vn 0.1794 -0.1075 -0.9779
vn 0.3380 -0.0427 -0.9402
vn 0.4805 0.0374 -0.8762
vn 0.6013 0.1297 -0.7884
vn 0.6957 0.2306 -0.6803
vn 0.7602 0.3362 -0.5559
vn 0.7923 0.4425 -0.4199
vn 0.7908 0.5455 -0.2778
vn 0.7556 0.6410 -0.1348
vn 0.6882 0.7255 0.0034
vn 0.5911 0.7958 0.1316
vn 0.4681 0.8491 0.2449
vn 0.3239 0.8833 0.3389
vn 0.1640 0.8972 0.4100
vn -0.0054 0.8902 0.4555
vn -0.1777 0.8627 0.4735
vn -0.3465 0.8155 0.4635
vn 0.1876 -0.7947 0.5773
vn -0.5052 0.7507 0.4258
vn -0.6476 0.6706 0.3618
vt 0.250000 0.490000
vt 0.250000 0.250000
vt 0.296822 0.485388
vt 0.341844 0.471731
vt 0.383337 0.449553
vt 0.419706 0.419706
vt 0.449553 0.383337
vt 0.471731 0.341844
vt 0.485388 0.296822
vt 0.490000 0.250000
vt 0.485388 0.203178
vt 0.471731 0.158156
vt 0.449553 0.116663
vt 0.419706 0.080294
vt 0.383337 0.050447
vt 0.341844 0.028269
vt 0.296822 0.014612
vt 0.250000 0.010000
vt 0.203178 0.014612
vt 0.158156 0.028269
vt 0.116663 0.050447
vt 0.080294 0.080294
vt 0.050447 0.116663
vt 0.028269 0.158156
vt 0.014612 0.203178
vt 0.010000 0.250000
vt 0.014612 0.296822
vt 0.028269 0.341844
vt 0.050447 0.383337
vt 0.080294 0.419706
vt 0.116663 0.449553
vt 0.158156 0.471731
vt 0.750000 0.490000
vt 0.796822 0.485388
vt 0.841844 0.471731
vt 0.883337 0.449553
vt 0.919706 0.419706
vt 0.949553 0.383337
vt 0.971731 0.341844
vt 0.985388 0.296822
vt 0.990000 0.250000
vt 0.985388 0.203178
vt 0.971731 0.158156
vt 0.949553 0.116663
vt 0.919706 0.080294
vt 0.883337 0.050447
vt 0.841844 0.028269
vt 0.796822 0.014612
vt 0.750000 0.010000
vt 0.703178 0.014612
vt 0.658156 0.028269
vt 0.616663 0.050447
vt 0.580294 0.080294
vt 0.550447 0.116663
vt 0.528269 0.158156
vt 0.514612 0.203178
vt 0.510000 0.250000
vt 0.514612 0.296822
vt 0.528269 0.341844
vt 0.550447 0.383337
vt 0.580294 0.419706
vt 0.616663 0.449553
vt 0.658156 0.471731
vt 0.703178 0.485388
vt 0.203178 0.485388
s 0
f 868/1689/868 900/1690/868 869/1691/868
f 869/1691/869 900/1690/869 870/1692/869
f 870/1692/870 900/1690/870 871/1693/870
f 871/1693/871 900/1690/871 872/1694/871
f 872/1694/872 900/1690/872 873/1695/872
f 873/1695/873 900/1690/873 874/1696/873
f 874/1696/874 900/1690/874 875/1697/874
f 875/1697/875 900/1690/875 876/1698/875
f 876/1698/876 900/1690/876 877/1699/876
f 877/1699/877 900/1690/877 878/1700/877
f 878/1700/878 900/1690/878 879/1701/878
f 879/1701/879 900/1690/879 880/1702/879
f 880/1702/880 900/1690/880 881/1703/880
f 881/1703/881 900/1690/881 882/1704/881
f 882/1704/882 900/1690/882 883/1705/882
f 883/1705/883 900/1690/883 884/1706/883
f 884/1706/884 900/1690/884 885/1707/884
f 885/1707/885 900/1690/885 886/1708/885
f 886/1708/886 900/1690/886 887/1709/886
f 887/1709/887 900/1690/887 888/1710/887
f 888/1710/888 900/1690/888 889/1711/888
f 889/1711/889 900/1690/889 890/1712/889
f 890/1712/890 900/1690/890 891/1713/890
f 891/1713/891 900/1690/891 892/1714/891
f 892/1714/892 900/1690/892 893/1715/892
f 893/1715/893 900/1690/893 894/1716/893
f 894/1716/894 900/1690/894 895/1717/894
f 895/1717/895 900/1690/895 896/1718/895
f 896/1718/896 900/1690/896 897/1719/896
f 897/1719/897 900/1690/897 898/1720/897
f 868/1721/898 869/1722/898 870/1723/898 871/1724/898 872/1725/898 873/1726/898 874/1727/898 875/1728/898 876/1729/898 877/1730/898 878/1731/898 879/1732/898 880/1733/898 881/1734/898 882/1735/898 883/1736/898 884/1737/898 885/1738/898 886/1739/898 887/1740/898 888/1741/898 889/1742/898 890/1743/898 891/1744/898 892/1745/898 893/1746/898 894/1747/898 895/1748/898 896/1749/898 897/1750/898 898/1751/898 899/1752/898
f 898/1720/899 900/1690/899 899/1753/899
f 899/1753/900 900/1690/900 868/1689/900
o Cone
v 0.265544 1.679428 0.670070
v 0.094790 1.636935 0.759860
v -0.079440 1.567578 0.821975
v -0.250450 1.474021 0.854028
v -0.411669 1.359860 0.854787
v -0.556901 1.229483 0.824223
v -0.680566 1.087899 0.763510
v -0.777909 0.940550 0.674982
v -0.845192 0.793098 0.562041
v -0.879827 0.651210 0.429026
v -0.880485 0.520337 0.281050
v -0.847139 0.405511 0.123800
v -0.781071 0.311143 -0.036682
v -0.684821 0.240860 -0.194229
v -0.562087 0.197362 -0.342786
v -0.417586 0.182322 -0.476644
v -0.256870 0.196318 -0.590658
v -0.086116 0.238811 -0.680449
v 0.088114 0.308168 -0.742564
v 0.259124 0.401725 -0.774617
v 0.420343 0.515886 -0.775376
v 0.565575 0.646263 -0.744812
v 0.689239 0.787847 -0.684099
v 0.786583 0.935196 -0.595571
v 0.853865 1.082648 -0.482629
v 0.888501 1.224537 -0.349615
v 0.889158 1.355409 -0.201639
v 0.855813 1.470235 -0.044388
v 0.789745 1.564603 0.116094
v 0.693495 1.634887 0.273641
v 0.570761 1.678384 0.422197
v 0.426259 1.693424 0.556055
v -0.945536 2.271482 -1.135538
vn -0.0530 0.9378 0.3431
vn -0.2070 0.8879 0.4109
vn -0.3611 0.8152 0.4529
vn -0.5094 0.7225 0.4675
vn -0.6462 0.6133 0.4542
vn -0.7662 0.4919 0.4135
vn -0.8648 0.3629 0.3469
vn -0.9383 0.2314 0.2569
vn -0.9838 0.1022 0.1472
vn -0.9996 -0.0196 0.0217
vn -0.9850 -0.1292 -0.1145
vn -0.9406 -0.2226 -0.2563
vn -0.8682 -0.2961 -0.3983
vn -0.7704 -0.3469 -0.5349
vn -0.6511 -0.3730 -0.6610
vn -0.5149 -0.3735 -0.7716
vn -0.3669 -0.3483 -0.8626
vn -0.2129 -0.2983 -0.9304
vn -0.0588 -0.2256 -0.9724
vn 0.0895 -0.1329 -0.9871
vn 0.2262 -0.0237 -0.9738
vn 0.3463 0.0976 -0.9330
vn 0.4449 0.2266 -0.8664
vn 0.5184 0.3582 -0.7765
vn 0.5639 0.4874 -0.6667
vn 0.5797 0.6091 -0.5413
vn 0.5651 0.7188 -0.4050
vn 0.5207 0.8122 -0.2632
vn 0.4482 0.8857 -0.1213
vn 0.3505 0.9364 0.0154
vn 0.4713 -0.6617 0.5831
vn 0.2312 0.9626 0.1414
vn 0.0950 0.9630 0.2521
vt 0.250000 0.490000
vt 0.250000 0.250000
vt 0.296822 0.485388
vt 0.341844 0.471731
vt 0.383337 0.449553
vt 0.419706 0.419706
vt 0.449553 0.383337
vt 0.471731 0.341844
vt 0.485388 0.296822
vt 0.490000 0.250000
vt 0.485388 0.203178
vt 0.471731 0.158156
vt 0.449553 0.116663
vt 0.419706 0.080294
vt 0.383337 0.050447
vt 0.341844 0.028269
vt 0.296822 0.014612
vt 0.250000 0.010000
vt 0.203178 0.014612
vt 0.158156 0.028269
vt 0.116663 0.050447
vt 0.080294 0.080294
vt 0.050447 0.116663
vt 0.028269 0.158156
vt 0.014612 0.203178
vt 0.010000 0.250000
vt 0.014612 0.296822
vt 0.028269 0.341844
vt 0.050447 0.383337
vt 0.080294 0.419706
vt 0.116663 0.449553
vt 0.158156 0.471731
vt 0.750000 0.490000
vt 0.796822 0.485388
vt 0.841844 0.471731
vt 0.883337 0.449553
vt 0.919706 0.419706
vt 0.949553 0.383337
vt 0.971731 0.341844
vt 0.985388 0.296822
vt 0.990000 0.250000
vt 0.985388 0.203178
vt 0.971731 0.158156
vt 0.949553 0.116663
vt 0.919706 0.080294
vt 0.883337 0.050447
vt 0.841844 0.028269
vt 0.796822 0.014612
vt 0.750000 0.010000
vt 0.703178 0.014612
vt 0.658156 0.028269
vt 0.616663 0.050447
vt 0.580294 0.080294
vt 0.550447 0.116663
vt 0.528269 0.158156
vt 0.514612 0.203178
vt 0.510000 0.250000
vt 0.514612 0.296822
vt 0.528269 0.341844
vt 0.550447 0.383337
vt 0.580294 0.419706
vt 0.616663 0.449553
vt 0.658156 0.471731
vt 0.703178 0.485388
vt 0.203178 0.485388
s 0
f 901/1754/901 933/1755/901 902/1756/901
f 902/1756/902 933/1755/902 903/1757/902
f 903/1757/903 933/1755/903 904/1758/903
f 904/1758/904 933/1755/904 905/1759/904
f 905/1759/905 933/1755/905 906/1760/905
f 906/1760/906 933/1755/906 907/1761/906
f 907/1761/907 933/1755/907 908/1762/907
f 908/1762/908 933/1755/908 909/1763/908
f 909/1763/909 933/1755/909 910/1764/909
f 910/1764/910 933/1755/910 911/1765/910
f 911/1765/911 933/1755/911 912/1766/911
f 912/1766/912 933/1755/912 913/1767/912
f 913/1767/913 933/1755/913 914/1768/913
f 914/1768/914 933/1755/914 915/1769/914
f 915/1769/915 933/1755/915 916/1770/915
f 916/1770/916 933/1755/916 917/1771/916
f 917/1771/917 933/1755/917 918/1772/917
f 918/1772/918 933/1755/918 919/1773/918
f 919/1773/919 933/1755/919 920/1774/919
f 920/1774/920 933/1755/920 921/1775/920
f 921/1775/921 933/1755/921 922/1776/921
f 922/1776/922 933/1755/922 923/1777/922
f 923/1777/923 933/1755/923 924/1778/923
f 924/1778/924 933/1755/924 925/1779/924
f 925/1779/925 933/1755/925 926/1780/925
f 926/1780/926 933/1755/926 927/1781/926
f 927/1781/927 933/1755/927 928/1782/927
f 928/1782/928 933/1755/928 929/1783/928
f 929/1783/929 933/1755/929 930/1784/929
f 930/1784/930 933/1755/930 931/1785/930
f 901/1786/931 902/1787/931 903/1788/931 904/1789/931 905/1790/931 906/1791/931 907/1792/931 908/1793/931 909/1794/931 910/1795/931 911/1796/931 912/1797/931 913/1798/931 914/1799/931 915/1800/931 916/1801/931 917/1802/931 918/1803/931 919/1804/931 920/1805/931 921/1806/931 922/1807/931 923/1808/931 924/1809/931 925/1810/931 926/1811/931 927/1812/931 928/1813/931 929/1814/931 930/1815/931 931/1816/931 932/1817/931
f 931/1785/932 933/1755/932 932/1818/932
f 932/1818/933 933/1755/933 901/1754/933
o Cone
v 1.001104 1.280306 0.000000
v 0.982834 1.273891 0.196594
v 0.928729 1.254893 0.385632
v 0.840866 1.224041 0.559851
v 0.722623 1.182522 0.712556
v 0.578542 1.131930 0.837877
v 0.414163 1.074210 0.930999
v 0.235800 1.011581 0.988343
v 0.050309 0.946449 1.007706
v -0.135182 0.881316 0.988343
v -0.313544 0.818687 0.930999
v -0.477924 0.760967 0.837877
v -0.622004 0.710376 0.712556
v -0.740247 0.668856 0.559852
v -0.828110 0.638004 0.385633
v -0.882216 0.619006 0.196594
v -0.900485 0.612591 0.000000
v -0.882216 0.619006 -0.196593
v -0.828110 0.638004 -0.385632
v -0.740248 0.668856 -0.559851
v -0.622004 0.710376 -0.712555
v -0.477924 0.760967 -0.837877
v -0.313544 0.818687 -0.930999
v -0.135182 0.881316 -0.988343
v 0.050309 0.946449 -1.007706
v 0.235800 1.011581 -0.988343
v 0.414162 1.074210 -0.930999
v 0.578542 1.131930 -0.837877
v 0.722622 1.182522 -0.712556
v 0.840866 1.224041 -0.559851
v 0.928729 1.254893 -0.385632
v 0.982834 1.273891 -0.196594
v -0.617406 2.848038 0.000000
vn 0.6931 0.7155 0.0878
vn 0.6608 0.7042 0.2599
vn 0.5974 0.6819 0.4220
vn 0.5054 0.6496 0.5680
vn 0.3883 0.6085 0.6921
vn 0.2506 0.5602 0.7896
vn 0.0976 0.5064 0.8567
vn -0.0648 0.4494 0.8910
vn -0.2304 0.3913 0.8910
vn -0.3928 0.3342 0.8567
vn -0.5458 0.2805 0.7896
vn -0.6835 0.2322 0.6921
vn -0.8006 0.1910 0.5680
vn -0.8926 0.1587 0.4220
vn -0.9559 0.1365 0.2599
vn -0.9883 0.1251 0.0878
vn -0.9883 0.1251 -0.0878
vn -0.9559 0.1365 -0.2599
vn -0.8926 0.1587 -0.4220
vn -0.8006 0.1910 -0.5680
vn -0.6835 0.2322 -0.6921
vn -0.5458 0.2805 -0.7896
vn -0.3928 0.3342 -0.8567
vn -0.2304 0.3913 -0.8910
vn -0.0648 0.4494 -0.8910
vn 0.0976 0.5064 -0.8567
vn 0.2506 0.5602 -0.7896
vn 0.3883 0.6085 -0.6921
vn 0.5054 0.6496 -0.5680
vn 0.5974 0.6819 -0.4220
vn 0.3313 -0.9435 -0.0000
vn 0.6608 0.7042 -0.2599
vn 0.6931 0.7155 -0.0878
vt 0.250000 0.490000
vt 0.250000 0.250000
vt 0.296822 0.485388
vt 0.341844 0.471731
vt 0.383337 0.449553
vt 0.419706 0.419706
vt 0.449553 0.383337
vt 0.471731 0.341844
vt 0.485388 0.296822
vt 0.490000 0.250000
vt 0.485388 0.203178
vt 0.471731 0.158156
vt 0.449553 0.116663
vt 0.419706 0.080294
vt 0.383337 0.050447
vt 0.341844 0.028269
vt 0.296822 0.014612
vt 0.250000 0.010000
vt 0.203178 0.014612
vt 0.158156 0.028269
vt 0.116663 0.050447
vt 0.080294 0.080294
vt 0.050447 0.116663
vt 0.028269 0.158156
vt 0.014612 0.203178
vt 0.010000 0.250000
vt 0.014612 0.296822
vt 0.028269 0.341844
vt 0.050447 0.383337
vt 0.080294 0.419706
vt 0.116663 0.449553
vt 0.158156 0.471731
vt 0.750000 0.490000
vt 0.796822 0.485388
vt 0.841844 0.471731
vt 0.883337 0.449553
vt 0.919706 0.419706
vt 0.949553 0.383337
vt 0.971731 0.341844
vt 0.985388 0.296822
vt 0.990000 0.250000
vt 0.985388 0.203178
vt 0.971731 0.158156
vt 0.949553 0.116663
vt 0.919706 0.080294
vt 0.883337 0.050447
vt 0.841844 0.028269
vt 0.796822 0.014612
vt 0.750000 0.010000
vt 0.703178 0.014612
vt 0.658156 0.028269
vt 0.616663 0.050447
vt 0.580294 0.080294
vt 0.550447 0.116663
vt 0.528269 0.158156
vt 0.514612 0.203178
vt 0.510000 0.250000
vt 0.514612 0.296822
vt 0.528269 0.341844
vt 0.550447 0.383337
vt 0.580294 0.419706
vt 0.616663 0.449553
vt 0.658156 0.471731
vt 0.703178 0.485388
vt 0.203178 0.485388
s 0
f 934/1819/934 966/1820/934 935/1821/934
f 935/1821/935 966/1820/935 936/1822/935
f 936/1822/936 966/1820/936 937/1823/936
f 937/1823/937 966/1820/937 938/1824/937
f 938/1824/938 966/1820/938 939/1825/938
f 939/1825/939 966/1820/939 940/1826/939
f 940/1826/940 966/1820/940 941/1827/940
f 941/1827/941 966/1820/941 942/1828/941
f 942/1828/942 966/1820/942 943/1829/942
f 943/1829/943 966/1820/943 944/1830/943
f 944/1830/944 966/1820/944 945/1831/944
f 945/1831/945 966/1820/945 946/1832/945
f 946/1832/946 966/1820/946 947/1833/946
f 947/1833/947 966/1820/947 948/1834/947
f 948/1834/948 966/1820/948 949/1835/948
f 949/1835/949 966/1820/949 950/1836/949
f 950/1836/950 966/1820/950 951/1837/950
f 951/1837/951 966/1820/951 952/1838/951
f 952/1838/952 966/1820/952 953/1839/952
f 953/1839/953 966/1820/953 954/1840/953
f 954/1840/954 966/1820/954 955/1841/954
f 955/1841/955 966/1820/955 956/1842/955
f 956/1842/956 966/1820/956 957/1843/956
f 957/1843/957 966/1820/957 958/1844/957
f 958/1844/958 966/1820/958 959/1845/958
f 959/1845/959 966/1820/959 960/1846/959
f 960/1846/960 966/1820/960 961/1847/960
f 961/1847/961 966/1820/961 962/1848/961
f 962/1848/962 966/1820/962 963/1849/962
f 963/1849/963 966/1820/963 964/1850/963
f 934/1851/964 935/1852/964 936/1853/964 937/1854/964 938/1855/964 939/1856/964 940/1857/964 941/1858/964 942/1859/964 943/1860/964 944/1861/964 945/1862/964 946/1863/964 947/1864/964 948/1865/964 949/1866/964 950/1867/964 951/1868/964 952/1869/964 953/1870/964 954/1871/964 955/1872/964 956/1873/964 957/1874/964 958/1875/964 959/1876/964 960/1877/964 961/1878/964 962/1879/964 963/1880/964 964/1881/964 965/1882/964
f 964/1850/965 966/1820/965 965/1883/965
f 965/1883/966 966/1820/966 934/1819/966
o Cone
v 0.535765 1.199871 0.950943
v 0.379958 1.080845 1.039779
v 0.213372 0.953586 1.088657
v 0.042410 0.822983 1.095698
v -0.126359 0.694055 1.060633
v -0.286449 0.571758 0.984808
v -0.431708 0.460791 0.871137
v -0.556553 0.365418 0.723989
v -0.656187 0.289304 0.549019
v -0.726781 0.235375 0.352950
v -0.765622 0.205703 0.143317
v -0.771218 0.201429 -0.071823
v -0.743353 0.222716 -0.284203
v -0.683098 0.268746 -0.485662
v -0.592769 0.337751 -0.668456
v -0.475837 0.427079 -0.825562
v -0.336796 0.533297 -0.950943
v -0.180988 0.652322 -1.039779
v -0.014403 0.779582 -1.088657
v 0.156560 0.910185 -1.095698
v 0.325329 1.039113 -1.060633
v 0.485419 1.161410 -0.984807
v 0.630677 1.272377 -0.871137
v 0.755523 1.367750 -0.723989
v 0.855157 1.443864 -0.549018
v 0.925751 1.497792 -0.352949
v 0.964592 1.527464 -0.143317
v 0.970188 1.531739 0.071824
v 0.942323 1.510452 0.284204
v 0.882068 1.464422 0.485662
v 0.791739 1.395417 0.668456
v 0.674807 1.306089 0.825563
v -1.233680 2.611727 0.000000
vn 0.0232 0.5783 0.8155
vn -0.1089 0.4774 0.8719
vn -0.2472 0.3718 0.8948
vn -0.3863 0.2655 0.8833
vn -0.5210 0.1626 0.8379
vn -0.6461 0.0670 0.7603
vn -0.7568 -0.0175 0.6534
vn -0.8487 -0.0878 0.5215
vn -0.9185 -0.1410 0.3695
vn -0.9633 -0.1753 0.2033
vn -0.9815 -0.1892 0.0293
vn -0.9724 -0.1822 -0.1458
vn -0.9363 -0.1546 -0.3154
vn -0.8746 -0.1075 -0.4728
vn -0.7897 -0.0427 -0.6120
vn -0.6848 0.0374 -0.7277
vn -0.5641 0.1297 -0.8155
vn -0.4320 0.2306 -0.8719
vn -0.2937 0.3362 -0.8948
vn -0.1545 0.4425 -0.8833
vn -0.0198 0.5455 -0.8379
vn 0.1053 0.6410 -0.7603
vn 0.2159 0.7255 -0.6534
vn 0.3079 0.7958 -0.5215
vn 0.3776 0.8491 -0.3695
vn 0.4224 0.8833 -0.2033
vn 0.4406 0.8972 -0.0293
vn 0.4315 0.8902 0.1458
vn 0.3954 0.8627 0.3154
vn 0.3337 0.8155 0.4728
vn 0.6071 -0.7947 -0.0000
vn 0.2488 0.7507 0.6120
vn 0.1440 0.6706 0.7277
vt 0.250000 0.490000
vt 0.250000 0.250000
vt 0.296822 0.485388
vt 0.341844 0.471731
vt 0.383337 0.449553
vt 0.419706 0.419706
vt 0.449553 0.383337
vt 0.471731 0.341844
vt 0.485388 0.296822
vt 0.490000 0.250000
vt 0.485388 0.203178
vt 0.471731 0.158156
vt 0.449553 0.116663
vt 0.419706 0.080294
vt 0.383337 0.050447
vt 0.341844 0.028269
vt 0.296822 0.014612
vt 0.250000 0.010000
vt 0.203178 0.014612
vt 0.158156 0.028269
vt 0.116663 0.050447
vt 0.080294 0.080294
vt 0.050447 0.116663
vt 0.028269 0.158156
vt 0.014612 0.203178
vt 0.010000 0.250000
vt 0.014612 0.296822
vt 0.028269 0.341844
vt 0.050447 0.383337
vt 0.080294 0.419706
vt 0.116663 0.449553
vt 0.158156 0.471731
vt 0.750000 0.490000
vt 0.796822 0.485388
vt 0.841844 0.471731
vt 0.883337 0.449553
vt 0.919706 0.419706
vt 0.949553 0.383337
vt 0.971731 0.341844
vt 0.985388 0.296822
vt 0.990000 0.250000
vt 0.985388 0.203178
vt 0.971731 0.158156
vt 0.949553 0.116663
vt 0.919706 0.080294
vt 0.883337 0.050447
vt 0.841844 0.028269
vt 0.796822 0.014612
vt 0.750000 0.010000
vt 0.703178 0.014612
vt 0.658156 0.028269
vt 0.616663 0.050447
vt 0.580294 0.080294
vt 0.550447 0.116663
vt 0.528269 0.158156
vt 0.514612 0.203178
vt 0.510000 0.250000
vt 0.514612 0.296822
vt 0.528269 0.341844
vt 0.550447 0.383337
vt 0.580294 0.419706
vt 0.616663 0.449553
vt 0.658156 0.471731
vt 0.703178 0.485388
vt 0.203178 0.485388
s 0
f 967/1884/967 999/1885/967 968/1886/967
f 968/1886/968 999/1885/968 969/1887/968
f 969/1887/969 999/1885/969 970/1888/969
f 970/1888/970 999/1885/970 971/1889/970
f 971/1889/971 999/1885/971 972/1890/971
f 972/1890/972 999/1885/972 973/1891/972
f 973/1891/973 999/1885/973 974/1892/973
f 974/1892/974 999/1885/974 975/1893/974
f 975/1893/975 999/1885/975 976/1894/975
f 976/1894/976 999/1885/976 977/1895/976
f 977/1895/977 999/1885/977 978/1896/977
f 978/1896/978 999/1885/978 979/1897/978
f 979/1897/979 999/1885/979 980/1898/979
f 980/1898/980 999/1885/980 981/1899/980
f 981/1899/981 999/1885/981 982/1900/981
f 982/1900/982 999/1885/982 983/1901/982
f 983/1901/983 999/1885/983 984/1902/983
f 984/1902/984 999/1885/984 985/1903/984
f 985/1903/985 999/1885/985 986/1904/985
f 986/1904/986 999/1885/986 987/1905/986
f 987/1905/987 999/1885/987 988/1906/987
f 988/1906/988 999/1885/988 989/1907/988
f 989/1907/989 999/1885/989 990/1908/989
f 990/1908/990 999/1885/990 991/1909/990
f 991/1909/991 999/1885/991 992/1910/991
f 992/1910/992 999/1885/992 993/1911/992
f 993/1911/993 999/1885/993 994/1912/993
f 994/1912/994 999/1885/994 995/1913/994
f 995/1913/995 999/1885/995 996/1914/995
f 996/1914/996 999/1885/996 997/1915/996
f 967/1916/997 968/1917/997 969/1918/997 970/1919/997 971/1920/997 972/1921/997 973/1922/997 974/1923/997 975/1924/997 976/1925/997 977/1926/997 978/1927/997 979/1928/997 980/1929/997 981/1930/997 982/1931/997 983/1932/997 984/1933/997 985/1934/997 986/1935/997 987/1936/997 988/1937/997 989/1938/997 990/1939/997 991/1940/997 992/1941/997 993/1942/997 994/1943/997 995/1944/997 996/1945/997 997/1946/997 998/1947/997
f 997/1915/998 999/1885/998 998/1948/998
f 998/1948/999 999/1885/999 967/1884/999
o Cone
v 0.719326 1.679427 -0.045479
v 0.751954 1.636935 0.144664
v 0.757188 1.567578 0.329561
v 0.734826 1.474022 0.502105
v 0.685727 1.359862 0.655668
v 0.611779 1.229485 0.784346
v 0.515823 1.087902 0.883196
v 0.401547 0.940553 0.948417
v 0.273342 0.793102 0.977505
v 0.136136 0.651214 0.969341
v -0.004800 0.520342 0.924239
v -0.144049 0.405516 0.843932
v -0.276259 0.311148 0.731506
v -0.396351 0.240864 0.591281
v -0.499708 0.197367 0.428648
v -0.582359 0.182327 0.249854
v -0.641129 0.196321 0.061772
v -0.673757 0.238814 -0.128371
v -0.678991 0.308171 -0.313268
v -0.656628 0.401727 -0.485812
v -0.607530 0.515887 -0.639375
v -0.533582 0.646264 -0.768053
v -0.437626 0.787847 -0.866903
v -0.323350 0.935196 -0.932124
v -0.195145 1.082647 -0.961212
v -0.057938 1.224535 -0.953048
v 0.082998 1.355407 -0.907946
v 0.222246 1.470233 -0.827639
v 0.354457 1.564601 -0.715213
v 0.474548 1.634885 -0.574988
v 0.577906 1.678382 -0.412355
v 0.660557 1.693422 -0.233561
v -1.372151 2.271480 0.548345
vn 0.3099 0.9378 0.1564
vn 0.3268 0.8879 0.3238
vn 0.3191 0.8152 0.4834
vn 0.2872 0.7225 0.6289
vn 0.2323 0.6133 0.7549
vn 0.1565 0.4919 0.8565
vn 0.0626 0.3629 0.9297
vn -0.0456 0.2314 0.9718
vn -0.1641 0.1022 0.9811
vn -0.2882 -0.0195 0.9574
vn -0.4133 -0.1292 0.9014
vn -0.5345 -0.2226 0.8154
vn -0.6471 -0.2961 0.7026
vn -0.7468 -0.3469 0.5674
vn -0.8298 -0.3730 0.4150
vn -0.8930 -0.3735 0.2512
vn -0.9338 -0.3483 0.0824
vn -0.9507 -0.2983 -0.0850
vn -0.9430 -0.2256 -0.2446
vn -0.9111 -0.1329 -0.3901
vn -0.8562 -0.0237 -0.5161
vn -0.7804 0.0976 -0.6177
vn -0.6865 0.2266 -0.6909
vn -0.5783 0.3582 -0.7330
vn -0.4598 0.4874 -0.7423
vn -0.3357 0.6091 -0.7186
vn -0.2106 0.7188 -0.6626
vn -0.0894 0.8122 -0.5765
vn 0.0232 0.8857 -0.4638
vn 0.1229 0.9364 -0.3286
vn 0.7002 -0.6617 -0.2680
vn 0.2060 0.9626 -0.1762
vn 0.2691 0.9630 -0.0124
vt 0.250000 0.490000
vt 0.250000 0.250000
vt 0.296822 0.485388
vt 0.341844 0.471731
vt 0.383337 0.449553
vt 0.419706 0.419706
vt 0.449553 0.383337
vt 0.471731 0.341844
vt 0.485388 0.296822
vt 0.490000 0.250000
vt 0.485388 0.203178
vt 0.471731 0.158156
vt 0.449553 0.116663
vt 0.419706 0.080294
vt 0.383337 0.050447
vt 0.341844 0.028269
vt 0.296822 0.014612
vt 0.250000 0.010000
vt 0.203178 0.014612
vt 0.158156 0.028269
vt 0.116663 0.050447
vt 0.080294 0.080294
vt 0.050447 0.116663
vt 0.028269 0.158156
vt 0.014612 0.203178
vt 0.010000 0.250000
vt 0.014612 0.296822
vt 0.028269 0.341844
vt 0.050447 0.383337
vt 0.080294 0.419706
vt 0.116663 0.449553
vt 0.158156 0.471731
vt 0.750000 0.490000
vt 0.796822 0.485388
vt 0.841844 0.471731
vt 0.883337 0.449553
vt 0.919706 0.419706
vt 0.949553 0.383337
vt 0.971731 0.341844
vt 0.985388 0.296822
vt 0.990000 0.250000
vt 0.985388 0.203178
vt 0.971731 0.158156
vt 0.949553 0.116663
vt 0.919706 0.080294
vt 0.883337 0.050447
vt 0.841844 0.028269
vt 0.796822 0.014612
vt 0.750000 0.010000
vt 0.703178 0.014612
vt 0.658156 0.028269
vt 0.616663 0.050447
vt 0.580294 0.080294
vt 0.550447 0.116663
vt 0.528269 0.158156
vt 0.514612 0.203178
vt 0.510000 0.250000
vt 0.514612 0.296822
vt 0.528269 0.341844
vt 0.550447 0.383337
vt 0.580294 0.419706
vt 0.616663 0.449553
vt 0.658156 0.471731
vt 0.703178 0.485388
vt 0.203178 0.485388
s 0
f 1000/1949/1000 1032/1950/1000 1001/1951/1000
f 1001/1951/1001 1032/1950/1001 1002/1952/1001
f 1002/1952/1002 1032/1950/1002 1003/1953/1002
f 1003/1953/1003 1032/1950/1003 1004/1954/1003
f 1004/1954/1004 1032/1950/1004 1005/1955/1004
f 1005/1955/1005 1032/1950/1005 1006/1956/1005
f 1006/1956/1006 1032/1950/1006 1007/1957/1006
f 1007/1957/1007 1032/1950/1007 1008/1958/1007
f 1008/1958/1008 1032/1950/1008 1009/1959/1008
f 1009/1959/1009 1032/1950/1009 1010/1960/1009
f 1010/1960/1010 1032/1950/1010 1011/1961/1010
f 1011/1961/1011 1032/1950/1011 1012/1962/1011
f 1012/1962/1012 1032/1950/1012 1013/1963/1012
f 1013/1963/1013 1032/1950/1013 1014/1964/1013
f 1014/1964/1014 1032/1950/1014 1015/1965/1014
f 1015/1965/1015 1032/1950/1015 1016/1966/1015
f 1016/1966/1016 1032/1950/1016 1017/1967/1016
f 1017/1967/1017 1032/1950/1017 1018/1968/1017
f 1018/1968/1018 1032/1950/1018 1019/1969/1018
f 1019/1969/1019 1032/1950/1019 1020/1970/1019
f 1020/1970/1020 1032/1950/1020 1021/1971/1020
f 1021/1971/1021 1032/1950/1021 1022/1972/1021
f 1022/1972/1022 1032/1950/1022 1023/1973/1022
f 1023/1973/1023 1032/1950/1023 1024/1974/1023
f 1024/1974/1024 1032/1950/1024 1025/1975/1024
f 1025/1975/1025 1032/1950/1025 1026/1976/1025
f 1026/1976/1026 1032/1950/1026 1027/1977/1026
f 1027/1977/1027 1032/1950/1027 1028/1978/1027
f 1028/1978/1028 1032/1950/1028 1029/1979/1028
f 1029/1979/1029 1032/1950/1029 1030/1980/1029
f 1000/1981/1030 1001/1982/1030 1002/1983/1030 1003/1984/1030 1004/1985/1030 1005/1986/1030 1006/1987/1030 1007/1988/1030 1008/1989/1030 1009/1990/1030 1010/1991/1030 1011/1992/1030 1012/1993/1030 1013/1994/1030 1014/1995/1030 1015/1996/1030 1016/1997/1030 1017/1998/1030 1018/1999/1030 1019/2000/1030 1020/2001/1030 1021/2002/1030 1022/2003/1030 1023/2004/1030 1024/2005/1030 1025/2006/1030 1026/2007/1030 1027/2008/1030 1028/2009/1030 1029/2010/1030 1030/2011/1030 1031/2012/1030
f 1030/1980/1031 1032/1950/1031 1031/2013/1031
f 1031/2013/1032 1032/1950/1032 1000/1949/1032
o Cone
v 0.309364 1.280307 -0.952109
v 0.490690 1.273892 -0.873982
v 0.653757 1.254893 -0.764107
v 0.792297 1.224041 -0.626707
v 0.900988 1.182522 -0.467062
v 0.975652 1.131930 -0.291307
v 1.013419 1.074210 -0.106195
v 1.012839 1.011580 0.081158
v 0.973933 0.946448 0.263554
v 0.898197 0.881315 0.433983
v 0.788542 0.818685 0.585895
v 0.649180 0.760965 0.713452
v 0.485469 0.710373 0.811754
v 0.303699 0.668854 0.877021
v 0.110855 0.638002 0.906746
v -0.085651 0.619003 0.899786
v -0.278269 0.612588 0.856410
v -0.459595 0.619003 0.778283
v -0.622662 0.638001 0.668408
v -0.761202 0.668853 0.531008
v -0.869893 0.710373 0.371363
v -0.944556 0.760965 0.195608
v -0.982324 0.818685 0.010496
v -0.981744 0.881315 -0.176857
v -0.942838 0.946447 -0.359253
v -0.867102 1.011580 -0.529682
v -0.757447 1.074210 -0.681594
v -0.618085 1.131930 -0.809151
v -0.454374 1.182521 -0.907453
v -0.272604 1.224041 -0.972720
v -0.079760 1.254893 -1.002445
v 0.116747 1.273892 -0.995485
v -0.190792 2.848039 0.587188
vn 0.2976 0.7155 -0.6320
vn 0.4514 0.7042 -0.5481
vn 0.5860 0.6819 -0.4377
vn 0.6963 0.6496 -0.3051
vn 0.7782 0.6085 -0.1554
vn 0.8284 0.5602 0.0057
vn 0.8450 0.5064 0.1719
vn 0.8273 0.4494 0.3370
vn 0.7762 0.3913 0.4944
vn 0.6934 0.3342 0.6383
vn 0.5823 0.2805 0.7631
vn 0.4470 0.2322 0.8639
vn 0.2928 0.1910 0.9369
vn 0.1256 0.1587 0.9793
vn -0.0482 0.1365 0.9895
vn -0.2219 0.1251 0.9670
vn -0.3888 0.1251 0.9128
vn -0.5426 0.1365 0.8288
vn -0.6772 0.1587 0.7185
vn -0.7876 0.1910 0.5859
vn -0.8694 0.2322 0.4362
vn -0.9196 0.2805 0.2751
vn -0.9362 0.3342 0.1088
vn -0.9186 0.3913 -0.0562
vn -0.8674 0.4494 -0.2137
vn -0.7846 0.5064 -0.3576
vn -0.6735 0.5602 -0.4823
vn -0.5382 0.6085 -0.5832
vn -0.3840 0.6496 -0.6562
vn -0.2168 0.6819 -0.6986
vn 0.1024 -0.9435 -0.3151
vn -0.0430 0.7042 -0.7087
vn 0.1307 0.7155 -0.6863
vt 0.250000 0.490000
vt 0.250000 0.250000
vt 0.296822 0.485388
vt 0.341844 0.471731
vt 0.383337 0.449553
vt 0.419706 0.419706
vt 0.449553 0.383337
vt 0.471731 0.341844
vt 0.485388 0.296822
vt 0.490000 0.250000
vt 0.485388 0.203178
vt 0.471731 0.158156
vt 0.449553 0.116663
vt 0.419706 0.080294
vt 0.383337 0.050447
vt 0.341844 0.028269
vt 0.296822 0.014612
vt 0.250000 0.010000
vt 0.203178 0.014612
vt 0.158156 0.028269
vt 0.116663 0.050447
vt 0.080294 0.080294
vt 0.050447 0.116663
vt 0.028269 0.158156
vt 0.014612 0.203178
vt 0.010000 0.250000
vt 0.014612 0.296822
vt 0.028269 0.341844
vt 0.050447 0.383337
vt 0.080294 0.419706
vt 0.116663 0.449553
vt 0.158156 0.471731
vt 0.750000 0.490000
vt 0.796822 0.485388
vt 0.841844 0.471731
vt 0.883337 0.449553
vt 0.919706 0.419706
vt 0.949553 0.383337
vt 0.971731 0.341844
vt 0.985388 0.296822
vt 0.990000 0.250000
vt 0.985388 0.203178
vt 0.971731 0.158156
vt 0.949553 0.116663
vt 0.919706 0.080294
vt 0.883337 0.050447
vt 0.841844 0.028269
vt 0.796822 0.014612
vt 0.750000 0.010000
vt 0.703178 0.014612
vt 0.658156 0.028269
vt 0.616663 0.050447
vt 0.580294 0.080294
vt 0.550447 0.116663
vt 0.528269 0.158156
vt 0.514612 0.203178
vt 0.510000 0.250000
vt 0.514612 0.296822
vt 0.528269 0.341844
vt 0.550447 0.383337
vt 0.580294 0.419706
vt 0.616663 0.449553
vt 0.658156 0.471731
vt 0.703178 0.485388
vt 0.203178 0.485388
s 0
f 1033/2014/1033 1065/2015/1033 1034/2016/1033
f 1034/2016/1034 1065/2015/1034 1035/2017/1034
f 1035/2017/1035 1065/2015/1035 1036/2018/1035
f 1036/2018/1036 1065/2015/1036 1037/2019/1036
f 1037/2019/1037 1065/2015/1037 1038/2020/1037
f 1038/2020/1038 1065/2015/1038 1039/2021/1038
f 1039/2021/1039 1065/2015/1039 1040/2022/1039
f 1040/2022/1040 1065/2015/1040 1041/2023/1040
f 1041/2023/1041 1065/2015/1041 1042/2024/1041
f 1042/2024/1042 1065/2015/1042 1043/2025/1042
f 1043/2025/1043 1065/2015/1043 1044/2026/1043
f 1044/2026/1044 1065/2015/1044 1045/2027/1044
f 1045/2027/1045 1065/2015/1045 1046/2028/1045
f 1046/2028/1046 1065/2015/1046 1047/2029/1046
f 1047/2029/1047 1065/2015/1047 1048/2030/1047
f 1048/2030/1048 1065/2015/1048 1049/2031/1048
f 1049/2031/1049 1065/2015/1049 1050/2032/1049
f 1050/2032/1050 1065/2015/1050 1051/2033/1050
f 1051/2033/1051 1065/2015/1051 1052/2034/1051
f 1052/2034/1052 1065/2015/1052 1053/2035/1052
f 1053/2035/1053 1065/2015/1053 1054/2036/1053
f 1054/2036/1054 1065/2015/1054 1055/2037/1054
f 1055/2037/1055 1065/2015/1055 1056/2038/1055
f 1056/2038/1056 1065/2015/1056 1057/2039/1056
f 1057/2039/1057 1065/2015/1057 1058/2040/1057
f 1058/2040/1058 1065/2015/1058 1059/2041/1058
f 1059/2041/1059 1065/2015/1059 1060/2042/1059
f 1060/2042/1060 1065/2015/1060 1061/2043/1060
f 1061/2043/1061 1065/2015/1061 1062/2044/1061
f 1062/2044/1062 1065/2015/1062 1063/2045/1062
f 1033/2046/1063 1034/2047/1063 1035/2048/1063 1036/2049/1063 1037/2050/1063 1038/2051/1063 1039/2052/1063 1040/2053/1063 1041/2054/1063 1042/2055/1063 1043/2056/1063 1044/2057/1063 1045/2058/1063 1046/2059/1063 1047/2060/1063 1048/2061/1063 1049/2062/1063 1050/2063/1063 1051/2064/1063 1052/2065/1063 1053/2066/1063 1054/2067/1063 1055/2068/1063 1056/2069/1063 1057/2070/1063 1058/2071/1063 1059/2072/1063 1060/2073/1063 1061/2074/1063 1062/2075/1063 1063/2076/1063 1064/2077/1063
f 1063/2045/1064 1065/2015/1064 1064/2078/1064
f 1064/2078/1065 1065/2015/1065 1033/2014/1065
o Cone
v 1.069965 1.199868 -0.215686
v 1.106306 1.080842 -0.040051
v 1.101313 0.953583 0.133486
v 1.055180 0.822980 0.298258
v 0.969677 0.694053 0.447932
v 0.848092 0.571755 0.576756
v 0.695097 0.460788 0.679780
v 0.516570 0.365415 0.753043
v 0.319374 0.289301 0.793732
v 0.111086 0.235372 0.800282
v -0.100290 0.205700 0.772442
v -0.306630 0.201425 0.711281
v -0.500005 0.222711 0.619150
v -0.672984 0.268741 0.499589
v -0.818919 0.337746 0.357193
v -0.932202 0.427073 0.197435
v -1.008479 0.533290 0.026453
v -1.044820 0.652316 -0.149182
v -1.039828 0.779575 -0.322720
v -0.993694 0.910178 -0.487491
v -0.908191 1.039106 -0.637165
v -0.786606 1.161403 -0.765989
v -0.633611 1.272371 -0.869013
v -0.455085 1.367744 -0.942277
v -0.257888 1.443857 -0.982965
v -0.049600 1.497787 -0.989515
v 0.161775 1.527459 -0.961675
v 0.368116 1.531734 -0.900514
v 0.561491 1.510447 -0.808383
v 0.734470 1.464417 -0.688822
v 0.880404 1.395413 -0.546426
v 0.993687 1.306085 -0.386668
v -0.381234 2.611733 1.173296
vn 0.7827 0.5783 0.2300
vn 0.7956 0.4774 0.3730
vn 0.7746 0.3718 0.5116
vn 0.7207 0.2655 0.6404
vn 0.6359 0.1626 0.7545
vn 0.5234 0.0670 0.8494
vn 0.3876 -0.0175 0.9217
vn 0.2337 -0.0878 0.9683
vn 0.0676 -0.1410 0.9877
vn -0.1043 -0.1753 0.9790
vn -0.2754 -0.1892 0.9425
vn -0.4392 -0.1822 0.8797
vn -0.5893 -0.1546 0.7930
vn -0.7199 -0.1075 0.6857
vn -0.8261 -0.0427 0.5619
vn -0.9037 0.0374 0.4264
vn -0.9499 0.1297 0.2844
vn -0.9627 0.2306 0.1414
vn -0.9418 0.3362 0.0028
vn -0.8879 0.4425 -0.1260
vn -0.8030 0.5455 -0.2401
vn -0.6905 0.6410 -0.3350
vn -0.5547 0.7255 -0.4073
vn -0.4008 0.7958 -0.4539
vn -0.2347 0.8491 -0.4733
vn -0.0628 0.8833 -0.4646
vn 0.1083 0.8972 -0.4281
vn 0.2720 0.8902 -0.3653
vn 0.4221 0.8627 -0.2786
vn 0.5528 0.8155 -0.1713
vn 0.1876 -0.7947 -0.5773
vn 0.6590 0.7507 -0.0475
vn 0.7366 0.6706 0.0880
vt 0.250000 0.490000
vt 0.250000 0.250000
vt 0.296822 0.485388
vt 0.341844 0.471731
vt 0.383337 0.449553
vt 0.419706 0.419706
vt 0.449553 0.383337
vt 0.471731 0.341844
vt 0.485388 0.296822
vt 0.490000 0.250000
vt 0.485388 0.203178
vt 0.471731 0.158156
vt 0.449553 0.116663
vt 0.419706 0.080294
vt 0.383337 0.050447
vt 0.341844 0.028269
vt 0.296822 0.014612
vt 0.250000 0.010000
vt 0.203178 0.014612
vt 0.158156 0.028269
vt 0.116663 0.050447
vt 0.080294 0.080294
vt 0.050447 0.116663
vt 0.028269 0.158156
vt 0.014612 0.203178
vt 0.010000 0.250000
vt 0.014612 0.296822
vt 0.028269 0.341844
vt 0.050447 0.383337
vt 0.080294 0.419706
vt 0.116663 0.449553
vt 0.158156 0.471731
vt 0.750000 0.490000
vt 0.796822 0.485388
vt 0.841844 0.471731
vt 0.883337 0.449553
vt 0.919706 0.419706
vt 0.949553 0.383337
vt 0.971731 0.341844
vt 0.985388 0.296822
vt 0.990000 0.250000
vt 0.985388 0.203178
vt 0.971731 0.158156
vt 0.949553 0.116663
vt 0.919706 0.080294
vt 0.883337 0.050447
vt 0.841844 0.028269
vt 0.796822 0.014612
vt 0.750000 0.010000
vt 0.703178 0.014612
vt 0.658156 0.028269
vt 0.616663 0.050447
vt 0.580294 0.080294
vt 0.550447 0.116663
vt 0.528269 0.158156
vt 0.514612 0.203178
vt 0.510000 0.250000
vt 0.514612 0.296822
vt 0.528269 0.341844
vt 0.550447 0.383337
vt 0.580294 0.419706
vt 0.616663 0.449553
vt 0.658156 0.471731
vt 0.703178 0.485388
vt 0.203178 0.485388
s 0
f 1066/2079/1066 1098/2080/1066 1067/2081/1066
f 1067/2081/1067 1098/2080/1067 1068/2082/1067
f 1068/2082/1068 1098/2080/1068 1069/2083/1068
f 1069/2083/1069 1098/2080/1069 1070/2084/1069
f 1070/2084/1070 1098/2080/1070 1071/2085/1070
f 1071/2085/1071 1098/2080/1071 1072/2086/1071
f 1072/2086/1072 1098/2080/1072 1073/2087/1072
f 1073/2087/1073 1098/2080/1073 1074/2088/1073
f 1074/2088/1074 1098/2080/1074 1075/2089/1074
f 1075/2089/1075 1098/2080/1075 1076/2090/1075
f 1076/2090/1076 1098/2080/1076 1077/2091/1076
f 1077/2091/1077 1098/2080/1077 1078/2092/1077
f 1078/2092/1078 1098/2080/1078 1079/2093/1078
f 1079/2093/1079 1098/2080/1079 1080/2094/1079
f 1080/2094/1080 1098/2080/1080 1081/2095/1080
f 1081/2095/1081 1098/2080/1081 1082/2096/1081
f 1082/2096/1082 1098/2080/1082 1083/2097/1082
f 1083/2097/1083 1098/2080/1083 1084/2098/1083
f 1084/2098/1084 1098/2080/1084 1085/2099/1084
f 1085/2099/1085 1098/2080/1085 1086/2100/1085
f 1086/2100/1086 1098/2080/1086 1087/2101/1086
f 1087/2101/1087 1098/2080/1087 1088/2102/1087
f 1088/2102/1088 1098/2080/1088 1089/2103/1088
f 1089/2103/1089 1098/2080/1089 1090/2104/1089
f 1090/2104/1090 1098/2080/1090 1091/2105/1090
f 1091/2105/1091 1098/2080/1091 1092/2106/1091
f 1092/2106/1092 1098/2080/1092 1093/2107/1092
f 1093/2107/1093 1098/2080/1093 1094/2108/1093
f 1094/2108/1094 1098/2080/1094 1095/2109/1094
f 1095/2109/1095 1098/2080/1095 1096/2110/1095
f 1066/2111/1096 1067/2112/1096 1068/2113/1096 1069/2114/1096 1070/2115/1096 1071/2116/1096 1072/2117/1096 1073/2118/1096 1074/2119/1096 1075/2120/1096 1076/2121/1096 1077/2122/1096 1078/2123/1096 1079/2124/1096 1080/2125/1096 1081/2126/1096 1082/2127/1096 1083/2128/1096 1084/2129/1096 1085/2130/1096 1086/2131/1096 1087/2132/1096 1088/2133/1096 1089/2134/1096 1090/2135/1096 1091/2136/1096 1092/2137/1096 1093/2138/1096 1094/2139/1096 1095/2140/1096 1096/2141/1096 1097/2142/1096
f 1096/2110/1097 1098/2080/1097 1097/2143/1097
f 1097/2143/1098 1098/2080/1098 1066/2079/1098
o Cone
v 0.179035 1.679429 -0.698180
v 0.369955 1.636936 -0.670453
v 0.547420 1.567578 -0.618293
v 0.704610 1.474022 -0.543706
v 0.835484 1.359861 -0.449556
v 0.935013 1.229484 -0.339463
v 0.999372 1.087900 -0.217656
v 1.026088 0.940551 -0.088818
v 1.014134 0.793099 0.042101
v 0.963970 0.651210 0.170070
v 0.877522 0.520338 0.290170
v 0.758114 0.405511 0.397788
v 0.610335 0.311143 0.488786
v 0.439862 0.240859 0.559667
v 0.253248 0.197362 0.607709
v 0.057664 0.182322 0.631064
v -0.139374 0.196317 0.628836
v -0.330294 0.238810 0.601109
v -0.507759 0.308167 0.548949
v -0.664949 0.401724 0.474362
v -0.795823 0.515885 0.380212
v -0.895352 0.646262 0.270119
v -0.959711 0.787846 0.148312
v -0.986427 0.935195 0.019474
v -0.974473 1.082647 -0.111445
v -0.924308 1.224536 -0.239414
v -0.837861 1.355408 -0.359514
v -0.718453 1.470235 -0.467131
v -0.570674 1.564603 -0.558129
v -0.400201 1.634886 -0.629011
v -0.213587 1.678384 -0.677053
v -0.018003 1.693424 -0.700408
v 0.097486 2.271483 1.474443
vn 0.2445 0.9378 -0.2464
vn 0.4089 0.8879 -0.2107
vn 0.5583 0.8152 -0.1542
vn 0.6869 0.7225 -0.0788
vn 0.7897 0.6133 0.0123
vn 0.8629 0.4919 0.1158
vn 0.9036 0.3629 0.2277
vn 0.9101 0.2314 0.3437
vn 0.8824 0.1022 0.4592
vn 0.8214 -0.0196 0.5700
vn 0.7296 -0.1292 0.6716
vn 0.6103 -0.2226 0.7603
vn 0.4682 -0.2961 0.8325
vn 0.3088 -0.3469 0.8856
vn 0.1382 -0.3730 0.9175
vn -0.0370 -0.3735 0.9269
vn -0.2102 -0.3483 0.9135
vn -0.3746 -0.2983 0.8779
vn -0.5240 -0.2256 0.8213
vn -0.6526 -0.1329 0.7460
vn -0.7554 -0.0237 0.6548
vn -0.8286 0.0976 0.5513
vn -0.8692 0.2266 0.4394
vn -0.8758 0.3582 0.3235
vn -0.8481 0.4874 0.2079
vn -0.7871 0.6091 0.0972
vn -0.6952 0.7188 -0.0045
vn -0.5760 0.8122 -0.0931
vn -0.4339 0.8857 -0.1654
vn -0.2745 0.9364 -0.2185
vn -0.0385 -0.6617 -0.7488
vn -0.1039 0.9626 -0.2503
vn 0.0713 0.9630 -0.2598
vt 0.250000 0.490000
vt 0.250000 0.250000
vt 0.296822 0.485388
vt 0.341844 0.471731
vt 0.383337 0.449553
vt 0.419706 0.419706
vt 0.449553 0.383337
vt 0.471731 0.341844
vt 0.485388 0.296822
vt 0.490000 0.250000
vt 0.485388 0.203178
vt 0.471731 0.158156
vt 0.449553 0.116663
vt 0.419706 0.080294
vt 0.383337 0.050447
vt 0.341844 0.028269
vt 0.296822 0.014612
vt 0.250000 0.010000
vt 0.203178 0.014612
vt 0.158156 0.028269
vt 0.116663 0.050447
vt 0.080294 0.080294
vt 0.050447 0.116663
vt 0.028269 0.158156
vt 0.014612 0.203178
vt 0.010000 0.250000
vt 0.014612 0.296822
vt 0.028269 0.341844
vt 0.050447 0.383337
vt 0.080294 0.419706
vt 0.116663 0.449553
vt 0.158156 0.471731
vt 0.750000 0.490000
vt 0.796822 0.485388
vt 0.841844 0.471731
vt 0.883337 0.449553
vt 0.919706 0.419706
vt 0.949553 0.383337
vt 0.971731 0.341844
vt 0.985388 0.296822
vt 0.990000 0.250000
vt 0.985388 0.203178
vt 0.971731 0.158156
vt 0.949553 0.116663
vt 0.919706 0.080294
vt 0.883337 0.050447
vt 0.841844 0.028269
vt 0.796822 0.014612
vt 0.750000 0.010000
vt 0.703178 0.014612
vt 0.658156 0.028269
vt 0.616663 0.050447
vt 0.580294 0.080294
vt 0.550447 0.116663
vt 0.528269 0.158156
vt 0.514612 0.203178
vt 0.510000 0.250000
vt 0.514612 0.296822
vt 0.528269 0.341844
vt 0.550447 0.383337
vt 0.580294 0.419706
vt 0.616663 0.449553
vt 0.658156 0.471731
vt 0.703178 0.485388
vt 0.203178 0.485388
s 0
f 1099/2144/1099 1131/2145/1099 1100/2146/1099
f 1100/2146/1100 1131/2145/1100 1101/2147/1100
f 1101/2147/1101 1131/2145/1101 1102/2148/1101
f 1102/2148/1102 1131/2145/1102 1103/2149/1102
f 1103/2149/1103 1131/2145/1103 1104/2150/1103
f 1104/2150/1104 1131/2145/1104 1105/2151/1104
f 1105/2151/1105 1131/2145/1105 1106/2152/1105
f 1106/2152/1106 1131/2145/1106 1107/2153/1106
f 1107/2153/1107 1131/2145/1107 1108/2154/1107
f 1108/2154/1108 1131/2145/1108 1109/2155/1108
f 1109/2155/1109 1131/2145/1109 1110/2156/1109
f 1110/2156/1110 1131/2145/1110 1111/2157/1110
f 1111/2157/1111 1131/2145/1111 1112/2158/1111
f 1112/2158/1112 1131/2145/1112 1113/2159/1112
f 1113/2159/1113 1131/2145/1113 1114/2160/1113
f 1114/2160/1114 1131/2145/1114 1115/2161/1114
f 1115/2161/1115 1131/2145/1115 1116/2162/1115
f 1116/2162/1116 1131/2145/1116 1117/2163/1116
f 1117/2163/1117 1131/2145/1117 1118/2164/1117
f 1118/2164/1118 1131/2145/1118 1119/2165/1118
f 1119/2165/1119 1131/2145/1119 1120/2166/1119
f 1120/2166/1120 1131/2145/1120 1121/2167/1120
f 1121/2167/1121 1131/2145/1121 1122/2168/1121
f 1122/2168/1122 1131/2145/1122 1123/2169/1122
f 1123/2169/1123 1131/2145/1123 1124/2170/1123
f 1124/2170/1124 1131/2145/1124 1125/2171/1124
f 1125/2171/1125 1131/2145/1125 1126/2172/1125
f 1126/2172/1126 1131/2145/1126 1127/2173/1126
f 1127/2173/1127 1131/2145/1127 1128/2174/1127
f 1128/2174/1128 1131/2145/1128 1129/2175/1128
f 1099/2176/1129 1100/2177/1129 1101/2178/1129 1102/2179/1129 1103/2180/1129 1104/2181/1129 1105/2182/1129 1106/2183/1129 1107/2184/1129 1108/2185/1129 1109/2186/1129 1110/2187/1129 1111/2188/1129 1112/2189/1129 1113/2190/1129 1114/2191/1129 1115/2192/1129 1116/2193/1129 1117/2194/1129 1118/2195/1129 1119/2196/1129 1120/2197/1129 1121/2198/1129 1122/2199/1129 1123/2200/1129 1124/2201/1129 1125/2202/1129 1126/2203/1129 1127/2204/1129 1128/2205/1129 1129/2206/1129 1130/2207/1129
f 1129/2175/1130 1131/2145/1130 1130/2208/1130
f 1130/2208/1131 1131/2145/1131 1099/2144/1131
o Cone
v -0.809914 1.280305 -0.588447
v -0.679577 1.273889 -0.736756
v -0.524688 1.254890 -0.857889
v -0.351201 1.224037 -0.947190
v -0.165781 1.182516 -1.001227
v 0.024445 1.131923 -1.017924
v 0.212168 1.074202 -0.996639
v 0.390173 1.011572 -0.938191
v 0.551619 0.946438 -0.844825
v 0.690303 0.881305 -0.720129
v 0.800894 0.818675 -0.568896
v 0.879143 0.760955 -0.396937
v 0.922043 0.710363 -0.210860
v 0.927945 0.668844 -0.017816
v 0.896622 0.637992 0.174775
v 0.829278 0.618994 0.359514
v 0.728502 0.612580 0.529300
v 0.598164 0.618996 0.677610
v 0.443276 0.637995 0.798742
v 0.269788 0.668848 0.888043
v 0.084368 0.710369 0.942080
v -0.105858 0.760962 0.958777
v -0.293581 0.818683 0.937493
v -0.471585 0.881313 0.879044
v -0.633032 0.946447 0.785678
v -0.771715 1.011580 0.660983
v -0.882307 1.074210 0.509749
v -0.960556 1.131930 0.337790
v -1.003456 1.182522 0.151713
v -1.009358 1.224042 -0.041330
v -0.978035 1.254893 -0.233922
v -0.910691 1.273891 -0.418661
v 0.499496 2.848042 0.362904
vn -0.5091 0.7155 -0.4784
vn -0.3818 0.7042 -0.5986
vn -0.2352 0.6819 -0.6926
vn -0.0750 0.6496 -0.7566
vn 0.0927 0.6085 -0.7881
vn 0.2614 0.5601 -0.7861
vn 0.4246 0.5064 -0.7505
vn 0.5761 0.4494 -0.6827
vn 0.7101 0.3913 -0.5854
vn 0.8214 0.3342 -0.4622
vn 0.9057 0.2805 -0.3180
vn 0.9597 0.2322 -0.1581
vn 0.9815 0.1910 0.0111
vn 0.9702 0.1587 0.1832
vn 0.9261 0.1365 0.3516
vn 0.8511 0.1251 0.5099
vn 0.7479 0.1251 0.6519
vn 0.6206 0.1365 0.7721
vn 0.4740 0.1587 0.8661
vn 0.3138 0.1910 0.9301
vn 0.1462 0.2322 0.9616
vn -0.0226 0.2805 0.9596
vn -0.1858 0.3342 0.9240
vn -0.3373 0.3913 0.8562
vn -0.4713 0.4494 0.7589
vn -0.5826 0.5064 0.6357
vn -0.6668 0.5602 0.4915
vn -0.7209 0.6085 0.3317
vn -0.7427 0.6496 0.1624
vn -0.7314 0.6819 -0.0097
vn -0.2680 -0.9435 -0.1947
vn -0.6873 0.7042 -0.1781
vn -0.6123 0.7155 -0.3364
vt 0.250000 0.490000
vt 0.250000 0.250000
vt 0.296822 0.485388
vt 0.341844 0.471731
vt 0.383337 0.449553
vt 0.419706 0.419706
vt 0.449553 0.383337
vt 0.471731 0.341844
vt 0.485388 0.296822
vt 0.490000 0.250000
vt 0.485388 0.203178
vt 0.471731 0.158156
vt 0.449553 0.116663
vt 0.419706 0.080294
vt 0.383337 0.050447
vt 0.341844 0.028269
vt 0.296822 0.014612
vt 0.250000 0.010000
vt 0.203178 0.014612
vt 0.158156 0.028269
vt 0.116663 0.050447
vt 0.080294 0.080294
vt 0.050447 0.116663
vt 0.028269 0.158156
vt 0.014612 0.203178
vt 0.010000 0.250000
vt 0.014612 0.296822
vt 0.028269 0.341844
vt 0.050447 0.383337
vt 0.080294 0.419706
vt 0.116663 0.449553
vt 0.158156 0.471731
vt 0.750000 0.490000
vt 0.796822 0.485388
vt 0.841844 0.471731
vt 0.883337 0.449553
vt 0.919706 0.419706
vt 0.949553 0.383337
vt 0.971731 0.341844
vt 0.985388 0.296822
vt 0.990000 0.250000
vt 0.985388 0.203178
vt 0.971731 0.158156
vt 0.949553 0.116663
vt 0.919706 0.080294
vt 0.883337 0.050447
vt 0.841844 0.028269
vt 0.796822 0.014612
vt 0.750000 0.010000
vt 0.703178 0.014612
vt 0.658156 0.028269
vt 0.616663 0.050447
vt 0.580294 0.080294
vt 0.550447 0.116663
vt 0.528269 0.158156
vt 0.514612 0.203178
vt 0.510000 0.250000
vt 0.514612 0.296822
vt 0.528269 0.341844
vt 0.550447 0.383337
vt 0.580294 0.419706
vt 0.616663 0.449553
vt 0.658156 0.471731
vt 0.703178 0.485388
vt 0.203178 0.485388
s 0
f 1132/2209/1132 1164/2210/1132 1133/2211/1132
f 1133/2211/1133 1164/2210/1133 1134/2212/1133
f 1134/2212/1134 1164/2210/1134 1135/2213/1134
f 1135/2213/1135 1164/2210/1135 1136/2214/1135
f 1136/2214/1136 1164/2210/1136 1137/2215/1136
f 1137/2215/1137 1164/2210/1137 1138/2216/1137
f 1138/2216/1138 1164/2210/1138 1139/2217/1138
f 1139/2217/1139 1164/2210/1139 1140/2218/1139
f 1140/2218/1140 1164/2210/1140 1141/2219/1140
f 1141/2219/1141 1164/2210/1141 1142/2220/1141
f 1142/2220/1142 1164/2210/1142 1143/2221/1142
f 1143/2221/1143 1164/2210/1143 1144/2222/1143
f 1144/2222/1144 1164/2210/1144 1145/2223/1144
f 1145/2223/1145 1164/2210/1145 1146/2224/1145
f 1146/2224/1146 1164/2210/1146 1147/2225/1146
f 1147/2225/1147 1164/2210/1147 1148/2226/1147
f 1148/2226/1148 1164/2210/1148 1149/2227/1148
f 1149/2227/1149 1164/2210/1149 1150/2228/1149
f 1150/2228/1150 1164/2210/1150 1151/2229/1150
f 1151/2229/1151 1164/2210/1151 1152/2230/1151
f 1152/2230/1152 1164/2210/1152 1153/2231/1152
f 1153/2231/1153 1164/2210/1153 1154/2232/1153
f 1154/2232/1154 1164/2210/1154 1155/2233/1154
f 1155/2233/1155 1164/2210/1155 1156/2234/1155
f 1156/2234/1156 1164/2210/1156 1157/2235/1156
f 1157/2235/1157 1164/2210/1157 1158/2236/1157
f 1158/2236/1158 1164/2210/1158 1159/2237/1158
f 1159/2237/1159 1164/2210/1159 1160/2238/1159
f 1160/2238/1160 1164/2210/1160 1161/2239/1160
f 1161/2239/1161 1164/2210/1161 1162/2240/1161
f 1132/2241/1162 1133/2242/1162 1134/2243/1162 1135/2244/1162 1136/2245/1162 1137/2246/1162 1138/2247/1162 1139/2248/1162 1140/2249/1162 1141/2250/1162 1142/2251/1162 1143/2252/1162 1144/2253/1162 1145/2254/1162 1146/2255/1162 1147/2256/1162 1148/2257/1162 1149/2258/1162 1150/2259/1162 1151/2260/1162 1152/2261/1162 1153/2262/1162 1154/2263/1162 1155/2264/1162 1156/2265/1162 1157/2266/1162 1158/2267/1162 1159/2268/1162 1160/2269/1162 1161/2270/1162 1162/2271/1162 1163/2272/1162
f 1162/2240/1163 1164/2210/1163 1163/2273/1163
f 1163/2273/1164 1164/2210/1164 1132/2209/1164
o Cone
v 0.125502 1.199868 -1.084255
v 0.303771 1.080842 -1.064544
v 0.467273 0.953582 -1.006171
v 0.609726 0.822979 -0.911379
v 0.725654 0.694051 -0.783810
v 0.810602 0.571752 -0.628367
v 0.861307 0.460784 -0.451024
v 0.875818 0.365410 -0.258595
v 0.853580 0.289296 -0.058476
v 0.795446 0.235366 0.141643
v 0.703651 0.205693 0.334071
v 0.581721 0.201417 0.511414
v 0.434343 0.222703 0.666856
v 0.267181 0.268733 0.794424
v 0.086658 0.337737 0.889215
v -0.100288 0.427064 0.947587
v -0.286474 0.533282 0.967297
v -0.464743 0.652308 0.947586
v -0.628245 0.779567 0.889213
v -0.770698 0.910171 0.794421
v -0.886626 1.039099 0.666852
v -0.971574 1.161397 0.511409
v -1.022279 1.272365 0.334066
v -1.036790 1.367739 0.141637
v -1.014552 1.443854 -0.058482
v -0.956418 1.497784 -0.258601
v -0.864622 1.527457 -0.451029
v -0.742693 1.531732 -0.628372
v -0.595315 1.510446 -0.783814
v -0.428153 1.464417 -0.911382
v -0.247630 1.395412 -1.006173
v -0.060684 1.306085 -1.064545
v 0.998069 2.611734 0.725141
vn 0.4606 0.5783 -0.6734
vn 0.6006 0.4774 -0.6414
vn 0.7259 0.3718 -0.5786
vn 0.8318 0.2655 -0.4875
vn 0.9140 0.1626 -0.3716
vn 0.9696 0.0670 -0.2353
vn 0.9963 -0.0175 -0.0838
vn 0.9932 -0.0878 0.0770
vn 0.9602 -0.1410 0.2409
vn 0.8988 -0.1753 0.4017
vn 0.8113 -0.1892 0.5532
vn 0.7010 -0.1822 0.6895
vn 0.5721 -0.1546 0.8055
vn 0.4297 -0.1075 0.8966
vn 0.2791 -0.0427 0.9593
vn 0.1263 0.0374 0.9913
vn -0.0230 0.1297 0.9913
vn -0.1630 0.2306 0.9593
vn -0.2883 0.3362 0.8966
vn -0.3942 0.4425 0.8055
vn -0.4765 0.5455 0.6895
vn -0.5320 0.6410 0.5532
vn -0.5588 0.7255 0.4017
vn -0.5556 0.7958 0.2409
vn -0.5227 0.8491 0.0770
vn -0.4612 0.8833 -0.0838
vn -0.3737 0.8972 -0.2353
vn -0.2634 0.8902 -0.3716
vn -0.1345 0.8627 -0.4876
vn 0.0079 0.8155 -0.5786
vn -0.4911 -0.7947 -0.3568
vn 0.1584 0.7507 -0.6414
vn 0.3113 0.6706 -0.6734
vt 0.250000 0.490000
vt 0.250000 0.250000
vt 0.296822 0.485388
vt 0.341844 0.471731
vt 0.383337 0.449553
vt 0.419706 0.419706
vt 0.449553 0.383337
vt 0.471731 0.341844
vt 0.485388 0.296822
vt 0.490000 0.250000
vt 0.485388 0.203178
vt 0.471731 0.158156
vt 0.449553 0.116663
vt 0.419706 0.080294
vt 0.383337 0.050447
vt 0.341844 0.028269
vt 0.296822 0.014612
vt 0.250000 0.010000
vt 0.203178 0.014612
vt 0.158156 0.028269
vt 0.116663 0.050447
vt 0.080294 0.080294
vt 0.050447 0.116663
vt 0.028269 0.158156
vt 0.014612 0.203178
vt 0.010000 0.250000
vt 0.014612 0.296822
vt 0.028269 0.341844
vt 0.050447 0.383337
vt 0.080294 0.419706
vt 0.116663 0.449553
vt 0.158156 0.471731
vt 0.750000 0.490000
vt 0.796822 0.485388
vt 0.841844 0.471731
vt 0.883337 0.449553
vt 0.919706 0.419706
vt 0.949553 0.383337
vt 0.971731 0.341844
vt 0.985388 0.296822
vt 0.990000 0.250000
vt 0.985388 0.203178
vt 0.971731 0.158156
vt 0.949553 0.116663
vt 0.919706 0.080294
vt 0.883337 0.050447
vt 0.841844 0.028269
vt 0.796822 0.014612
vt 0.750000 0.010000
vt 0.703178 0.014612
vt 0.658156 0.028269
vt 0.616663 0.050447
vt 0.580294 0.080294
vt 0.550447 0.116663
vt 0.528269 0.158156
vt 0.514612 0.203178
vt 0.510000 0.250000
vt 0.514612 0.296822
vt 0.528269 0.341844
vt 0.550447 0.383337
vt 0.580294 0.419706
vt 0.616663 0.449553
vt 0.658156 0.471731
vt 0.703178 0.485388
vt 0.203178 0.485388
s 0
f 1165/2274/1165 1197/2275/1165 1166/2276/1165
f 1166/2276/1166 1197/2275/1166 1167/2277/1166
f 1167/2277/1167 1197/2275/1167 1168/2278/1167
f 1168/2278/1168 1197/2275/1168 1169/2279/1168
f 1169/2279/1169 1197/2275/1169 1170/2280/1169
f 1170/2280/1170 1197/2275/1170 1171/2281/1170
f 1171/2281/1171 1197/2275/1171 1172/2282/1171
f 1172/2282/1172 1197/2275/1172 1173/2283/1172
f 1173/2283/1173 1197/2275/1173 1174/2284/1173
f 1174/2284/1174 1197/2275/1174 1175/2285/1174
f 1175/2285/1175 1197/2275/1175 1176/2286/1175
f 1176/2286/1176 1197/2275/1176 1177/2287/1176
f 1177/2287/1177 1197/2275/1177 1178/2288/1177
f 1178/2288/1178 1197/2275/1178 1179/2289/1178
f 1179/2289/1179 1197/2275/1179 1180/2290/1179
f 1180/2290/1180 1197/2275/1180 1181/2291/1180
f 1181/2291/1181 1197/2275/1181 1182/2292/1181
f 1182/2292/1182 1197/2275/1182 1183/2293/1182
f 1183/2293/1183 1197/2275/1183 1184/2294/1183
f 1184/2294/1184 1197/2275/1184 1185/2295/1184
f 1185/2295/1185 1197/2275/1185 1186/2296/1185
f 1186/2296/1186 1197/2275/1186 1187/2297/1186
f 1187/2297/1187 1197/2275/1187 1188/2298/1187
f 1188/2298/1188 1197/2275/1188 1189/2299/1188
f 1189/2299/1189 1197/2275/1189 1190/2300/1189
f 1190/2300/1190 1197/2275/1190 1191/2301/1190
f 1191/2301/1191 1197/2275/1191 1192/2302/1191
f 1192/2302/1192 1197/2275/1192 1193/2303/1192
f 1193/2303/1193 1197/2275/1193 1194/2304/1193
f 1194/2304/1194 1197/2275/1194 1195/2305/1194
f 1165/2306/1195 1166/2307/1195 1167/2308/1195 1168/2309/1195 1169/2310/1195 1170/2311/1195 1171/2312/1195 1172/2313/1195 1173/2314/1195 1174/2315/1195 1175/2316/1195 1176/2317/1195 1177/2318/1195 1178/2319/1195 1179/2320/1195 1180/2321/1195 1181/2322/1195 1182/2323/1195 1183/2324/1195 1184/2325/1195 1185/2326/1195 1186/2327/1195 1187/2328/1195 1188/2329/1195 1189/2330/1195 1190/2331/1195 1191/2332/1195 1192/2333/1195 1193/2334/1195 1194/2335/1195 1195/2336/1195 1196/2337/1195
f 1195/2305/1196 1197/2275/1196 1196/2338/1196
f 1196/2338/1197 1197/2275/1197 1165/2274/1197
o Cone
v -0.608679 1.679431 -0.386020
v -0.523313 1.636937 -0.559028
v -0.418868 1.567579 -0.711689
v -0.299357 1.474021 -0.838136
v -0.169374 1.359860 -0.933511
v -0.033914 1.229482 -0.994148
v 0.101817 1.087897 -1.017717
v 0.232604 0.940548 -1.003312
v 0.353421 0.793095 -0.951487
v 0.459624 0.651207 -0.864233
v 0.547133 0.520334 -0.744904
v 0.612583 0.405508 -0.598085
v 0.653461 0.311141 -0.429418
v 0.668195 0.240858 -0.245385
v 0.656219 0.197361 -0.053059
v 0.617993 0.182322 0.140169
v 0.554986 0.196318 0.326875
v 0.469620 0.238812 0.499882
v 0.365175 0.308170 0.652543
v 0.245664 0.401728 0.778991
v 0.115682 0.515889 0.874365
v -0.019778 0.646267 0.935003
v -0.155510 0.787852 0.958571
v -0.286297 0.935201 0.944167
v -0.407114 1.082654 0.892341
v -0.513317 1.224542 0.805088
v -0.600825 1.355414 0.685758
v -0.666276 1.470241 0.538939
v -0.707154 1.564608 0.370272
v -0.721888 1.634891 0.186240
v -0.709912 1.678388 -0.006086
v -0.671686 1.693427 -0.199315
v 1.432410 2.271476 0.362904
vn -0.1588 0.9378 -0.3087
vn -0.0740 0.8879 -0.4541
vn 0.0259 0.8152 -0.5786
vn 0.1373 0.7225 -0.6776
vn 0.2558 0.6133 -0.7473
vn 0.3768 0.4919 -0.7849
vn 0.4958 0.3629 -0.7890
vn 0.6081 0.2313 -0.7594
vn 0.7094 0.1022 -0.6973
vn 0.7959 -0.0196 -0.6051
vn 0.8642 -0.1292 -0.4863
vn 0.9116 -0.2226 -0.3455
vn 0.9365 -0.2961 -0.1881
vn 0.9377 -0.3469 -0.0201
vn 0.9153 -0.3730 0.1520
vn 0.8701 -0.3735 0.3216
vn 0.8039 -0.3483 0.4822
vn 0.7191 -0.2983 0.6276
vn 0.6192 -0.2256 0.7521
vn 0.5078 -0.1329 0.8512
vn 0.3893 -0.0237 0.9208
vn 0.2683 0.0976 0.9584
vn 0.1493 0.2266 0.9625
vn 0.0370 0.3582 0.9329
vn -0.0643 0.4874 0.8708
vn -0.1508 0.6091 0.7786
vn -0.2191 0.7188 0.6598
vn -0.2665 0.8122 0.5190
vn -0.2914 0.8857 0.3616
vn -0.2926 0.9364 0.1936
vn -0.7240 -0.6617 -0.1947
vn -0.2702 0.9626 0.0215
vn -0.2250 0.9630 -0.1481
vt 0.250000 0.490000
vt 0.250000 0.250000
vt 0.296822 0.485388
vt 0.341844 0.471731
vt 0.383337 0.449553
vt 0.419706 0.419706
vt 0.449553 0.383337
vt 0.471731 0.341844
vt 0.485388 0.296822
vt 0.490000 0.250000
vt 0.485388 0.203178
vt 0.471731 0.158156
vt 0.449553 0.116663
vt 0.419706 0.080294
vt 0.383337 0.050447
vt 0.341844 0.028269
vt 0.296822 0.014612
vt 0.250000 0.010000
vt 0.203178 0.014612
vt 0.158156 0.028269
vt 0.116663 0.050447
vt 0.080294 0.080294
vt 0.050447 0.116663
vt 0.028269 0.158156
vt 0.014612 0.203178
vt 0.010000 0.250000
vt 0.014612 0.296822
vt 0.028269 0.341844
vt 0.050447 0.383337
vt 0.080294 0.419706
vt 0.116663 0.449553
vt 0.158156 0.471731
vt 0.750000 0.490000
vt 0.796822 0.485388
vt 0.841844 0.471731
vt 0.883337 0.449553
vt 0.919706 0.419706
vt 0.949553 0.383337
vt 0.971731 0.341844
vt 0.985388 0.296822
vt 0.990000 0.250000
vt 0.985388 0.203178
vt 0.971731 0.158156
vt 0.949553 0.116663
vt 0.919706 0.080294
vt 0.883337 0.050447
vt 0.841844 0.028269
vt 0.796822 0.014612
vt 0.750000 0.010000
vt 0.703178 0.014612
vt 0.658156 0.028269
vt 0.616663 0.050447
vt 0.580294 0.080294
vt 0.550447 0.116663
vt 0.528269 0.158156
vt 0.514612 0.203178
vt 0.510000 0.250000
vt 0.514612 0.296822
vt 0.528269 0.341844
vt 0.550447 0.383337
vt 0.580294 0.419706
vt 0.616663 0.449553
vt 0.658156 0.471731
vt 0.703178 0.485388
vt 0.203178 0.485388
s 0
f 1198/2339/1198 1230/2340/1198 1199/2341/1198
f 1199/2341/1199 1230/2340/1199 1200/2342/1199
f 1200/2342/1200 1230/2340/1200 1201/2343/1200
f 1201/2343/1201 1230/2340/1201 1202/2344/1201
f 1202/2344/1202 1230/2340/1202 1203/2345/1202
f 1203/2345/1203 1230/2340/1203 1204/2346/1203
f 1204/2346/1204 1230/2340/1204 1205/2347/1204
f 1205/2347/1205 1230/2340/1205 1206/2348/1205
f 1206/2348/1206 1230/2340/1206 1207/2349/1206
f 1207/2349/1207 1230/2340/1207 1208/2350/1207
f 1208/2350/1208 1230/2340/1208 1209/2351/1208
f 1209/2351/1209 1230/2340/1209 1210/2352/1209
f 1210/2352/1210 1230/2340/1210 1211/2353/1210
f 1211/2353/1211 1230/2340/1211 1212/2354/1211
f 1212/2354/1212 1230/2340/1212 1213/2355/1212
f 1213/2355/1213 1230/2340/1213 1214/2356/1213
f 1214/2356/1214 1230/2340/1214 1215/2357/1214
f 1215/2357/1215 1230/2340/1215 1216/2358/1215
f 1216/2358/1216 1230/2340/1216 1217/2359/1216
f 1217/2359/1217 1230/2340/1217 1218/2360/1217
f 1218/2360/1218 1230/2340/1218 1219/2361/1218
f 1219/2361/1219 1230/2340/1219 1220/2362/1219
f 1220/2362/1220 1230/2340/1220 1221/2363/1220
f 1221/2363/1221 1230/2340/1221 1222/2364/1221
f 1222/2364/1222 1230/2340/1222 1223/2365/1222
f 1223/2365/1223 1230/2340/1223 1224/2366/1223
f 1224/2366/1224 1230/2340/1224 1225/2367/1224
f 1225/2367/1225 1230/2340/1225 1226/2368/1225
f 1226/2368/1226 1230/2340/1226 1227/2369/1226
f 1227/2369/1227 1230/2340/1227 1228/2370/1227
f 1198/2371/1228 1199/2372/1228 1200/2373/1228 1201/2374/1228 1202/2375/1228 1203/2376/1228 1204/2377/1228 1205/2378/1228 1206/2379/1228 1207/2380/1228 1208/2381/1228 1209/2382/1228 1210/2383/1228 1211/2384/1228 1212/2385/1228 1213/2386/1228 1214/2387/1228 1215/2388/1228 1216/2389/1228 1217/2390/1228 1218/2391/1228 1219/2392/1228 1220/2393/1228 1221/2394/1228 1222/2395/1228 1223/2396/1228 1224/2397/1228 1225/2398/1228 1226/2399/1228 1227/2400/1228 1228/2401/1228 1229/2402/1228
f 1228/2370/1229 1230/2340/1229 1229/2403/1229
f 1229/2403/1230 1230/2340/1230 1198/2339/1230
o Cone
v 0.115214 1.400295 0.952128
v 0.028384 1.559611 0.874001
v -0.061536 1.696968 0.764126
v -0.151090 1.807087 0.626725
v -0.236837 1.885736 0.467079
v -0.315480 1.929893 0.291322
v -0.383998 1.937861 0.106209
v -0.439758 1.909334 -0.081146
v -0.480618 1.845407 -0.263544
v -0.505005 1.748538 -0.433975
v -0.511985 1.622449 -0.585889
v -0.501287 1.471986 -0.713449
v -0.473325 1.302931 -0.811753
v -0.429171 1.121781 -0.877021
v -0.370523 0.935496 -0.906748
v -0.299635 0.751237 -0.899789
v -0.219230 0.576083 -0.856413
v -0.132400 0.416767 -0.778286
v -0.042479 0.279410 -0.668411
v 0.047074 0.169291 -0.531011
v 0.132821 0.090642 -0.371364
v 0.211464 0.046485 -0.195607
v 0.279982 0.038517 -0.010494
v 0.335743 0.067045 0.176861
v 0.376602 0.130971 0.359259
v 0.400990 0.227840 0.529690
v 0.407969 0.353929 0.681604
v 0.397272 0.504392 0.809164
v 0.369309 0.673447 0.907467
v 0.325155 0.854598 0.972736
v 0.266507 1.040882 1.002463
v 0.195619 1.225141 0.995504
v 1.741123 1.654060 -0.587197
vn 0.5069 0.5862 0.6320
vn 0.4280 0.7186 0.5481
vn 0.3479 0.8291 0.4377
vn 0.2696 0.9133 0.3051
vn 0.1962 0.9682 0.1554
vn 0.1306 0.9914 -0.0057
vn 0.0751 0.9822 -0.1719
vn 0.0320 0.9410 -0.3370
vn 0.0028 0.8692 -0.4944
vn -0.0112 0.7697 -0.6383
vn -0.0095 0.6462 -0.7631
vn 0.0077 0.5036 -0.8639
vn 0.0399 0.3473 -0.9369
vn 0.0858 0.1833 -0.9793
vn 0.1436 0.0179 -0.9895
vn 0.2112 -0.1425 -0.9670
vn 0.2858 -0.2918 -0.9128
vn 0.3647 -0.4243 -0.8288
vn 0.4448 -0.5347 -0.7185
vn 0.5231 -0.6190 -0.5859
vn 0.5965 -0.6738 -0.4362
vn 0.6621 -0.6971 -0.2751
vn 0.7176 -0.6879 -0.1088
vn 0.7607 -0.6466 0.0562
vn 0.7899 -0.5748 0.2137
vn 0.8039 -0.4753 0.3576
vn 0.8022 -0.3519 0.4823
vn 0.7850 -0.2093 0.5831
vn 0.7528 -0.0529 0.6562
vn 0.7069 0.1111 0.6986
vn -0.8897 -0.3304 0.3151
vn 0.6491 0.2765 0.7087
vn 0.5815 0.4369 0.6863
vt 0.250000 0.490000
vt 0.250000 0.250000
vt 0.296822 0.485388
vt 0.341844 0.471731
vt 0.383337 0.449553
vt 0.419706 0.419706
vt 0.449553 0.383337
vt 0.471731 0.341844
vt 0.485388 0.296822
vt 0.490000 0.250000
vt 0.485388 0.203178
vt 0.471731 0.158156
vt 0.449553 0.116663
vt 0.419706 0.080294
vt 0.383337 0.050447
vt 0.341844 0.028269
vt 0.296822 0.014612
vt 0.250000 0.010000
vt 0.203178 0.014612
vt 0.158156 0.028269
vt 0.116663 0.050447
vt 0.080294 0.080294
vt 0.050447 0.116663
vt 0.028269 0.158156
vt 0.014612 0.203178
vt 0.010000 0.250000
vt 0.014612 0.296822
vt 0.028269 0.341844
vt 0.050447 0.383337
vt 0.080294 0.419706
vt 0.116663 0.449553
vt 0.158156 0.471731
vt 0.750000 0.490000
vt 0.796822 0.485388
vt 0.841844 0.471731
vt 0.883337 0.449553
vt 0.919706 0.419706
vt 0.949553 0.383337
vt 0.971731 0.341844
vt 0.985388 0.296822
vt 0.990000 0.250000
vt 0.985388 0.203178
vt 0.971731 0.158156
vt 0.949553 0.116663
vt 0.919706 0.080294
vt 0.883337 0.050447
vt 0.841844 0.028269
vt 0.796822 0.014612
vt 0.750000 0.010000
vt 0.703178 0.014612
vt 0.658156 0.028269
vt 0.616663 0.050447
vt 0.580294 0.080294
vt 0.550447 0.116663
vt 0.528269 0.158156
vt 0.514612 0.203178
vt 0.510000 0.250000
vt 0.514612 0.296822
vt 0.528269 0.341844
vt 0.550447 0.383337
vt 0.580294 0.419706
vt 0.616663 0.449553
vt 0.658156 0.471731
vt 0.703178 0.485388
vt 0.203178 0.485388
s 0
f 1231/2404/1231 1263/2405/1231 1232/2406/1231
f 1232/2406/1232 1263/2405/1232 1233/2407/1232
f 1233/2407/1233 1263/2405/1233 1234/2408/1233
f 1234/2408/1234 1263/2405/1234 1235/2409/1234
f 1235/2409/1235 1263/2405/1235 1236/2410/1235
f 1236/2410/1236 1263/2405/1236 1237/2411/1236
f 1237/2411/1237 1263/2405/1237 1238/2412/1237
f 1238/2412/1238 1263/2405/1238 1239/2413/1238
f 1239/2413/1239 1263/2405/1239 1240/2414/1239
f 1240/2414/1240 1263/2405/1240 1241/2415/1240
f 1241/2415/1241 1263/2405/1241 1242/2416/1241
f 1242/2416/1242 1263/2405/1242 1243/2417/1242
f 1243/2417/1243 1263/2405/1243 1244/2418/1243
f 1244/2418/1244 1263/2405/1244 1245/2419/1244
f 1245/2419/1245 1263/2405/1245 1246/2420/1245
f 1246/2420/1246 1263/2405/1246 1247/2421/1246
f 1247/2421/1247 1263/2405/1247 1248/2422/1247
f 1248/2422/1248 1263/2405/1248 1249/2423/1248
f 1249/2423/1249 1263/2405/1249 1250/2424/1249
f 1250/2424/1250 1263/2405/1250 1251/2425/1250
f 1251/2425/1251 1263/2405/1251 1252/2426/1251
f 1252/2426/1252 1263/2405/1252 1253/2427/1252
f 1253/2427/1253 1263/2405/1253 1254/2428/1253
f 1254/2428/1254 1263/2405/1254 1255/2429/1254
f 1255/2429/1255 1263/2405/1255 1256/2430/1255
f 1256/2430/1256 1263/2405/1256 1257/2431/1256
f 1257/2431/1257 1263/2405/1257 1258/2432/1257
f 1258/2432/1258 1263/2405/1258 1259/2433/1258
f 1259/2433/1259 1263/2405/1259 1260/2434/1259
f 1260/2434/1260 1263/2405/1260 1261/2435/1260
f 1231/2436/1261 1232/2437/1261 1233/2438/1261 1234/2439/1261 1235/2440/1261 1236/2441/1261 1237/2442/1261 1238/2443/1261 1239/2444/1261 1240/2445/1261 1241/2446/1261 1242/2447/1261 1243/2448/1261 1244/2449/1261 1245/2450/1261 1246/2451/1261 1247/2452/1261 1248/2453/1261 1249/2454/1261 1250/2455/1261 1251/2456/1261 1252/2457/1261 1253/2458/1261 1254/2459/1261 1255/2460/1261 1256/2461/1261 1257/2462/1261 1258/2463/1261 1259/2464/1261 1260/2465/1261 1261/2466/1261 1262/2467/1261
f 1261/2435/1262 1263/2405/1262 1262/2468/1262
f 1262/2468/1263 1263/2405/1263 1231/2404/1263
o Cone
v -0.296895 2.044635 0.215705
v -0.419609 2.023911 0.040069
v -0.531204 1.962534 -0.133472
v -0.627389 1.862863 -0.298246
v -0.704470 1.728728 -0.447923
v -0.759483 1.565284 -0.576749
v -0.790315 1.378813 -0.679775
v -0.795781 1.176480 -0.753042
v -0.775670 0.966060 -0.793733
v -0.730756 0.755641 -0.800285
v -0.662765 0.553307 -0.772445
v -0.574309 0.366836 -0.711285
v -0.468788 0.203392 -0.619154
v -0.350257 0.069258 -0.499593
v -0.223271 -0.030413 -0.357197
v -0.092710 -0.091791 -0.197437
v 0.036409 -0.112515 -0.026453
v 0.159123 -0.091791 0.149184
v 0.270717 -0.030413 0.322724
v 0.366903 0.069258 0.487498
v 0.443983 0.203392 0.637175
v 0.498996 0.366836 0.766002
v 0.529828 0.553307 0.869028
v 0.535294 0.755641 0.942294
v 0.515184 0.966060 0.982985
v 0.470270 1.176480 0.989537
v 0.402279 1.378813 0.961698
v 0.313823 1.565284 0.900538
v 0.208302 1.728728 0.808407
v 0.089771 1.862863 0.688846
v -0.037215 1.962534 0.546449
v -0.167776 2.023911 0.386689
v 1.614932 1.378045 -1.173310
vn 0.1672 0.9587 -0.2300
vn 0.0712 0.9251 -0.3730
vn -0.0139 0.8591 -0.5116
vn -0.0849 0.7634 -0.6404
vn -0.1390 0.6415 -0.7545
vn -0.1741 0.4981 -0.8494
vn -0.1890 0.3388 -0.9217
vn -0.1830 0.1698 -0.9683
vn -0.1564 -0.0026 -0.9877
vn -0.1101 -0.1717 -0.9790
vn -0.0460 -0.3310 -0.9425
vn 0.0334 -0.4743 -0.8797
vn 0.1252 -0.5962 -0.7930
vn 0.2258 -0.6920 -0.6857
vn 0.3313 -0.7580 -0.5619
vn 0.4377 -0.7916 -0.4264
vn 0.5408 -0.7916 -0.2845
vn 0.6368 -0.7580 -0.1414
vn 0.7219 -0.6920 -0.0028
vn 0.7929 -0.5962 0.1260
vn 0.8470 -0.4743 0.2401
vn 0.8822 -0.3310 0.3350
vn 0.8970 -0.1717 0.4073
vn 0.8910 -0.0026 0.4539
vn 0.8644 0.1698 0.4733
vn 0.8181 0.3388 0.4646
vn 0.7541 0.4981 0.4281
vn 0.6746 0.6415 0.3653
vn 0.5828 0.7634 0.2786
vn 0.4822 0.8591 0.1713
vn -0.7947 -0.1876 0.5773
vn 0.3767 0.9251 0.0475
vn 0.2704 0.9587 -0.0880
vt 0.250000 0.490000
vt 0.250000 0.250000
vt 0.296822 0.485388
vt 0.341844 0.471731
vt 0.383337 0.449553
vt 0.419706 0.419706
vt 0.449553 0.383337
vt 0.471731 0.341844
vt 0.485388 0.296822
vt 0.490000 0.250000
vt 0.485388 0.203178
vt 0.471731 0.158156
vt 0.449553 0.116663
vt 0.419706 0.080294
vt 0.383337 0.050447
vt 0.341844 0.028269
vt 0.296822 0.014612
vt 0.250000 0.010000
vt 0.203178 0.014612
vt 0.158156 0.028269
vt 0.116663 0.050447
vt 0.080294 0.080294
vt 0.050447 0.116663
vt 0.028269 0.158156
vt 0.014612 0.203178
vt 0.010000 0.250000
vt 0.014612 0.296822
vt 0.028269 0.341844
vt 0.050447 0.383337
vt 0.080294 0.419706
vt 0.116663 0.449553
vt 0.158156 0.471731
vt 0.750000 0.490000
vt 0.796822 0.485388
vt 0.841844 0.471731
vt 0.883337 0.449553
vt 0.919706 0.419706
vt 0.949553 0.383337
vt 0.971731 0.341844
vt 0.985388 0.296822
vt 0.990000 0.250000
vt 0.985388 0.203178
vt 0.971731 0.158156
vt 0.949553 0.116663
vt 0.919706 0.080294
vt 0.883337 0.050447
vt 0.841844 0.028269
vt 0.796822 0.014612
vt 0.750000 0.010000
vt 0.703178 0.014612
vt 0.658156 0.028269
vt 0.616663 0.050447
vt 0.580294 0.080294
vt 0.550447 0.116663
vt 0.528269 0.158156
vt 0.514612 0.203178
vt 0.510000 0.250000
vt 0.514612 0.296822
vt 0.528269 0.341844
vt 0.550447 0.383337
vt 0.580294 0.419706
vt 0.616663 0.449553
vt 0.658156 0.471731
vt 0.703178 0.485388
vt 0.203178 0.485388
s 0
f 1264/2469/1264 1296/2470/1264 1265/2471/1264
f 1265/2471/1265 1296/2470/1265 1266/2472/1265
f 1266/2472/1266 1296/2470/1266 1267/2473/1266
f 1267/2473/1267 1296/2470/1267 1268/2474/1267
f 1268/2474/1268 1296/2470/1268 1269/2475/1268
f 1269/2475/1269 1296/2470/1269 1270/2476/1269
f 1270/2476/1270 1296/2470/1270 1271/2477/1270
f 1271/2477/1271 1296/2470/1271 1272/2478/1271
f 1272/2478/1272 1296/2470/1272 1273/2479/1272
f 1273/2479/1273 1296/2470/1273 1274/2480/1273
f 1274/2480/1274 1296/2470/1274 1275/2481/1274
f 1275/2481/1275 1296/2470/1275 1276/2482/1275
f 1276/2482/1276 1296/2470/1276 1277/2483/1276
f 1277/2483/1277 1296/2470/1277 1278/2484/1277
f 1278/2484/1278 1296/2470/1278 1279/2485/1278
f 1279/2485/1279 1296/2470/1279 1280/2486/1279
f 1280/2486/1280 1296/2470/1280 1281/2487/1280
f 1281/2487/1281 1296/2470/1281 1282/2488/1281
f 1282/2488/1282 1296/2470/1282 1283/2489/1282
f 1283/2489/1283 1296/2470/1283 1284/2490/1283
f 1284/2490/1284 1296/2470/1284 1285/2491/1284
f 1285/2491/1285 1296/2470/1285 1286/2492/1285
f 1286/2492/1286 1296/2470/1286 1287/2493/1286
f 1287/2493/1287 1296/2470/1287 1288/2494/1287
f 1288/2494/1288 1296/2470/1288 1289/2495/1288
f 1289/2495/1289 1296/2470/1289 1290/2496/1289
f 1290/2496/1290 1296/2470/1290 1291/2497/1290
f 1291/2497/1291 1296/2470/1291 1292/2498/1291
f 1292/2498/1292 1296/2470/1292 1293/2499/1292
f 1293/2499/1293 1296/2470/1293 1294/2500/1293
f 1264/2501/1294 1265/2502/1294 1266/2503/1294 1267/2504/1294 1268/2505/1294 1269/2506/1294 1270/2507/1294 1271/2508/1294 1272/2509/1294 1273/2510/1294 1274/2511/1294 1275/2512/1294 1276/2513/1294 1277/2514/1294 1278/2515/1294 1279/2516/1294 1280/2517/1294 1281/2518/1294 1282/2519/1294 1283/2520/1294 1284/2521/1294 1285/2522/1294 1286/2523/1294 1287/2524/1294 1288/2525/1294 1289/2526/1294 1290/2527/1294 1291/2528/1294 1292/2529/1294 1293/2530/1294 1294/2531/1294 1295/2532/1294
f 1294/2500/1295 1296/2470/1295 1295/2533/1295
f 1295/2533/1296 1296/2470/1296 1264/2469/1296
o Cone
v 0.530494 1.462218 0.698196
v 0.407104 1.613980 0.670471
v 0.265702 1.741694 0.618313
v 0.111722 1.840451 0.543726
v -0.048918 1.906455 0.449578
v -0.210045 1.937171 0.339485
v -0.365467 1.931418 0.217679
v -0.509211 1.889417 0.088840
v -0.635753 1.812782 -0.042080
v -0.740231 1.704458 -0.170050
v -0.818628 1.568609 -0.290152
v -0.867933 1.410454 -0.397771
v -0.886251 1.236071 -0.488770
v -0.872877 1.052162 -0.559654
v -0.828326 0.865795 -0.607698
v -0.754309 0.684131 -0.631055
v -0.653672 0.514151 -0.628829
v -0.530282 0.362389 -0.601104
v -0.388879 0.234675 -0.548946
v -0.234899 0.135918 -0.474359
v -0.074259 0.069914 -0.380211
v 0.086868 0.039198 -0.270118
v 0.242289 0.044951 -0.148311
v 0.386034 0.086952 -0.019473
v 0.512576 0.163587 0.111447
v 0.617053 0.271911 0.239417
v 0.695450 0.407760 0.359519
v 0.744755 0.565915 0.467138
v 0.763073 0.740298 0.558138
v 0.749699 0.924207 0.629021
v 0.705148 1.110574 0.677065
v 0.631132 1.292238 0.700422
v 1.096498 1.654067 -1.474459
vn 0.7295 0.6381 0.2464
vn 0.6113 0.7629 0.2107
vn 0.4794 0.8639 0.1542
vn 0.3390 0.9375 0.0788
vn 0.1954 0.9807 -0.0123
vn 0.0541 0.9918 -0.1158
vn -0.0795 0.9705 -0.2277
vn -0.2001 0.9175 -0.3437
vn -0.3032 0.8350 -0.4592
vn -0.3849 0.7260 -0.5700
vn -0.4419 0.5947 -0.6716
vn -0.4720 0.4463 -0.7603
vn -0.4742 0.2864 -0.8325
vn -0.4484 0.1211 -0.8856
vn -0.3955 -0.0432 -0.9175
vn -0.3175 -0.2001 -0.9269
vn -0.2175 -0.3437 -0.9135
vn -0.0993 -0.4685 -0.8779
vn 0.0325 -0.5696 -0.8213
vn 0.1730 -0.6431 -0.7460
vn 0.3166 -0.6863 -0.6548
vn 0.4579 -0.6974 -0.5513
vn 0.5914 -0.6761 -0.4394
vn 0.7121 -0.6232 -0.3235
vn 0.8152 -0.5406 -0.2079
vn 0.8968 -0.4316 -0.0972
vn 0.9538 -0.3004 0.0044
vn 0.9840 -0.1519 0.0931
vn 0.9862 0.0080 0.1654
vn 0.9603 0.1733 0.2184
vn -0.5746 -0.3304 0.7488
vn 0.9074 0.3375 0.2503
vn 0.8295 0.4945 0.2597
vt 0.250000 0.490000
vt 0.250000 0.250000
vt 0.296822 0.485388
vt 0.341844 0.471731
vt 0.383337 0.449553
vt 0.419706 0.419706
vt 0.449553 0.383337
vt 0.471731 0.341844
vt 0.485388 0.296822
vt 0.490000 0.250000
vt 0.485388 0.203178
vt 0.471731 0.158156
vt 0.449553 0.116663
vt 0.419706 0.080294
vt 0.383337 0.050447
vt 0.341844 0.028269
vt 0.296822 0.014612
vt 0.250000 0.010000
vt 0.203178 0.014612
vt 0.158156 0.028269
vt 0.116663 0.050447
vt 0.080294 0.080294
vt 0.050447 0.116663
vt 0.028269 0.158156
vt 0.014612 0.203178
vt 0.010000 0.250000
vt 0.014612 0.296822
vt 0.028269 0.341844
vt 0.050447 0.383337
vt 0.080294 0.419706
vt 0.116663 0.449553
vt 0.158156 0.471731
vt 0.750000 0.490000
vt 0.796822 0.485388
vt 0.841844 0.471731
vt 0.883337 0.449553
vt 0.919706 0.419706
vt 0.949553 0.383337
vt 0.971731 0.341844
vt 0.985388 0.296822
vt 0.990000 0.250000
vt 0.985388 0.203178
vt 0.971731 0.158156
vt 0.949553 0.116663
vt 0.919706 0.080294
vt 0.883337 0.050447
vt 0.841844 0.028269
vt 0.796822 0.014612
vt 0.750000 0.010000
vt 0.703178 0.014612
vt 0.658156 0.028269
vt 0.616663 0.050447
vt 0.580294 0.080294
vt 0.550447 0.116663
vt 0.528269 0.158156
vt 0.514612 0.203178
vt 0.510000 0.250000
vt 0.514612 0.296822
vt 0.528269 0.341844
vt 0.550447 0.383337
vt 0.580294 0.419706
vt 0.616663 0.449553
vt 0.658156 0.471731
vt 0.703178 0.485388
vt 0.203178 0.485388
s 0
f 1297/2534/1297 1329/2535/1297 1298/2536/1297
f 1298/2536/1298 1329/2535/1298 1299/2537/1298
f 1299/2537/1299 1329/2535/1299 1300/2538/1299
f 1300/2538/1300 1329/2535/1300 1301/2539/1300
f 1301/2539/1301 1329/2535/1301 1302/2540/1301
f 1302/2540/1302 1329/2535/1302 1303/2541/1302
f 1303/2541/1303 1329/2535/1303 1304/2542/1303
f 1304/2542/1304 1329/2535/1304 1305/2543/1304
f 1305/2543/1305 1329/2535/1305 1306/2544/1305
f 1306/2544/1306 1329/2535/1306 1307/2545/1306
f 1307/2545/1307 1329/2535/1307 1308/2546/1307
f 1308/2546/1308 1329/2535/1308 1309/2547/1308
f 1309/2547/1309 1329/2535/1309 1310/2548/1309
f 1310/2548/1310 1329/2535/1310 1311/2549/1310
f 1311/2549/1311 1329/2535/1311 1312/2550/1311
f 1312/2550/1312 1329/2535/1312 1313/2551/1312
f 1313/2551/1313 1329/2535/1313 1314/2552/1313
f 1314/2552/1314 1329/2535/1314 1315/2553/1314
f 1315/2553/1315 1329/2535/1315 1316/2554/1315
f 1316/2554/1316 1329/2535/1316 1317/2555/1316
f 1317/2555/1317 1329/2535/1317 1318/2556/1317
f 1318/2556/1318 1329/2535/1318 1319/2557/1318
f 1319/2557/1319 1329/2535/1319 1320/2558/1319
f 1320/2558/1320 1329/2535/1320 1321/2559/1320
f 1321/2559/1321 1329/2535/1321 1322/2560/1321
f 1322/2560/1322 1329/2535/1322 1323/2561/1322
f 1323/2561/1323 1329/2535/1323 1324/2562/1323
f 1324/2562/1324 1329/2535/1324 1325/2563/1324
f 1325/2563/1325 1329/2535/1325 1326/2564/1325
f 1326/2564/1326 1329/2535/1326 1327/2565/1326
f 1297/2566/1327 1298/2567/1327 1299/2568/1327 1300/2569/1327 1301/2570/1327 1302/2571/1327 1303/2572/1327 1304/2573/1327 1305/2574/1327 1306/2575/1327 1307/2576/1327 1308/2577/1327 1309/2578/1327 1310/2579/1327 1311/2580/1327 1312/2581/1327 1313/2582/1327 1314/2583/1327 1315/2584/1327 1316/2585/1327 1317/2586/1327 1318/2587/1327 1319/2588/1327 1320/2589/1327 1321/2590/1327 1322/2591/1327 1323/2592/1327 1324/2593/1327 1325/2594/1327 1326/2595/1327 1327/2596/1327 1328/2597/1327
f 1327/2565/1328 1329/2535/1328 1328/2598/1328
f 1328/2598/1329 1329/2535/1329 1297/2534/1329
o Cone
v 0.941134 1.400297 0.184649
v 0.839999 1.559613 0.243088
v 0.707714 1.696970 0.294655
v 0.549364 1.807090 0.337368
v 0.371034 1.885739 0.369585
v 0.179576 1.929895 0.390069
v -0.017651 1.937863 0.398032
v -0.213068 1.909335 0.393168
v -0.399166 1.845408 0.375664
v -0.568792 1.748538 0.346192
v -0.715428 1.622448 0.305887
v -0.833440 1.471985 0.256295
v -0.918291 1.302929 0.199323
v -0.966721 1.121778 0.137161
v -0.976870 0.935493 0.072197
v -0.948346 0.751233 0.006928
v -0.882246 0.576079 -0.056138
v -0.781110 0.416762 -0.114578
v -0.648826 0.279405 -0.166145
v -0.490476 0.169286 -0.208858
v -0.312145 0.090637 -0.241075
v -0.120688 0.046480 -0.261559
v 0.076539 0.038513 -0.269521
v 0.271956 0.067041 -0.264657
v 0.458054 0.130968 -0.247153
v 0.627680 0.227838 -0.217682
v 0.774317 0.353927 -0.177376
v 0.892328 0.504391 -0.127784
v 0.977179 0.673447 -0.070813
v 1.025609 0.854598 -0.008651
v 1.035758 1.040883 0.056313
v 1.007234 1.225143 0.121583
v -0.020431 1.654065 -1.837362
vn 0.7577 0.5862 -0.2868
vn 0.6535 0.7186 -0.2377
vn 0.5238 0.8291 -0.1956
vn 0.3735 0.9133 -0.1621
vn 0.2085 0.9682 -0.1386
vn 0.0350 0.9914 -0.1259
vn -0.1403 0.9822 -0.1245
vn -0.3106 0.9410 -0.1345
vn -0.4694 0.8692 -0.1555
vn -0.6105 0.7697 -0.1866
vn -0.7287 0.6462 -0.2268
vn -0.8192 0.5036 -0.2743
vn -0.8787 0.3473 -0.3275
vn -0.9049 0.1833 -0.3842
vn -0.8967 0.0179 -0.4424
vn -0.8544 -0.1425 -0.4997
vn -0.7798 -0.2918 -0.5539
vn -0.6756 -0.4243 -0.6030
vn -0.5459 -0.5347 -0.6451
vn -0.3956 -0.6190 -0.6785
vn -0.2305 -0.6738 -0.7020
vn -0.0570 -0.6971 -0.7147
vn 0.1182 -0.6879 -0.7161
vn 0.2885 -0.6466 -0.7061
vn 0.4473 -0.5748 -0.6852
vn 0.5885 -0.4753 -0.6540
vn 0.7066 -0.3519 -0.6139
vn 0.7972 -0.2093 -0.5663
vn 0.8567 -0.0529 -0.5132
vn 0.8828 0.1111 -0.4564
vn 0.0247 -0.3304 0.9435
vn 0.8746 0.2765 -0.3983
vn 0.8324 0.4369 -0.3410
vt 0.250000 0.490000
vt 0.250000 0.250000
vt 0.296822 0.485388
vt 0.341844 0.471731
vt 0.383337 0.449553
vt 0.419706 0.419706
vt 0.449553 0.383337
vt 0.471731 0.341844
vt 0.485388 0.296822
vt 0.490000 0.250000
vt 0.485388 0.203178
vt 0.471731 0.158156
vt 0.449553 0.116663
vt 0.419706 0.080294
vt 0.383337 0.050447
vt 0.341844 0.028269
vt 0.296822 0.014612
vt 0.250000 0.010000
vt 0.203178 0.014612
vt 0.158156 0.028269
vt 0.116663 0.050447
vt 0.080294 0.080294
vt 0.050447 0.116663
vt 0.028269 0.158156
vt 0.014612 0.203178
vt 0.010000 0.250000
vt 0.014612 0.296822
vt 0.028269 0.341844
vt 0.050447 0.383337
vt 0.080294 0.419706
vt 0.116663 0.449553
vt 0.158156 0.471731
vt 0.750000 0.490000
vt 0.796822 0.485388
vt 0.841844 0.471731
vt 0.883337 0.449553
vt 0.919706 0.419706
vt 0.949553 0.383337
vt 0.971731 0.341844
vt 0.985388 0.296822
vt 0.990000 0.250000
vt 0.985388 0.203178
vt 0.971731 0.158156
vt 0.949553 0.116663
vt 0.919706 0.080294
vt 0.883337 0.050447
vt 0.841844 0.028269
vt 0.796822 0.014612
vt 0.750000 0.010000
vt 0.703178 0.014612
vt 0.658156 0.028269
vt 0.616663 0.050447
vt 0.580294 0.080294
vt 0.550447 0.116663
vt 0.528269 0.158156
vt 0.514612 0.203178
vt 0.510000 0.250000
vt 0.514612 0.296822
vt 0.528269 0.341844
vt 0.550447 0.383337
vt 0.580294 0.419706
vt 0.616663 0.449553
vt 0.658156 0.471731
vt 0.703178 0.485388
vt 0.203178 0.485388
s 0
f 1330/2599/1330 1362/2600/1330 1331/2601/1330
f 1331/2601/1331 1362/2600/1331 1332/2602/1331
f 1332/2602/1332 1362/2600/1332 1333/2603/1332
f 1333/2603/1333 1362/2600/1333 1334/2604/1333
f 1334/2604/1334 1362/2600/1334 1335/2605/1334
f 1335/2605/1335 1362/2600/1335 1336/2606/1335
f 1336/2606/1336 1362/2600/1336 1337/2607/1336
f 1337/2607/1337 1362/2600/1337 1338/2608/1337
f 1338/2608/1338 1362/2600/1338 1339/2609/1338
f 1339/2609/1339 1362/2600/1339 1340/2610/1339
f 1340/2610/1340 1362/2600/1340 1341/2611/1340
f 1341/2611/1341 1362/2600/1341 1342/2612/1341
f 1342/2612/1342 1362/2600/1342 1343/2613/1342
f 1343/2613/1343 1362/2600/1343 1344/2614/1343
f 1344/2614/1344 1362/2600/1344 1345/2615/1344
f 1345/2615/1345 1362/2600/1345 1346/2616/1345
f 1346/2616/1346 1362/2600/1346 1347/2617/1346
f 1347/2617/1347 1362/2600/1347 1348/2618/1347
f 1348/2618/1348 1362/2600/1348 1349/2619/1348
f 1349/2619/1349 1362/2600/1349 1350/2620/1349
f 1350/2620/1350 1362/2600/1350 1351/2621/1350
f 1351/2621/1351 1362/2600/1351 1352/2622/1351
f 1352/2622/1352 1362/2600/1352 1353/2623/1352
f 1353/2623/1353 1362/2600/1353 1354/2624/1353
f 1354/2624/1354 1362/2600/1354 1355/2625/1354
f 1355/2625/1355 1362/2600/1355 1356/2626/1355
f 1356/2626/1356 1362/2600/1356 1357/2627/1356
f 1357/2627/1357 1362/2600/1357 1358/2628/1357
f 1358/2628/1358 1362/2600/1358 1359/2629/1358
f 1359/2629/1359 1362/2600/1359 1360/2630/1359
f 1330/2631/1360 1331/2632/1360 1332/2633/1360 1333/2634/1360 1334/2635/1360 1335/2636/1360 1336/2637/1360 1337/2638/1360 1338/2639/1360 1339/2640/1360 1340/2641/1360 1341/2642/1360 1342/2643/1360 1343/2644/1360 1344/2645/1360 1345/2646/1360 1346/2647/1360 1347/2648/1360 1348/2649/1360 1349/2650/1360 1350/2651/1360 1351/2652/1360 1352/2653/1360 1353/2654/1360 1354/2655/1360 1355/2656/1360 1356/2657/1360 1357/2658/1360 1358/2659/1360 1359/2660/1360 1360/2661/1360 1361/2662/1360
f 1360/2630/1361 1362/2600/1361 1361/2663/1361
f 1361/2663/1362 1362/2600/1362 1330/2599/1362
o Cone
v 0.113402 2.044631 0.349021
v -0.091559 2.023907 0.411455
v -0.291089 1.962530 0.463961
v -0.477522 1.862859 0.504521
v -0.643692 1.728725 0.531576
v -0.783213 1.565282 0.544087
v -0.890724 1.378811 0.541573
v -0.962094 1.176478 0.524131
v -0.994579 0.966058 0.492430
v -0.986931 0.755639 0.447690
v -0.939444 0.553306 0.391628
v -0.853944 0.366835 0.326401
v -0.733715 0.203392 0.254514
v -0.583378 0.069257 0.178730
v -0.408710 -0.030413 0.101961
v -0.216424 -0.091790 0.027158
v -0.013910 -0.112515 -0.042804
v 0.191051 -0.091790 -0.105238
v 0.390582 -0.030414 -0.157744
v 0.577014 0.069257 -0.198304
v 0.743184 0.203392 -0.225360
v 0.882705 0.366835 -0.237871
v 0.990216 0.553306 -0.235357
v 1.061586 0.755639 -0.217915
v 1.094071 0.966058 -0.186214
v 1.086423 1.176477 -0.141473
v 1.038937 1.378810 -0.085412
v 0.953436 1.565281 -0.020185
v 0.833207 1.728725 0.051702
v 0.682870 1.862859 0.127486
v 0.508203 1.962530 0.204255
v 0.315917 2.023907 0.279058
v -0.616849 1.378048 -1.898460
vn -0.1670 0.9587 -0.2301
vn -0.3327 0.9251 -0.1830
vn -0.4908 0.8591 -0.1449
vn -0.6353 0.7634 -0.1172
vn -0.7605 0.6415 -0.1010
vn -0.8617 0.4981 -0.0969
vn -0.9350 0.3388 -0.1050
vn -0.9775 0.1698 -0.1252
vn -0.9877 -0.0026 -0.1565
vn -0.9651 -0.1717 -0.1978
vn -0.9106 -0.3310 -0.2475
vn -0.8263 -0.4743 -0.3036
vn -0.7155 -0.5962 -0.3641
vn -0.5824 -0.6920 -0.4266
vn -0.4321 -0.7580 -0.4887
vn -0.2703 -0.7916 -0.5480
vn -0.1034 -0.7916 -0.6022
vn 0.0623 -0.7580 -0.6493
vn 0.2204 -0.6920 -0.6875
vn 0.3648 -0.5962 -0.7151
vn 0.4900 -0.4743 -0.7314
vn 0.5912 -0.3310 -0.7355
vn 0.6645 -0.1717 -0.7273
vn 0.7071 -0.0026 -0.7071
vn 0.7172 0.1698 -0.6758
vn 0.6947 0.3388 -0.6345
vn 0.6402 0.4981 -0.5849
vn 0.5559 0.6415 -0.5287
vn 0.4451 0.7634 -0.4682
vn 0.3119 0.8591 -0.4057
vn 0.3035 -0.1876 0.9342
vn 0.1616 0.9251 -0.3436
vn -0.0001 0.9587 -0.2843
vt 0.250000 0.490000
vt 0.250000 0.250000
vt 0.296822 0.485388
vt 0.341844 0.471731
vt 0.383337 0.449553
vt 0.419706 0.419706
vt 0.449553 0.383337
vt 0.471731 0.341844
vt 0.485388 0.296822
vt 0.490000 0.250000
vt 0.485388 0.203178
vt 0.471731 0.158156
vt 0.449553 0.116663
vt 0.419706 0.080294
vt 0.383337 0.050447
vt 0.341844 0.028269
vt 0.296822 0.014612
vt 0.250000 0.010000
vt 0.203178 0.014612
vt 0.158156 0.028269
vt 0.116663 0.050447
vt 0.080294 0.080294
vt 0.050447 0.116663
vt 0.028269 0.158156
vt 0.014612 0.203178
vt 0.010000 0.250000
vt 0.014612 0.296822
vt 0.028269 0.341844
vt 0.050447 0.383337
vt 0.080294 0.419706
vt 0.116663 0.449553
vt 0.158156 0.471731
vt 0.750000 0.490000
vt 0.796822 0.485388
vt 0.841844 0.471731
vt 0.883337 0.449553
vt 0.919706 0.419706
vt 0.949553 0.383337
vt 0.971731 0.341844
vt 0.985388 0.296822
vt 0.990000 0.250000
vt 0.985388 0.203178
vt 0.971731 0.158156
vt 0.949553 0.116663
vt 0.919706 0.080294
vt 0.883337 0.050447
vt 0.841844 0.028269
vt 0.796822 0.014612
vt 0.750000 0.010000
vt 0.703178 0.014612
vt 0.658156 0.028269
vt 0.616663 0.050447
vt 0.580294 0.080294
vt 0.550447 0.116663
vt 0.528269 0.158156
vt 0.514612 0.203178
vt 0.510000 0.250000
vt 0.514612 0.296822
vt 0.528269 0.341844
vt 0.550447 0.383337
vt 0.580294 0.419706
vt 0.616663 0.449553
vt 0.658156 0.471731
vt 0.703178 0.485388
vt 0.203178 0.485388
s 0
f 1363/2664/1363 1395/2665/1363 1364/2666/1363
f 1364/2666/1364 1395/2665/1364 1365/2667/1364
f 1365/2667/1365 1395/2665/1365 1366/2668/1365
f 1366/2668/1366 1395/2665/1366 1367/2669/1366
f 1367/2669/1367 1395/2665/1367 1368/2670/1367
f 1368/2670/1368 1395/2665/1368 1369/2671/1368
f 1369/2671/1369 1395/2665/1369 1370/2672/1369
f 1370/2672/1370 1395/2665/1370 1371/2673/1370
f 1371/2673/1371 1395/2665/1371 1372/2674/1371
f 1372/2674/1372 1395/2665/1372 1373/2675/1372
f 1373/2675/1373 1395/2665/1373 1374/2676/1373
f 1374/2676/1374 1395/2665/1374 1375/2677/1374
f 1375/2677/1375 1395/2665/1375 1376/2678/1375
f 1376/2678/1376 1395/2665/1376 1377/2679/1376
f 1377/2679/1377 1395/2665/1377 1378/2680/1377
f 1378/2680/1378 1395/2665/1378 1379/2681/1378
f 1379/2681/1379 1395/2665/1379 1380/2682/1379
f 1380/2682/1380 1395/2665/1380 1381/2683/1380
f 1381/2683/1381 1395/2665/1381 1382/2684/1381
f 1382/2684/1382 1395/2665/1382 1383/2685/1382
f 1383/2685/1383 1395/2665/1383 1384/2686/1383
f 1384/2686/1384 1395/2665/1384 1385/2687/1384
f 1385/2687/1385 1395/2665/1385 1386/2688/1385
f 1386/2688/1386 1395/2665/1386 1387/2689/1386
f 1387/2689/1387 1395/2665/1387 1388/2690/1387
f 1388/2690/1388 1395/2665/1388 1389/2691/1388
f 1389/2691/1389 1395/2665/1389 1390/2692/1389
f 1390/2692/1390 1395/2665/1390 1391/2693/1390
f 1391/2693/1391 1395/2665/1391 1392/2694/1391
f 1392/2694/1392 1395/2665/1392 1393/2695/1392
f 1363/2696/1393 1364/2697/1393 1365/2698/1393 1366/2699/1393 1367/2700/1393 1368/2701/1393 1369/2702/1393 1370/2703/1393 1371/2704/1393 1372/2705/1393 1373/2706/1393 1374/2707/1393 1375/2708/1393 1376/2709/1393 1377/2710/1393 1378/2711/1393 1379/2712/1393 1380/2713/1393 1381/2714/1393 1382/2715/1393 1383/2716/1393 1384/2717/1393 1385/2718/1393 1386/2719/1393 1387/2720/1393 1388/2721/1393 1389/2722/1393 1390/2723/1393 1391/2724/1393 1392/2725/1393 1393/2726/1393 1394/2727/1393
f 1393/2695/1394 1395/2665/1394 1394/2728/1394
f 1394/2728/1395 1395/2665/1395 1363/2664/1395
o Cone
v 0.827948 1.462219 -0.288780
v 0.763450 1.613981 -0.179996
v 0.670150 1.741694 -0.061633
v 0.551633 1.840450 0.061762
v 0.412452 1.906454 0.185446
v 0.257958 1.937170 0.304666
v 0.094086 1.931417 0.414841
v -0.072865 1.889416 0.511736
v -0.236480 1.812781 0.591628
v -0.390471 1.704458 0.651447
v -0.528920 1.568609 0.688895
v -0.646507 1.410454 0.702531
v -0.738712 1.236072 0.691832
v -0.801994 1.052164 0.657209
v -0.833919 0.865798 0.599992
v -0.833261 0.684134 0.522381
v -0.800045 0.514156 0.427358
v -0.735547 0.362394 0.318574
v -0.642247 0.234681 0.200211
v -0.523729 0.135925 0.076816
v -0.384549 0.069921 -0.046868
v -0.230055 0.039205 -0.166088
v -0.066183 0.044958 -0.276263
v 0.100768 0.086959 -0.373158
v 0.264383 0.163594 -0.453051
v 0.418374 0.271917 -0.512870
v 0.556823 0.407766 -0.550317
v 0.674410 0.565921 -0.563953
v 0.766616 0.740303 -0.553254
v 0.829897 0.924211 -0.518631
v 0.861822 1.110577 -0.461414
v 0.861164 1.292240 -0.383803
v -1.063459 1.654065 -1.498458
vn 0.4597 0.6381 -0.6176
vn 0.3893 0.7629 -0.5162
vn 0.2948 0.8639 -0.4083
vn 0.1797 0.9375 -0.2980
vn 0.0486 0.9807 -0.1896
vn -0.0935 0.9918 -0.0872
vn -0.2411 0.9705 0.0052
vn -0.3887 0.9175 0.0841
vn -0.5304 0.8350 0.1465
vn -0.6610 0.7260 0.1899
vn -0.7753 0.5947 0.2127
vn -0.8689 0.4463 0.2140
vn -0.9383 0.2864 0.1938
vn -0.9808 0.1211 0.1528
vn -0.9948 -0.0432 0.0926
vn -0.9796 -0.2001 0.0155
vn -0.9360 -0.3437 -0.0754
vn -0.8656 -0.4685 -0.1768
vn -0.7710 -0.5696 -0.2847
vn -0.6560 -0.6431 -0.3950
vn -0.5249 -0.6863 -0.5034
vn -0.3828 -0.6974 -0.6058
vn -0.2352 -0.6761 -0.6983
vn -0.0876 -0.6232 -0.7772
vn 0.0542 -0.5406 -0.8395
vn 0.1847 -0.4316 -0.8830
vn 0.2990 -0.3004 -0.9058
vn 0.3926 -0.1519 -0.9071
vn 0.4620 0.0080 -0.8868
vn 0.5045 0.1733 -0.8458
vn 0.5346 -0.3304 0.7779
vn 0.5185 0.3375 -0.7857
vn 0.5034 0.4945 -0.7086
vt 0.250000 0.490000
vt 0.250000 0.250000
vt 0.296822 0.485388
vt 0.341844 0.471731
vt 0.383337 0.449553
vt 0.419706 0.419706
vt 0.449553 0.383337
vt 0.471731 0.341844
vt 0.485388 0.296822
vt 0.490000 0.250000
vt 0.485388 0.203178
vt 0.471731 0.158156
vt 0.449553 0.116663
vt 0.419706 0.080294
vt 0.383337 0.050447
vt 0.341844 0.028269
vt 0.296822 0.014612
vt 0.250000 0.010000
vt 0.203178 0.014612
vt 0.158156 0.028269
vt 0.116663 0.050447
vt 0.080294 0.080294
vt 0.050447 0.116663
vt 0.028269 0.158156
vt 0.014612 0.203178
vt 0.010000 0.250000
vt 0.014612 0.296822
vt 0.028269 0.341844
vt 0.050447 0.383337
vt 0.080294 0.419706
vt 0.116663 0.449553
vt 0.158156 0.471731
vt 0.750000 0.490000
vt 0.796822 0.485388
vt 0.841844 0.471731
vt 0.883337 0.449553
vt 0.919706 0.419706
vt 0.949553 0.383337
vt 0.971731 0.341844
vt 0.985388 0.296822
vt 0.990000 0.250000
vt 0.985388 0.203178
vt 0.971731 0.158156
vt 0.949553 0.116663
vt 0.919706 0.080294
vt 0.883337 0.050447
vt 0.841844 0.028269
vt 0.796822 0.014612
vt 0.750000 0.010000
vt 0.703178 0.014612
vt 0.658156 0.028269
vt 0.616663 0.050447
vt 0.580294 0.080294
vt 0.550447 0.116663
vt 0.528269 0.158156
vt 0.514612 0.203178
vt 0.510000 0.250000
vt 0.514612 0.296822
vt 0.528269 0.341844
vt 0.550447 0.383337
vt 0.580294 0.419706
vt 0.616663 0.449553
vt 0.658156 0.471731
vt 0.703178 0.485388
vt 0.203178 0.485388
s 0
f 1396/2729/1396 1428/2730/1396 1397/2731/1396
f 1397/2731/1397 1428/2730/1397 1398/2732/1397
f 1398/2732/1398 1428/2730/1398 1399/2733/1398
f 1399/2733/1399 1428/2730/1399 1400/2734/1399
f 1400/2734/1400 1428/2730/1400 1401/2735/1400
f 1401/2735/1401 1428/2730/1401 1402/2736/1401
f 1402/2736/1402 1428/2730/1402 1403/2737/1402
f 1403/2737/1403 1428/2730/1403 1404/2738/1403
f 1404/2738/1404 1428/2730/1404 1405/2739/1404
f 1405/2739/1405 1428/2730/1405 1406/2740/1405
f 1406/2740/1406 1428/2730/1406 1407/2741/1406
f 1407/2741/1407 1428/2730/1407 1408/2742/1407
f 1408/2742/1408 1428/2730/1408 1409/2743/1408
f 1409/2743/1409 1428/2730/1409 1410/2744/1409
f 1410/2744/1410 1428/2730/1410 1411/2745/1410
f 1411/2745/1411 1428/2730/1411 1412/2746/1411
f 1412/2746/1412 1428/2730/1412 1413/2747/1412
f 1413/2747/1413 1428/2730/1413 1414/2748/1413
f 1414/2748/1414 1428/2730/1414 1415/2749/1414
f 1415/2749/1415 1428/2730/1415 1416/2750/1415
f 1416/2750/1416 1428/2730/1416 1417/2751/1416
f 1417/2751/1417 1428/2730/1417 1418/2752/1417
f 1418/2752/1418 1428/2730/1418 1419/2753/1418
f 1419/2753/1419 1428/2730/1419 1420/2754/1419
f 1420/2754/1420 1428/2730/1420 1421/2755/1420
f 1421/2755/1421 1428/2730/1421 1422/2756/1421
f 1422/2756/1422 1428/2730/1422 1423/2757/1422
f 1423/2757/1423 1428/2730/1423 1424/2758/1423
f 1424/2758/1424 1428/2730/1424 1425/2759/1424
f 1425/2759/1425 1428/2730/1425 1426/2760/1425
f 1396/2761/1426 1397/2762/1426 1398/2763/1426 1399/2764/1426 1400/2765/1426 1401/2766/1426 1402/2767/1426 1403/2768/1426 1404/2769/1426 1405/2770/1426 1406/2771/1426 1407/2772/1426 1408/2773/1426 1409/2774/1426 1410/2775/1426 1411/2776/1426 1412/2777/1426 1413/2778/1426 1414/2779/1426 1415/2780/1426 1416/2781/1426 1417/2782/1426 1418/2783/1426 1419/2784/1426 1420/2785/1426 1421/2786/1426 1422/2787/1426 1423/2788/1426 1424/2789/1426 1425/2790/1426 1426/2791/1426 1427/2792/1426
f 1426/2760/1427 1428/2730/1427 1427/2793/1427
f 1427/2793/1428 1428/2730/1428 1396/2729/1428
o Cone
v 0.466430 1.400287 -0.838012
v 0.490757 1.559605 -0.723770
v 0.498922 1.696963 -0.582027
v 0.490612 1.807083 -0.418230
v 0.466146 1.885734 -0.238674
v 0.426464 1.929893 -0.050259
v 0.373091 1.937862 0.139775
v 0.308078 1.909337 0.324124
v 0.233924 1.845412 0.495704
v 0.153478 1.748544 0.647922
v 0.069832 1.622457 0.774927
v -0.013800 1.471995 0.871840
v -0.094203 1.302941 0.934934
v -0.168289 1.121791 0.961787
v -0.233209 0.935507 0.951366
v -0.286469 0.751248 0.904071
v -0.326023 0.576094 0.821721
v -0.350350 0.416777 0.707479
v -0.358515 0.279419 0.565736
v -0.350205 0.169298 0.401939
v -0.325739 0.090647 0.222383
v -0.286057 0.046489 0.033967
v -0.232684 0.038519 -0.156066
v -0.167671 0.067045 -0.340416
v -0.093517 0.130970 -0.511996
v -0.013071 0.227837 -0.664213
v 0.070575 0.353924 -0.791219
v 0.154207 0.504386 -0.888131
v 0.234610 0.673440 -0.951226
v 0.308696 0.854590 -0.978079
v 0.373616 1.040874 -0.967657
v 0.426876 1.225134 -0.920363
v -1.753746 1.654061 -0.548346
vn -0.0386 0.5862 -0.8093
vn -0.0241 0.7186 -0.6950
vn -0.0241 0.8291 -0.5586
vn -0.0388 0.9133 -0.4054
vn -0.0674 0.9682 -0.2411
vn -0.1089 0.9914 -0.0722
vn -0.1618 0.9822 0.0949
vn -0.2239 0.9410 0.2538
vn -0.2929 0.8692 0.3983
vn -0.3662 0.7697 0.5230
vn -0.4408 0.6462 0.6229
vn -0.5140 0.5036 0.6943
vn -0.5830 0.3473 0.7345
vn -0.6450 0.1833 0.7418
vn -0.6978 0.0179 0.7161
vn -0.7392 -0.1425 0.6582
vn -0.7677 -0.2918 0.5704
vn -0.7822 -0.4242 0.4562
vn -0.7822 -0.5347 0.3198
vn -0.7676 -0.6190 0.1665
vn -0.7389 -0.6738 0.0023
vn -0.6974 -0.6971 -0.1666
vn -0.6445 -0.6879 -0.3337
vn -0.5824 -0.6466 -0.4926
vn -0.5134 -0.5748 -0.6372
vn -0.4402 -0.4753 -0.7618
vn -0.3655 -0.3519 -0.8617
vn -0.2923 -0.2093 -0.9332
vn -0.2233 -0.0529 -0.9733
vn -0.1613 0.1111 -0.9806
vn 0.9050 -0.3304 0.2680
vn -0.1085 0.2765 -0.9549
vn -0.0671 0.4369 -0.8970
vt 0.250000 0.490000
vt 0.250000 0.250000
vt 0.296822 0.485388
vt 0.341844 0.471731
vt 0.383337 0.449553
vt 0.419706 0.419706
vt 0.449553 0.383337
vt 0.471731 0.341844
vt 0.485388 0.296822
vt 0.490000 0.250000
vt 0.485388 0.203178
vt 0.471731 0.158156
vt 0.449553 0.116663
vt 0.419706 0.080294
vt 0.383337 0.050447
vt 0.341844 0.028269
vt 0.296822 0.014612
vt 0.250000 0.010000
vt 0.203178 0.014612
vt 0.158156 0.028269
vt 0.116663 0.050447
vt 0.080294 0.080294
vt 0.050447 0.116663
vt 0.028269 0.158156
vt 0.014612 0.203178
vt 0.010000 0.250000
vt 0.014612 0.296822
vt 0.028269 0.341844
vt 0.050447 0.383337
vt 0.080294 0.419706
vt 0.116663 0.449553
vt 0.158156 0.471731
vt 0.750000 0.490000
vt 0.796822 0.485388
vt 0.841844 0.471731
vt 0.883337 0.449553
vt 0.919706 0.419706
vt 0.949553 0.383337
vt 0.971731 0.341844
vt 0.985388 0.296822
vt 0.990000 0.250000
vt 0.985388 0.203178
vt 0.971731 0.158156
vt 0.949553 0.116663
vt 0.919706 0.080294
vt 0.883337 0.050447
vt 0.841844 0.028269
vt 0.796822 0.014612
vt 0.750000 0.010000
vt 0.703178 0.014612
vt 0.658156 0.028269
vt 0.616663 0.050447
vt 0.580294 0.080294
vt 0.550447 0.116663
vt 0.528269 0.158156
vt 0.514612 0.203178
vt 0.510000 0.250000
vt 0.514612 0.296822
vt 0.528269 0.341844
vt 0.550447 0.383337
vt 0.580294 0.419706
vt 0.616663 0.449553
vt 0.658156 0.471731
vt 0.703178 0.485388
vt 0.203178 0.485388
s 0
f 1429/2794/1429 1461/2795/1429 1430/2796/1429
f 1430/2796/1430 1461/2795/1430 1431/2797/1430
f 1431/2797/1431 1461/2795/1431 1432/2798/1431
f 1432/2798/1432 1461/2795/1432 1433/2799/1432
f 1433/2799/1433 1461/2795/1433 1434/2800/1433
f 1434/2800/1434 1461/2795/1434 1435/2801/1434
f 1435/2801/1435 1461/2795/1435 1436/2802/1435
f 1436/2802/1436 1461/2795/1436 1437/2803/1436
f 1437/2803/1437 1461/2795/1437 1438/2804/1437
f 1438/2804/1438 1461/2795/1438 1439/2805/1438
f 1439/2805/1439 1461/2795/1439 1440/2806/1439
f 1440/2806/1440 1461/2795/1440 1441/2807/1440
f 1441/2807/1441 1461/2795/1441 1442/2808/1441
f 1442/2808/1442 1461/2795/1442 1443/2809/1442
f 1443/2809/1443 1461/2795/1443 1444/2810/1443
f 1444/2810/1444 1461/2795/1444 1445/2811/1444
f 1445/2811/1445 1461/2795/1445 1446/2812/1445
f 1446/2812/1446 1461/2795/1446 1447/2813/1446
f 1447/2813/1447 1461/2795/1447 1448/2814/1447
f 1448/2814/1448 1461/2795/1448 1449/2815/1448
f 1449/2815/1449 1461/2795/1449 1450/2816/1449
f 1450/2816/1450 1461/2795/1450 1451/2817/1450
f 1451/2817/1451 1461/2795/1451 1452/2818/1451
f 1452/2818/1452 1461/2795/1452 1453/2819/1452
f 1453/2819/1453 1461/2795/1453 1454/2820/1453
f 1454/2820/1454 1461/2795/1454 1455/2821/1454
f 1455/2821/1455 1461/2795/1455 1456/2822/1455
f 1456/2822/1456 1461/2795/1456 1457/2823/1456
f 1457/2823/1457 1461/2795/1457 1458/2824/1457
f 1458/2824/1458 1461/2795/1458 1459/2825/1458
f 1429/2826/1459 1430/2827/1459 1431/2828/1459 1432/2829/1459 1433/2830/1459 1434/2831/1459 1435/2832/1459 1436/2833/1459 1437/2834/1459 1438/2835/1459 1439/2836/1459 1440/2837/1459 1441/2838/1459 1442/2839/1459 1443/2840/1459 1444/2841/1459 1445/2842/1459 1446/2843/1459 1447/2844/1459 1448/2845/1459 1449/2846/1459 1450/2847/1459 1451/2848/1459 1452/2849/1459 1453/2850/1459 1454/2851/1459 1455/2852/1459 1456/2853/1459 1457/2854/1459 1458/2855/1459 1459/2856/1459 1460/2857/1459
f 1459/2825/1460 1461/2795/1460 1460/2858/1460
f 1460/2858/1461 1461/2795/1461 1429/2794/1461
o Cone
v 0.366970 2.044621 0.000000
v 0.363012 2.023897 0.214221
v 0.351290 1.962521 0.420209
v 0.332254 1.862851 0.610049
v 0.306635 1.728718 0.776445
v 0.275420 1.565276 0.913002
v 0.239806 1.378807 1.014474
v 0.201163 1.176475 1.076960
v 0.160976 0.966058 1.098059
v 0.120788 0.755641 1.076960
v 0.082145 0.553310 1.014474
v 0.046531 0.366840 0.913002
v 0.015316 0.203399 0.776445
v -0.010302 0.069265 0.610049
v -0.029338 -0.030404 0.420209
v -0.041061 -0.091781 0.214221
v -0.045019 -0.112505 0.000000
v -0.041061 -0.091781 -0.214220
v -0.029338 -0.030404 -0.420209
v -0.010302 0.069265 -0.610048
v 0.015316 0.203399 -0.776444
v 0.046531 0.366840 -0.913002
v 0.082145 0.553310 -1.014474
v 0.120788 0.755641 -1.076959
v 0.160976 0.966058 -1.098058
v 0.201163 1.176475 -1.076959
v 0.239806 1.378807 -1.014474
v 0.275420 1.565276 -0.913002
v 0.306635 1.728718 -0.776445
v 0.332254 1.862851 -0.610049
v 0.351290 1.962521 -0.420209
v 0.363012 2.023897 -0.214221
v -1.996151 1.378047 0.000000
vn -0.2704 0.9587 0.0878
vn -0.2769 0.9251 0.2599
vn -0.2895 0.8591 0.4220
vn -0.3077 0.7634 0.5680
vn -0.3310 0.6415 0.6921
vn -0.3584 0.4981 0.7896
vn -0.3888 0.3388 0.8567
vn -0.4211 0.1698 0.8910
vn -0.4540 -0.0026 0.8910
vn -0.4863 -0.1717 0.8567
vn -0.5168 -0.3310 0.7896
vn -0.5441 -0.4743 0.6921
vn -0.5674 -0.5962 0.5680
vn -0.5857 -0.6920 0.4220
vn -0.5983 -0.7580 0.2599
vn -0.6047 -0.7916 0.0878
vn -0.6047 -0.7916 -0.0878
vn -0.5983 -0.7580 -0.2599
vn -0.5857 -0.6920 -0.4220
vn -0.5674 -0.5962 -0.5680
vn -0.5441 -0.4743 -0.6921
vn -0.5168 -0.3310 -0.7896
vn -0.4863 -0.1717 -0.8567
vn -0.4540 -0.0026 -0.8910
vn -0.4211 0.1698 -0.8910
vn -0.3888 0.3388 -0.8567
vn -0.3584 0.4981 -0.7896
vn -0.3310 0.6415 -0.6921
vn -0.3077 0.7634 -0.5680
vn -0.2895 0.8591 -0.4220
vn 0.9822 -0.1876 -0.0000
vn -0.2769 0.9251 -0.2599
vn -0.2704 0.9587 -0.0878
vt 0.250000 0.490000
vt 0.250000 0.250000
vt 0.296822 0.485388
vt 0.341844 0.471731
vt 0.383337 0.449553
vt 0.419706 0.419706
vt 0.449553 0.383337
vt 0.471731 0.341844
vt 0.485388 0.296822
vt 0.490000 0.250000
vt 0.485388 0.203178
vt 0.471731 0.158156
vt 0.449553 0.116663
vt 0.419706 0.080294
vt 0.383337 0.050447
vt 0.341844 0.028269
vt 0.296822 0.014612
vt 0.250000 0.010000
vt 0.203178 0.014612
vt 0.158156 0.028269
vt 0.116663 0.050447
vt 0.080294 0.080294
vt 0.050447 0.116663
vt 0.028269 0.158156
vt 0.014612 0.203178
vt 0.010000 0.250000
vt 0.014612 0.296822
vt 0.028269 0.341844
vt 0.050447 0.383337
vt 0.080294 0.419706
vt 0.116663 0.449553
vt 0.158156 0.471731
vt 0.750000 0.490000
vt 0.796822 0.485388
vt 0.841844 0.471731
vt 0.883337 0.449553
vt 0.919706 0.419706
vt 0.949553 0.383337
vt 0.971731 0.341844
vt 0.985388 0.296822
vt 0.990000 0.250000
vt 0.985388 0.203178
vt 0.971731 0.158156
vt 0.949553 0.116663
vt 0.919706 0.080294
vt 0.883337 0.050447
vt 0.841844 0.028269
vt 0.796822 0.014612
vt 0.750000 0.010000
vt 0.703178 0.014612
vt 0.658156 0.028269
vt 0.616663 0.050447
vt 0.580294 0.080294
vt 0.550447 0.116663
vt 0.528269 0.158156
vt 0.514612 0.203178
vt 0.510000 0.250000
vt 0.514612 0.296822
vt 0.528269 0.341844
vt 0.550447 0.383337
vt 0.580294 0.419706
vt 0.616663 0.449553
vt 0.658156 0.471731
vt 0.703178 0.485388
vt 0.203178 0.485388
s 0
f 1462/2859/1462 1494/2860/1462 1463/2861/1462
f 1463/2861/1463 1494/2860/1463 1464/2862/1463
f 1464/2862/1464 1494/2860/1464 1465/2863/1464
f 1465/2863/1465 1494/2860/1465 1466/2864/1465
f 1466/2864/1466 1494/2860/1466 1467/2865/1466
f 1467/2865/1467 1494/2860/1467 1468/2866/1467
f 1468/2866/1468 1494/2860/1468 1469/2867/1468
f 1469/2867/1469 1494/2860/1469 1470/2868/1469
f 1470/2868/1470 1494/2860/1470 1471/2869/1470
f 1471/2869/1471 1494/2860/1471 1472/2870/1471
f 1472/2870/1472 1494/2860/1472 1473/2871/1472
f 1473/2871/1473 1494/2860/1473 1474/2872/1473
f 1474/2872/1474 1494/2860/1474 1475/2873/1474
f 1475/2873/1475 1494/2860/1475 1476/2874/1475
f 1476/2874/1476 1494/2860/1476 1477/2875/1476
f 1477/2875/1477 1494/2860/1477 1478/2876/1477
f 1478/2876/1478 1494/2860/1478 1479/2877/1478
f 1479/2877/1479 1494/2860/1479 1480/2878/1479
f 1480/2878/1480 1494/2860/1480 1481/2879/1480
f 1481/2879/1481 1494/2860/1481 1482/2880/1481
f 1482/2880/1482 1494/2860/1482 1483/2881/1482
f 1483/2881/1483 1494/2860/1483 1484/2882/1483
f 1484/2882/1484 1494/2860/1484 1485/2883/1484
f 1485/2883/1485 1494/2860/1485 1486/2884/1485
f 1486/2884/1486 1494/2860/1486 1487/2885/1486
f 1487/2885/1487 1494/2860/1487 1488/2886/1487
f 1488/2886/1488 1494/2860/1488 1489/2887/1488
f 1489/2887/1489 1494/2860/1489 1490/2888/1489
f 1490/2888/1490 1494/2860/1490 1491/2889/1490
f 1491/2889/1491 1494/2860/1491 1492/2890/1491
f 1462/2891/1492 1463/2892/1492 1464/2893/1492 1465/2894/1492 1466/2895/1492 1467/2896/1492 1468/2897/1492 1469/2898/1492 1470/2899/1492 1471/2900/1492 1472/2901/1492 1473/2902/1492 1474/2903/1492 1475/2904/1492 1476/2905/1492 1477/2906/1492 1478/2907/1492 1479/2908/1492 1480/2909/1492 1481/2910/1492 1482/2911/1492 1483/2912/1492 1484/2913/1492 1485/2914/1492 1486/2915/1492 1487/2916/1492 1488/2917/1492 1489/2918/1492 1490/2919/1492 1491/2920/1492 1492/2921/1492 1493/2922/1492
f 1492/2890/1493 1494/2860/1493 1493/2923/1493
f 1493/2923/1494 1494/2860/1494 1462/2859/1494
o Cone
v -0.018798 1.462213 -0.876659
v 0.064728 1.613975 -0.781703
v 0.148466 1.741688 -0.656394
v 0.229195 1.840445 -0.505548
v 0.303815 1.906451 -0.334960
v 0.369457 1.937168 -0.151187
v 0.423599 1.931416 0.038709
v 0.464161 1.889417 0.227431
v 0.489582 1.812784 0.407726
v 0.498887 1.704463 0.572665
v 0.491718 1.568616 0.715910
v 0.468351 1.410463 0.831955
v 0.429683 1.236082 0.916343
v 0.377200 1.052176 0.965829
v 0.312920 0.865810 0.978511
v 0.239312 0.684147 0.953903
v 0.159205 0.514169 0.892950
v 0.075678 0.362407 0.797995
v -0.008059 0.234693 0.672686
v -0.088789 0.135936 0.521839
v -0.163408 0.069931 0.351252
v -0.229050 0.039214 0.167479
v -0.283192 0.044965 -0.022418
v -0.323754 0.086964 -0.211139
v -0.349175 0.163597 -0.391434
v -0.358480 0.271918 -0.556373
v -0.351311 0.407766 -0.699618
v -0.327944 0.565919 -0.815664
v -0.289276 0.740299 -0.900051
v -0.236793 0.924206 -0.949537
v -0.172513 1.110572 -0.962220
v -0.098905 1.292234 -0.937612
v -1.753746 1.654061 0.548346
vn -0.4453 0.6381 -0.6281
vn -0.3707 0.7628 -0.5298
vn -0.2973 0.8639 -0.4065
vn -0.2279 0.9375 -0.2630
vn -0.1653 0.9807 -0.1049
vn -0.1118 0.9918 0.0619
vn -0.0696 0.9705 0.2309
vn -0.0401 0.9175 0.3956
vn -0.0246 0.8350 0.5497
vn -0.0237 0.7260 0.6873
vn -0.0373 0.5948 0.8030
vn -0.0650 0.4463 0.8925
vn -0.1057 0.2864 0.9523
vn -0.1578 0.1211 0.9800
vn -0.2193 -0.0432 0.9747
vn -0.2880 -0.2001 0.9365
vn -0.3610 -0.3437 0.8669
vn -0.4357 -0.4685 0.7686
vn -0.5091 -0.5696 0.6453
vn -0.5784 -0.6431 0.5018
vn -0.6410 -0.6863 0.3437
vn -0.6945 -0.6974 0.1769
vn -0.7368 -0.6761 0.0079
vn -0.7662 -0.6232 -0.1568
vn -0.7817 -0.5406 -0.3109
vn -0.7827 -0.4316 -0.4485
vn -0.7690 -0.3004 -0.5642
vn -0.7413 -0.1520 -0.6537
vn -0.7007 0.0080 -0.7135
vn -0.6485 0.1732 -0.7412
vn 0.9050 -0.3304 -0.2680
vn -0.5870 0.3375 -0.7359
vn -0.5184 0.4945 -0.6977
vt 0.250000 0.490000
vt 0.250000 0.250000
vt 0.296822 0.485388
vt 0.341844 0.471731
vt 0.383337 0.449553
vt 0.419706 0.419706
vt 0.449553 0.383337
vt 0.471731 0.341844
vt 0.485388 0.296822
vt 0.490000 0.250000
vt 0.485388 0.203178
vt 0.471731 0.158156
vt 0.449553 0.116663
vt 0.419706 0.080294
vt 0.383337 0.050447
vt 0.341844 0.028269
vt 0.296822 0.014612
vt 0.250000 0.010000
vt 0.203178 0.014612
vt 0.158156 0.028269
vt 0.116663 0.050447
vt 0.080294 0.080294
vt 0.050447 0.116663
vt 0.028269 0.158156
vt 0.014612 0.203178
vt 0.010000 0.250000
vt 0.014612 0.296822
vt 0.028269 0.341844
vt 0.050447 0.383337
vt 0.080294 0.419706
vt 0.116663 0.449553
vt 0.158156 0.471731
vt 0.750000 0.490000
vt 0.796822 0.485388
vt 0.841844 0.471731
vt 0.883337 0.449553
vt 0.919706 0.419706
vt 0.949553 0.383337
vt 0.971731 0.341844
vt 0.985388 0.296822
vt 0.990000 0.250000
vt 0.985388 0.203178
vt 0.971731 0.158156
vt 0.949553 0.116663
vt 0.919706 0.080294
vt 0.883337 0.050447
vt 0.841844 0.028269
vt 0.796822 0.014612
vt 0.750000 0.010000
vt 0.703178 0.014612
vt 0.658156 0.028269
vt 0.616663 0.050447
vt 0.580294 0.080294
vt 0.550447 0.116663
vt 0.528269 0.158156
vt 0.514612 0.203178
vt 0.510000 0.250000
vt 0.514612 0.296822
vt 0.528269 0.341844
vt 0.550447 0.383337
vt 0.580294 0.419706
vt 0.616663 0.449553
vt 0.658156 0.471731
vt 0.703178 0.485388
vt 0.203178 0.485388
s 0
f 1495/2924/1495 1527/2925/1495 1496/2926/1495
f 1496/2926/1496 1527/2925/1496 1497/2927/1496
f 1497/2927/1497 1527/2925/1497 1498/2928/1497
f 1498/2928/1498 1527/2925/1498 1499/2929/1498
f 1499/2929/1499 1527/2925/1499 1500/2930/1499
f 1500/2930/1500 1527/2925/1500 1501/2931/1500
f 1501/2931/1501 1527/2925/1501 1502/2932/1501
f 1502/2932/1502 1527/2925/1502 1503/2933/1502
f 1503/2933/1503 1527/2925/1503 1504/2934/1503
f 1504/2934/1504 1527/2925/1504 1505/2935/1504
f 1505/2935/1505 1527/2925/1505 1506/2936/1505
f 1506/2936/1506 1527/2925/1506 1507/2937/1506
f 1507/2937/1507 1527/2925/1507 1508/2938/1507
f 1508/2938/1508 1527/2925/1508 1509/2939/1508
f 1509/2939/1509 1527/2925/1509 1510/2940/1509
f 1510/2940/1510 1527/2925/1510 1511/2941/1510
f 1511/2941/1511 1527/2925/1511 1512/2942/1511
f 1512/2942/1512 1527/2925/1512 1513/2943/1512
f 1513/2943/1513 1527/2925/1513 1514/2944/1513
f 1514/2944/1514 1527/2925/1514 1515/2945/1514
f 1515/2945/1515 1527/2925/1515 1516/2946/1515
f 1516/2946/1516 1527/2925/1516 1517/2947/1516
f 1517/2947/1517 1527/2925/1517 1518/2948/1517
f 1518/2948/1518 1527/2925/1518 1519/2949/1518
f 1519/2949/1519 1527/2925/1519 1520/2950/1519
f 1520/2950/1520 1527/2925/1520 1521/2951/1520
f 1521/2951/1521 1527/2925/1521 1522/2952/1521
f 1522/2952/1522 1527/2925/1522 1523/2953/1522
f 1523/2953/1523 1527/2925/1523 1524/2954/1523
f 1524/2954/1524 1527/2925/1524 1525/2955/1524
f 1495/2956/1525 1496/2957/1525 1497/2958/1525 1498/2959/1525 1499/2960/1525 1500/2961/1525 1501/2962/1525 1502/2963/1525 1503/2964/1525 1504/2965/1525 1505/2966/1525 1506/2967/1525 1507/2968/1525 1508/2969/1525 1509/2970/1525 1510/2971/1525 1511/2972/1525 1512/2973/1525 1513/2974/1525 1514/2975/1525 1515/2976/1525 1516/2977/1525 1517/2978/1525 1518/2979/1525 1519/2980/1525 1520/2981/1525 1521/2982/1525 1522/2983/1525 1523/2984/1525 1524/2985/1525 1525/2986/1525 1526/2987/1525
f 1525/2955/1526 1527/2925/1526 1526/2988/1526
f 1526/2988/1527 1527/2925/1527 1495/2924/1527
o Cone
v -0.652858 1.400283 -0.702575
v -0.536689 1.559602 -0.690408
v -0.399360 1.696961 -0.654372
v -0.246148 1.807082 -0.595852
v -0.082940 1.885734 -0.517096
v 0.083992 1.929894 -0.421131
v 0.248231 1.937864 -0.311645
v 0.403468 1.909339 -0.192845
v 0.543736 1.845414 -0.069297
v 0.663644 1.748547 0.054251
v 0.758585 1.622460 0.173052
v 0.824910 1.471997 0.282539
v 0.860071 1.302943 0.378507
v 0.862715 1.121792 0.457265
v 0.832743 0.935507 0.515788
v 0.771304 0.751247 0.551828
v 0.680761 0.576092 0.563998
v 0.564592 0.416773 0.551831
v 0.427263 0.279414 0.515795
v 0.274051 0.169292 0.457274
v 0.110843 0.090641 0.378518
v -0.056089 0.046481 0.282553
v -0.220328 0.038511 0.173067
v -0.375565 0.067036 0.054268
v -0.515833 0.130960 -0.069280
v -0.635741 0.227828 -0.192829
v -0.730682 0.353915 -0.311629
v -0.797007 0.504377 -0.421117
v -0.832168 0.673432 -0.517084
v -0.834812 0.854583 -0.595842
v -0.804839 1.040868 -0.654366
v -0.743401 1.225128 -0.690405
v -1.063459 1.654065 1.498458
vn -0.7816 0.5862 -0.2134
vn -0.6684 0.7186 -0.1919
vn -0.5387 0.8291 -0.1497
vn -0.3975 0.9133 -0.0884
vn -0.2501 0.9682 -0.0104
vn -0.1023 0.9914 0.0813
vn 0.0403 0.9822 0.1832
vn 0.1722 0.9410 0.2914
vn 0.2883 0.8692 0.4017
vn 0.3842 0.7697 0.5098
vn 0.4562 0.6463 0.6117
vn 0.5015 0.5036 0.7035
vn 0.5184 0.3473 0.7814
vn 0.5062 0.1833 0.8427
vn 0.4654 0.0179 0.8849
vn 0.3975 -0.1425 0.9064
vn 0.3053 -0.2918 0.9064
vn 0.1921 -0.4242 0.8849
vn 0.0624 -0.5347 0.8427
vn -0.0788 -0.6190 0.7815
vn -0.2262 -0.6738 0.7035
vn -0.3740 -0.6971 0.6118
vn -0.5166 -0.6879 0.5099
vn -0.6485 -0.6466 0.4017
vn -0.7646 -0.5748 0.2914
vn -0.8605 -0.4753 0.1832
vn -0.9325 -0.3519 0.0813
vn -0.9778 -0.2093 -0.0104
vn -0.9947 -0.0529 -0.0884
vn -0.9825 0.1111 -0.1497
vn 0.5346 -0.3304 -0.7779
vn -0.9417 0.2765 -0.1919
vn -0.8738 0.4369 -0.2134
vt 0.250000 0.490000
vt 0.250000 0.250000
vt 0.296822 0.485388
vt 0.341844 0.471731
vt 0.383337 0.449553
vt 0.419706 0.419706
vt 0.449553 0.383337
vt 0.471731 0.341844
vt 0.485388 0.296822
vt 0.490000 0.250000
vt 0.485388 0.203178
vt 0.471731 0.158156
vt 0.449553 0.116663
vt 0.419706 0.080294
vt 0.383337 0.050447
vt 0.341844 0.028269
vt 0.296822 0.014612
vt 0.250000 0.010000
vt 0.203178 0.014612
vt 0.158156 0.028269
vt 0.116663 0.050447
vt 0.080294 0.080294
vt 0.050447 0.116663
vt 0.028269 0.158156
vt 0.014612 0.203178
vt 0.010000 0.250000
vt 0.014612 0.296822
vt 0.028269 0.341844
vt 0.050447 0.383337
vt 0.080294 0.419706
vt 0.116663 0.449553
vt 0.158156 0.471731
vt 0.750000 0.490000
vt 0.796822 0.485388
vt 0.841844 0.471731
vt 0.883337 0.449553
vt 0.919706 0.419706
vt 0.949553 0.383337
vt 0.971731 0.341844
vt 0.985388 0.296822
vt 0.990000 0.250000
vt 0.985388 0.203178
vt 0.971731 0.158156
vt 0.949553 0.116663
vt 0.919706 0.080294
vt 0.883337 0.050447
vt 0.841844 0.028269
vt 0.796822 0.014612
vt 0.750000 0.010000
vt 0.703178 0.014612
vt 0.658156 0.028269
vt 0.616663 0.050447
vt 0.580294 0.080294
vt 0.550447 0.116663
vt 0.528269 0.158156
vt 0.514612 0.203178
vt 0.510000 0.250000
vt 0.514612 0.296822
vt 0.528269 0.341844
vt 0.550447 0.383337
vt 0.580294 0.419706
vt 0.616663 0.449553
vt 0.658156 0.471731
vt 0.703178 0.485388
vt 0.203178 0.485388
s 0
f 1528/2989/1528 1560/2990/1528 1529/2991/1528
f 1529/2991/1529 1560/2990/1529 1530/2992/1529
f 1530/2992/1530 1560/2990/1530 1531/2993/1530
f 1531/2993/1531 1560/2990/1531 1532/2994/1531
f 1532/2994/1532 1560/2990/1532 1533/2995/1532
f 1533/2995/1533 1560/2990/1533 1534/2996/1533
f 1534/2996/1534 1560/2990/1534 1535/2997/1534
f 1535/2997/1535 1560/2990/1535 1536/2998/1535
f 1536/2998/1536 1560/2990/1536 1537/2999/1536
f 1537/2999/1537 1560/2990/1537 1538/3000/1537
f 1538/3000/1538 1560/2990/1538 1539/3001/1538
f 1539/3001/1539 1560/2990/1539 1540/3002/1539
f 1540/3002/1540 1560/2990/1540 1541/3003/1540
f 1541/3003/1541 1560/2990/1541 1542/3004/1541
f 1542/3004/1542 1560/2990/1542 1543/3005/1542
f 1543/3005/1543 1560/2990/1543 1544/3006/1543
f 1544/3006/1544 1560/2990/1544 1545/3007/1544
f 1545/3007/1545 1560/2990/1545 1546/3008/1545
f 1546/3008/1546 1560/2990/1546 1547/3009/1546
f 1547/3009/1547 1560/2990/1547 1548/3010/1547
f 1548/3010/1548 1560/2990/1548 1549/3011/1548
f 1549/3011/1549 1560/2990/1549 1550/3012/1549
f 1550/3012/1550 1560/2990/1550 1551/3013/1550
f 1551/3013/1551 1560/2990/1551 1552/3014/1551
f 1552/3014/1552 1560/2990/1552 1553/3015/1552
f 1553/3015/1553 1560/2990/1553 1554/3016/1553
f 1554/3016/1554 1560/2990/1554 1555/3017/1554
f 1555/3017/1555 1560/2990/1555 1556/3018/1555
f 1556/3018/1556 1560/2990/1556 1557/3019/1556
f 1557/3019/1557 1560/2990/1557 1558/3020/1557
f 1528/3021/1558 1529/3022/1558 1530/3023/1558 1531/3024/1558 1532/3025/1558 1533/3026/1558 1534/3027/1558 1535/3028/1558 1536/3029/1558 1537/3030/1558 1538/3031/1558 1539/3032/1558 1540/3033/1558 1541/3034/1558 1542/3035/1558 1543/3036/1558 1544/3037/1558 1545/3038/1558 1546/3039/1558 1547/3040/1558 1548/3041/1558 1549/3042/1558 1550/3043/1558 1551/3044/1558 1552/3045/1558 1553/3046/1558 1554/3047/1558 1555/3048/1558 1556/3049/1558 1557/3050/1558 1558/3051/1558 1559/3052/1558
f 1558/3020/1559 1560/2990/1559 1559/3053/1559
f 1559/3053/1560 1560/2990/1560 1528/2989/1560
o Cone
v 0.113402 2.044631 -0.349021
v 0.315917 2.023907 -0.279058
v 0.508203 1.962530 -0.204255
v 0.682870 1.862859 -0.127486
v 0.833207 1.728725 -0.051702
v 0.953436 1.565281 0.020185
v 1.038937 1.378810 0.085412
v 1.086424 1.176477 0.141473
v 1.094071 0.966058 0.186214
v 1.061586 0.755639 0.217915
v 0.990217 0.553306 0.235357
v 0.882706 0.366835 0.237871
v 0.743184 0.203392 0.225360
v 0.577014 0.069257 0.198305
v 0.390582 -0.030414 0.157745
v 0.191051 -0.091791 0.105239
v -0.013910 -0.112515 0.042805
v -0.216424 -0.091791 -0.027158
v -0.408710 -0.030414 -0.101961
v -0.583378 0.069257 -0.178730
v -0.733715 0.203392 -0.254514
v -0.853944 0.366835 -0.326400
v -0.939445 0.553306 -0.391628
v -0.986931 0.755639 -0.447689
v -0.994579 0.966058 -0.492430
v -0.962094 1.176477 -0.524131
v -0.890724 1.378810 -0.541573
v -0.783213 1.565281 -0.544087
v -0.643692 1.728725 -0.531576
v -0.477522 1.862859 -0.504521
v -0.291089 1.962530 -0.463961
v -0.091559 2.023907 -0.411455
v -0.616849 1.378048 1.898460
vn -0.0001 0.9587 0.2843
vn 0.1616 0.9251 0.3436
vn 0.3119 0.8591 0.4057
vn 0.4451 0.7634 0.4682
vn 0.5559 0.6415 0.5287
vn 0.6402 0.4981 0.5849
vn 0.6947 0.3388 0.6345
vn 0.7172 0.1698 0.6758
vn 0.7071 -0.0026 0.7071
vn 0.6645 -0.1717 0.7273
vn 0.5912 -0.3310 0.7355
vn 0.4900 -0.4743 0.7314
vn 0.3648 -0.5962 0.7151
vn 0.2204 -0.6920 0.6875
vn 0.0623 -0.7580 0.6493
vn -0.1034 -0.7916 0.6022
vn -0.2703 -0.7916 0.5480
vn -0.4321 -0.7580 0.4887
vn -0.5824 -0.6920 0.4266
vn -0.7155 -0.5962 0.3641
vn -0.8263 -0.4743 0.3036
vn -0.9106 -0.3310 0.2475
vn -0.9651 -0.1717 0.1978
vn -0.9877 -0.0026 0.1565
vn -0.9775 0.1698 0.1252
vn -0.9350 0.3388 0.1050
vn -0.8617 0.4981 0.0969
vn -0.7605 0.6415 0.1010
vn -0.6353 0.7634 0.1172
vn -0.4908 0.8591 0.1449
vn 0.3035 -0.1876 -0.9342
vn -0.3327 0.9251 0.1830
vn -0.1670 0.9587 0.2301
vt 0.250000 0.490000
vt 0.250000 0.250000
vt 0.296822 0.485388
vt 0.341844 0.471731
vt 0.383337 0.449553
vt 0.419706 0.419706
vt 0.449553 0.383337
vt 0.471731 0.341844
vt 0.485388 0.296822
vt 0.490000 0.250000
vt 0.485388 0.203178
vt 0.471731 0.158156
vt 0.449553 0.116663
vt 0.419706 0.080294
vt 0.383337 0.050447
vt 0.341844 0.028269
vt 0.296822 0.014612
vt 0.250000 0.010000
vt 0.203178 0.014612
vt 0.158156 0.028269
vt 0.116663 0.050447
vt 0.080294 0.080294
vt 0.050447 0.116663
vt 0.028269 0.158156
vt 0.014612 0.203178
vt 0.010000 0.250000
vt 0.014612 0.296822
vt 0.028269 0.341844
vt 0.050447 0.383337
vt 0.080294 0.419706
vt 0.116663 0.449553
vt 0.158156 0.471731
vt 0.750000 0.490000
vt 0.796822 0.485388
vt 0.841844 0.471731
vt 0.883337 0.449553
vt 0.919706 0.419706
vt 0.949553 0.383337
vt 0.971731 0.341844
vt 0.985388 0.296822
vt 0.990000 0.250000
vt 0.985388 0.203178
vt 0.971731 0.158156
vt 0.949553 0.116663
vt 0.919706 0.080294
vt 0.883337 0.050447
vt 0.841844 0.028269
vt 0.796822 0.014612
vt 0.750000 0.010000
vt 0.703178 0.014612
vt 0.658156 0.028269
vt 0.616663 0.050447
vt 0.580294 0.080294
vt 0.550447 0.116663
vt 0.528269 0.158156
vt 0.514612 0.203178
vt 0.510000 0.250000
vt 0.514612 0.296822
vt 0.528269 0.341844
vt 0.550447 0.383337
vt 0.580294 0.419706
vt 0.616663 0.449553
vt 0.658156 0.471731
vt 0.703178 0.485388
vt 0.203178 0.485388
s 0
f 1561/3054/1561 1593/3055/1561 1562/3056/1561
f 1562/3056/1562 1593/3055/1562 1563/3057/1562
f 1563/3057/1563 1593/3055/1563 1564/3058/1563
f 1564/3058/1564 1593/3055/1564 1565/3059/1564
f 1565/3059/1565 1593/3055/1565 1566/3060/1565
f 1566/3060/1566 1593/3055/1566 1567/3061/1566
f 1567/3061/1567 1593/3055/1567 1568/3062/1567
f 1568/3062/1568 1593/3055/1568 1569/3063/1568
f 1569/3063/1569 1593/3055/1569 1570/3064/1569
f 1570/3064/1570 1593/3055/1570 1571/3065/1570
f 1571/3065/1571 1593/3055/1571 1572/3066/1571
f 1572/3066/1572 1593/3055/1572 1573/3067/1572
f 1573/3067/1573 1593/3055/1573 1574/3068/1573
f 1574/3068/1574 1593/3055/1574 1575/3069/1574
f 1575/3069/1575 1593/3055/1575 1576/3070/1575
f 1576/3070/1576 1593/3055/1576 1577/3071/1576
f 1577/3071/1577 1593/3055/1577 1578/3072/1577
f 1578/3072/1578 1593/3055/1578 1579/3073/1578
f 1579/3073/1579 1593/3055/1579 1580/3074/1579
f 1580/3074/1580 1593/3055/1580 1581/3075/1580
f 1581/3075/1581 1593/3055/1581 1582/3076/1581
f 1582/3076/1582 1593/3055/1582 1583/3077/1582
f 1583/3077/1583 1593/3055/1583 1584/3078/1583
f 1584/3078/1584 1593/3055/1584 1585/3079/1584
f 1585/3079/1585 1593/3055/1585 1586/3080/1585
f 1586/3080/1586 1593/3055/1586 1587/3081/1586
f 1587/3081/1587 1593/3055/1587 1588/3082/1587
f 1588/3082/1588 1593/3055/1588 1589/3083/1588
f 1589/3083/1589 1593/3055/1589 1590/3084/1589
f 1590/3084/1590 1593/3055/1590 1591/3085/1590
f 1561/3086/1591 1562/3087/1591 1563/3088/1591 1564/3089/1591 1565/3090/1591 1566/3091/1591 1567/3092/1591 1568/3093/1591 1569/3094/1591 1570/3095/1591 1571/3096/1591 1572/3097/1591 1573/3098/1591 1574/3099/1591 1575/3100/1591 1576/3101/1591 1577/3102/1591 1578/3103/1591 1579/3104/1591 1580/3105/1591 1581/3106/1591 1582/3107/1591 1583/3108/1591 1584/3109/1591 1585/3110/1591 1586/3111/1591 1587/3112/1591 1588/3113/1591 1589/3114/1591 1590/3115/1591 1591/3116/1591 1592/3117/1591
f 1591/3085/1592 1593/3055/1592 1592/3118/1592
f 1592/3118/1593 1593/3055/1593 1561/3054/1593
o Cone
v -0.839566 1.462206 -0.253031
v -0.723447 1.613969 -0.303127
v -0.578395 1.741684 -0.344044
v -0.409984 1.840443 -0.374209
v -0.224687 1.906450 -0.392462
v -0.029623 1.937169 -0.398102
v 0.167711 1.931419 -0.390913
v 0.359731 1.889421 -0.371171
v 0.539059 1.812789 -0.339634
v 0.698802 1.704468 -0.297514
v 0.832822 1.568621 -0.246431
v 0.935969 1.410468 -0.188346
v 1.004279 1.236088 -0.125493
v 1.035126 1.052180 -0.060286
v 1.027326 0.865814 0.004768
v 0.981177 0.684150 0.067170
v 0.898454 0.514170 0.124521
v 0.782335 0.362407 0.174617
v 0.637283 0.234692 0.215534
v 0.468873 0.135933 0.245699
v 0.283575 0.069926 0.263952
v 0.088511 0.039207 0.269592
v -0.108823 0.044958 0.262403
v -0.300843 0.086955 0.242661
v -0.480171 0.163587 0.211124
v -0.639914 0.271908 0.169004
v -0.773934 0.407755 0.117920
v -0.877081 0.565908 0.059836
v -0.945391 0.740288 -0.003018
v -0.976238 0.924196 -0.068224
v -0.968437 1.110562 -0.133278
v -0.922289 1.292226 -0.195680
v -0.020431 1.654065 1.837363
vn -0.7350 0.6381 0.2294
vn -0.6184 0.7628 0.1888
vn -0.4785 0.8639 0.1571
vn -0.3206 0.9375 0.1355
vn -0.1508 0.9806 0.1248
vn 0.0243 0.9918 0.1255
vn 0.1981 0.9705 0.1375
vn 0.3639 0.9175 0.1604
vn 0.5152 0.8350 0.1933
vn 0.6463 0.7260 0.2349
vn 0.7522 0.5948 0.2836
vn 0.8287 0.4463 0.3376
vn 0.8730 0.2864 0.3948
vn 0.8833 0.1211 0.4529
vn 0.8592 -0.0432 0.5098
vn 0.8017 -0.2001 0.5633
vn 0.7129 -0.3437 0.6112
vn 0.5964 -0.4685 0.6518
vn 0.4564 -0.5696 0.6836
vn 0.2986 -0.6431 0.7052
vn 0.1288 -0.6863 0.7158
vn -0.0464 -0.6974 0.7152
vn -0.2202 -0.6761 0.7031
vn -0.3859 -0.6232 0.6802
vn -0.5373 -0.5406 0.6474
vn -0.6684 -0.4316 0.6058
vn -0.7743 -0.3004 0.5570
vn -0.8508 -0.1520 0.5031
vn -0.8951 0.0080 0.4459
vn -0.9053 0.1732 0.3877
vn 0.0247 -0.3304 -0.9435
vn -0.8813 0.3375 0.3309
vn -0.8237 0.4945 0.2774
vt 0.250000 0.490000
vt 0.250000 0.250000
vt 0.296822 0.485388
vt 0.341844 0.471731
vt 0.383337 0.449553
vt 0.419706 0.419706
vt 0.449553 0.383337
vt 0.471731 0.341844
vt 0.485388 0.296822
vt 0.490000 0.250000
vt 0.485388 0.203178
vt 0.471731 0.158156
vt 0.449553 0.116663
vt 0.419706 0.080294
vt 0.383337 0.050447
vt 0.341844 0.028269
vt 0.296822 0.014612
vt 0.250000 0.010000
vt 0.203178 0.014612
vt 0.158156 0.028269
vt 0.116663 0.050447
vt 0.080294 0.080294
vt 0.050447 0.116663
vt 0.028269 0.158156
vt 0.014612 0.203178
vt 0.010000 0.250000
vt 0.014612 0.296822
vt 0.028269 0.341844
vt 0.050447 0.383337
vt 0.080294 0.419706
vt 0.116663 0.449553
vt 0.158156 0.471731
vt 0.750000 0.490000
vt 0.796822 0.485388
vt 0.841844 0.471731
vt 0.883337 0.449553
vt 0.919706 0.419706
vt 0.949553 0.383337
vt 0.971731 0.341844
vt 0.985388 0.296822
vt 0.990000 0.250000
vt 0.985388 0.203178
vt 0.971731 0.158156
vt 0.949553 0.116663
vt 0.919706 0.080294
vt 0.883337 0.050447
vt 0.841844 0.028269
vt 0.796822 0.014612
vt 0.750000 0.010000
vt 0.703178 0.014612
vt 0.658156 0.028269
vt 0.616663 0.050447
vt 0.580294 0.080294
vt 0.550447 0.116663
vt 0.528269 0.158156
vt 0.514612 0.203178
vt 0.510000 0.250000
vt 0.514612 0.296822
vt 0.528269 0.341844
vt 0.550447 0.383337
vt 0.580294 0.419706
vt 0.616663 0.449553
vt 0.658156 0.471731
vt 0.703178 0.485388
vt 0.203178 0.485388
s 0
f 1594/3119/1594 1626/3120/1594 1595/3121/1594
f 1595/3121/1595 1626/3120/1595 1596/3122/1595
f 1596/3122/1596 1626/3120/1596 1597/3123/1596
f 1597/3123/1597 1626/3120/1597 1598/3124/1597
f 1598/3124/1598 1626/3120/1598 1599/3125/1598
f 1599/3125/1599 1626/3120/1599 1600/3126/1599
f 1600/3126/1600 1626/3120/1600 1601/3127/1600
f 1601/3127/1601 1626/3120/1601 1602/3128/1601
f 1602/3128/1602 1626/3120/1602 1603/3129/1602
f 1603/3129/1603 1626/3120/1603 1604/3130/1603
f 1604/3130/1604 1626/3120/1604 1605/3131/1604
f 1605/3131/1605 1626/3120/1605 1606/3132/1605
f 1606/3132/1606 1626/3120/1606 1607/3133/1606
f 1607/3133/1607 1626/3120/1607 1608/3134/1607
f 1608/3134/1608 1626/3120/1608 1609/3135/1608
f 1609/3135/1609 1626/3120/1609 1610/3136/1609
f 1610/3136/1610 1626/3120/1610 1611/3137/1610
f 1611/3137/1611 1626/3120/1611 1612/3138/1611
f 1612/3138/1612 1626/3120/1612 1613/3139/1612
f 1613/3139/1613 1626/3120/1613 1614/3140/1613
f 1614/3140/1614 1626/3120/1614 1615/3141/1614
f 1615/3141/1615 1626/3120/1615 1616/3142/1615
f 1616/3142/1616 1626/3120/1616 1617/3143/1616
f 1617/3143/1617 1626/3120/1617 1618/3144/1617
f 1618/3144/1618 1626/3120/1618 1619/3145/1618
f 1619/3145/1619 1626/3120/1619 1620/3146/1619
f 1620/3146/1620 1626/3120/1620 1621/3147/1620
f 1621/3147/1621 1626/3120/1621 1622/3148/1621
f 1622/3148/1622 1626/3120/1622 1623/3149/1622
f 1623/3149/1623 1626/3120/1623 1624/3150/1623
f 1594/3151/1624 1595/3152/1624 1596/3153/1624 1597/3154/1624 1598/3155/1624 1599/3156/1624 1600/3157/1624 1601/3158/1624 1602/3159/1624 1603/3160/1624 1604/3161/1624 1605/3162/1624 1606/3163/1624 1607/3164/1624 1608/3165/1624 1609/3166/1624 1610/3167/1624 1611/3168/1624 1612/3169/1624 1613/3170/1624 1614/3171/1624 1615/3172/1624 1616/3173/1624 1617/3174/1624 1618/3175/1624 1619/3176/1624 1620/3177/1624 1621/3178/1624 1622/3179/1624 1623/3180/1624 1624/3181/1624 1625/3182/1624
f 1624/3150/1625 1626/3120/1625 1625/3183/1625
f 1625/3183/1626 1626/3120/1626 1594/3119/1626
o Cone
v -0.869937 1.400290 0.403793
v -0.822466 1.559608 0.297068
v -0.745755 1.696967 0.177595
v -0.642753 1.807088 0.049964
v -0.517416 1.885738 -0.080920
v -0.374562 1.929896 -0.210027
v -0.219681 1.937865 -0.332396
v -0.058725 1.909338 -0.443324
v 0.102122 1.845411 -0.538548
v 0.256677 1.748542 -0.614409
v 0.399002 1.622453 -0.667991
v 0.523626 1.471989 -0.697236
v 0.625760 1.302933 -0.701019
v 0.701481 1.121781 -0.679195
v 0.747876 0.935495 -0.632603
v 0.763165 0.751234 -0.563033
v 0.746759 0.576079 -0.473159
v 0.699288 0.416761 -0.366435
v 0.622578 0.279402 -0.246962
v 0.519575 0.169282 -0.119331
v 0.394238 0.090631 0.011553
v 0.251384 0.046473 0.140661
v 0.096503 0.038504 0.263029
v -0.064453 0.067032 0.373957
v -0.225300 0.130958 0.469181
v -0.379855 0.227827 0.545042
v -0.522179 0.353917 0.598625
v -0.646804 0.504380 0.627869
v -0.748938 0.673437 0.631652
v -0.824658 0.854588 0.609828
v -0.871054 1.040874 0.563236
v -0.886343 1.225135 0.493667
v 1.096498 1.654067 1.474459
vn -0.4445 0.5862 0.6774
vn -0.3890 0.7186 0.5764
vn -0.3088 0.8291 0.4661
vn -0.2069 0.9133 0.3507
vn -0.0872 0.9682 0.2347
vn 0.0457 0.9914 0.1224
vn 0.1867 0.9822 0.0183
vn 0.3303 0.9410 -0.0737
vn 0.4711 0.8692 -0.1501
vn 0.6036 0.7697 -0.2079
vn 0.7228 0.6462 -0.2448
vn 0.8240 0.5036 -0.2596
vn 0.9034 0.3473 -0.2515
vn 0.9579 0.1833 -0.2210
vn 0.9854 0.0179 -0.1691
vn 0.9849 -0.1425 -0.0980
vn 0.9564 -0.2918 -0.0102
vn 0.9010 -0.4242 0.0907
vn 0.8208 -0.5347 0.2010
vn 0.7188 -0.6190 0.3164
vn 0.5991 -0.6738 0.4325
vn 0.4662 -0.6971 0.5447
vn 0.3253 -0.6879 0.6489
vn 0.1816 -0.6466 0.7409
vn 0.0408 -0.5748 0.8172
vn -0.0917 -0.4753 0.8750
vn -0.2108 -0.3519 0.9120
vn -0.3120 -0.2093 0.9267
vn -0.3914 -0.0529 0.9187
vn -0.4459 0.1111 0.8881
vn -0.5746 -0.3304 -0.7488
vn -0.4735 0.2765 0.8363
vn -0.4730 0.4369 0.7651
vt 0.250000 0.490000
vt 0.250000 0.250000
vt 0.296822 0.485388
vt 0.341844 0.471731
vt 0.383337 0.449553
vt 0.419706 0.419706
vt 0.449553 0.383337
vt 0.471731 0.341844
vt 0.485388 0.296822
vt 0.490000 0.250000
vt 0.485388 0.203178
vt 0.471731 0.158156
vt 0.449553 0.116663
vt 0.419706 0.080294
vt 0.383337 0.050447
vt 0.341844 0.028269
vt 0.296822 0.014612
vt 0.250000 0.010000
vt 0.203178 0.014612
vt 0.158156 0.028269
vt 0.116663 0.050447
vt 0.080294 0.080294
vt 0.050447 0.116663
vt 0.028269 0.158156
vt 0.014612 0.203178
vt 0.010000 0.250000
vt 0.014612 0.296822
vt 0.028269 0.341844
vt 0.050447 0.383337
vt 0.080294 0.419706
vt 0.116663 0.449553
vt 0.158156 0.471731
vt 0.750000 0.490000
vt 0.796822 0.485388
vt 0.841844 0.471731
vt 0.883337 0.449553
vt 0.919706 0.419706
vt 0.949553 0.383337
vt 0.971731 0.341844
vt 0.985388 0.296822
vt 0.990000 0.250000
vt 0.985388 0.203178
vt 0.971731 0.158156
vt 0.949553 0.116663
vt 0.919706 0.080294
vt 0.883337 0.050447
vt 0.841844 0.028269
vt 0.796822 0.014612
vt 0.750000 0.010000
vt 0.703178 0.014612
vt 0.658156 0.028269
vt 0.616663 0.050447
vt 0.580294 0.080294
vt 0.550447 0.116663
vt 0.528269 0.158156
vt 0.514612 0.203178
vt 0.510000 0.250000
vt 0.514612 0.296822
vt 0.528269 0.341844
vt 0.550447 0.383337
vt 0.580294 0.419706
vt 0.616663 0.449553
vt 0.658156 0.471731
vt 0.703178 0.485388
vt 0.203178 0.485388
s 0
f 1627/3184/1627 1659/3185/1627 1628/3186/1627
f 1628/3186/1628 1659/3185/1628 1629/3187/1628
f 1629/3187/1629 1659/3185/1629 1630/3188/1629
f 1630/3188/1630 1659/3185/1630 1631/3189/1630
f 1631/3189/1631 1659/3185/1631 1632/3190/1631
f 1632/3190/1632 1659/3185/1632 1633/3191/1632
f 1633/3191/1633 1659/3185/1633 1634/3192/1633
f 1634/3192/1634 1659/3185/1634 1635/3193/1634
f 1635/3193/1635 1659/3185/1635 1636/3194/1635
f 1636/3194/1636 1659/3185/1636 1637/3195/1636
f 1637/3195/1637 1659/3185/1637 1638/3196/1637
f 1638/3196/1638 1659/3185/1638 1639/3197/1638
f 1639/3197/1639 1659/3185/1639 1640/3198/1639
f 1640/3198/1640 1659/3185/1640 1641/3199/1640
f 1641/3199/1641 1659/3185/1641 1642/3200/1641
f 1642/3200/1642 1659/3185/1642 1643/3201/1642
f 1643/3201/1643 1659/3185/1643 1644/3202/1643
f 1644/3202/1644 1659/3185/1644 1645/3203/1644
f 1645/3203/1645 1659/3185/1645 1646/3204/1645
f 1646/3204/1646 1659/3185/1646 1647/3205/1646
f 1647/3205/1647 1659/3185/1647 1648/3206/1647
f 1648/3206/1648 1659/3185/1648 1649/3207/1648
f 1649/3207/1649 1659/3185/1649 1650/3208/1649
f 1650/3208/1650 1659/3185/1650 1651/3209/1650
f 1651/3209/1651 1659/3185/1651 1652/3210/1651
f 1652/3210/1652 1659/3185/1652 1653/3211/1652
f 1653/3211/1653 1659/3185/1653 1654/3212/1653
f 1654/3212/1654 1659/3185/1654 1655/3213/1654
f 1655/3213/1655 1659/3185/1655 1656/3214/1655
f 1656/3214/1656 1659/3185/1656 1657/3215/1656
f 1627/3216/1657 1628/3217/1657 1629/3218/1657 1630/3219/1657 1631/3220/1657 1632/3221/1657 1633/3222/1657 1634/3223/1657 1635/3224/1657 1636/3225/1657 1637/3226/1657 1638/3227/1657 1639/3228/1657 1640/3229/1657 1641/3230/1657 1642/3231/1657 1643/3232/1657 1644/3233/1657 1645/3234/1657 1646/3235/1657 1647/3236/1657 1648/3237/1657 1649/3238/1657 1650/3239/1657 1651/3240/1657 1652/3241/1657 1653/3242/1657 1654/3243/1657 1655/3244/1657 1656/3245/1657 1657/3246/1657 1658/3247/1657
f 1657/3215/1658 1659/3185/1658 1658/3248/1658
f 1658/3248/1659 1659/3185/1659 1627/3184/1659
o Cone
v -0.296895 2.044635 -0.215705
v -0.167776 2.023911 -0.386689
v -0.037215 1.962534 -0.546449
v 0.089771 1.862863 -0.688845
v 0.208302 1.728728 -0.808406
v 0.313823 1.565284 -0.900537
v 0.402279 1.378813 -0.961698
v 0.470270 1.176480 -0.989537
v 0.515184 0.966060 -0.982985
v 0.535294 0.755641 -0.942294
v 0.529828 0.553307 -0.869028
v 0.498996 0.366836 -0.766002
v 0.443983 0.203392 -0.637175
v 0.366903 0.069258 -0.487498
v 0.270717 -0.030413 -0.322724
v 0.159123 -0.091791 -0.149184
v 0.036409 -0.112515 0.026453
v -0.092710 -0.091791 0.197437
v -0.223271 -0.030413 0.357197
v -0.350257 0.069258 0.499593
v -0.468788 0.203392 0.619154
v -0.574309 0.366836 0.711285
v -0.662765 0.553307 0.772445
v -0.730756 0.755641 0.800285
v -0.775670 0.966060 0.793733
v -0.795780 1.176480 0.753042
v -0.790315 1.378813 0.679776
v -0.759483 1.565284 0.576750
v -0.704469 1.728728 0.447923
v -0.627389 1.862863 0.298246
v -0.531204 1.962534 0.133472
v -0.419609 2.023911 -0.040068
v 1.614932 1.378045 1.173311
vn 0.2704 0.9587 0.0880
vn 0.3767 0.9251 -0.0475
vn 0.4822 0.8591 -0.1713
vn 0.5828 0.7634 -0.2786
vn 0.6746 0.6415 -0.3653
vn 0.7541 0.4981 -0.4281
vn 0.8181 0.3388 -0.4646
vn 0.8644 0.1698 -0.4733
vn 0.8910 -0.0026 -0.4539
vn 0.8970 -0.1717 -0.4073
vn 0.8822 -0.3310 -0.3350
vn 0.8470 -0.4743 -0.2401
vn 0.7929 -0.5962 -0.1260
vn 0.7219 -0.6920 0.0028
vn 0.6368 -0.7580 0.1414
vn 0.5408 -0.7916 0.2845
vn 0.4377 -0.7916 0.4264
vn 0.3313 -0.7580 0.5619
vn 0.2258 -0.6920 0.6857
vn 0.1252 -0.5962 0.7930
vn 0.0334 -0.4743 0.8797
vn -0.0460 -0.3310 0.9425
vn -0.1101 -0.1717 0.9790
vn -0.1564 -0.0026 0.9877
vn -0.1830 0.1698 0.9683
vn -0.1890 0.3388 0.9217
vn -0.1741 0.4981 0.8494
vn -0.1390 0.6415 0.7545
vn -0.0849 0.7634 0.6404
vn -0.0139 0.8591 0.5116
vn -0.7947 -0.1876 -0.5773
vn 0.0712 0.9251 0.3730
vn 0.1672 0.9587 0.2300
vt 0.250000 0.490000
vt 0.250000 0.250000
vt 0.296822 0.485388
vt 0.341844 0.471731
vt 0.383337 0.449553
vt 0.419706 0.419706
vt 0.449553 0.383337
vt 0.471731 0.341844
vt 0.485388 0.296822
vt 0.490000 0.250000
vt 0.485388 0.203178
vt 0.471731 0.158156
vt 0.449553 0.116663
vt 0.419706 0.080294
vt 0.383337 0.050447
vt 0.341844 0.028269
vt 0.296822 0.014612
vt 0.250000 0.010000
vt 0.203178 0.014612
vt 0.158156 0.028269
vt 0.116663 0.050447
vt 0.080294 0.080294
vt 0.050447 0.116663
vt 0.028269 0.158156
vt 0.014612 0.203178
vt 0.010000 0.250000
vt 0.014612 0.296822
vt 0.028269 0.341844
vt 0.050447 0.383337
vt 0.080294 0.419706
vt 0.116663 0.449553
vt 0.158156 0.471731
vt 0.750000 0.490000
vt 0.796822 0.485388
vt 0.841844 0.471731
vt 0.883337 0.449553
vt 0.919706 0.419706
vt 0.949553 0.383337
vt 0.971731 0.341844
vt 0.985388 0.296822
vt 0.990000 0.250000
vt 0.985388 0.203178
vt 0.971731 0.158156
vt 0.949553 0.116663
vt 0.919706 0.080294
vt 0.883337 0.050447
vt 0.841844 0.028269
vt 0.796822 0.014612
vt 0.750000 0.010000
vt 0.703178 0.014612
vt 0.658156 0.028269
vt 0.616663 0.050447
vt 0.580294 0.080294
vt 0.550447 0.116663
vt 0.528269 0.158156
vt 0.514612 0.203178
vt 0.510000 0.250000
vt 0.514612 0.296822
vt 0.528269 0.341844
vt 0.550447 0.383337
vt 0.580294 0.419706
vt 0.616663 0.449553
vt 0.658156 0.471731
vt 0.703178 0.485388
vt 0.203178 0.485388
s 0
f 1660/3249/1660 1692/3250/1660 1661/3251/1660
f 1661/3251/1661 1692/3250/1661 1662/3252/1661
f 1662/3252/1662 1692/3250/1662 1663/3253/1662
f 1663/3253/1663 1692/3250/1663 1664/3254/1663
f 1664/3254/1664 1692/3250/1664 1665/3255/1664
f 1665/3255/1665 1692/3250/1665 1666/3256/1665
f 1666/3256/1666 1692/3250/1666 1667/3257/1666
f 1667/3257/1667 1692/3250/1667 1668/3258/1667
f 1668/3258/1668 1692/3250/1668 1669/3259/1668
f 1669/3259/1669 1692/3250/1669 1670/3260/1669
f 1670/3260/1670 1692/3250/1670 1671/3261/1670
f 1671/3261/1671 1692/3250/1671 1672/3262/1671
f 1672/3262/1672 1692/3250/1672 1673/3263/1672
f 1673/3263/1673 1692/3250/1673 1674/3264/1673
f 1674/3264/1674 1692/3250/1674 1675/3265/1674
f 1675/3265/1675 1692/3250/1675 1676/3266/1675
f 1676/3266/1676 1692/3250/1676 1677/3267/1676
f 1677/3267/1677 1692/3250/1677 1678/3268/1677
f 1678/3268/1678 1692/3250/1678 1679/3269/1678
f 1679/3269/1679 1692/3250/1679 1680/3270/1679
f 1680/3270/1680 1692/3250/1680 1681/3271/1680
f 1681/3271/1681 1692/3250/1681 1682/3272/1681
f 1682/3272/1682 1692/3250/1682 1683/3273/1682
f 1683/3273/1683 1692/3250/1683 1684/3274/1683
f 1684/3274/1684 1692/3250/1684 1685/3275/1684
f 1685/3275/1685 1692/3250/1685 1686/3276/1685
f 1686/3276/1686 1692/3250/1686 1687/3277/1686
f 1687/3277/1687 1692/3250/1687 1688/3278/1687
f 1688/3278/1688 1692/3250/1688 1689/3279/1688
f 1689/3279/1689 1692/3250/1689 1690/3280/1689
f 1660/3281/1690 1661/3282/1690 1662/3283/1690 1663/3284/1690 1664/3285/1690 1665/3286/1690 1666/3287/1690 1667/3288/1690 1668/3289/1690 1669/3290/1690 1670/3291/1690 1671/3292/1690 1672/3293/1690 1673/3294/1690 1674/3295/1690 1675/3296/1690 1676/3297/1690 1677/3298/1690 1678/3299/1690 1679/3300/1690 1680/3301/1690 1681/3302/1690 1682/3303/1690 1683/3304/1690 1684/3305/1690 1685/3306/1690 1686/3307/1690 1687/3308/1690 1688/3309/1690 1689/3310/1690 1690/3311/1690 1691/3312/1690
f 1690/3280/1691 1692/3250/1691 1691/3313/1691
f 1691/3313/1692 1692/3250/1692 1660/3249/1692
o Cone
v -0.500077 1.462210 0.720282
v -0.511839 1.613973 0.594365
v -0.505929 1.741686 0.443769
v -0.482576 1.840444 0.274279
v -0.442677 1.906450 0.092410
v -0.387764 1.937167 -0.094849
v -0.319948 1.931416 -0.280303
v -0.241835 1.889417 -0.456823
v -0.156428 1.812784 -0.617628
v -0.067007 1.704463 -0.756536
v 0.022989 1.568615 -0.868211
v 0.110104 1.410463 -0.948359
v 0.190989 1.236082 -0.993902
v 0.262535 1.052175 -1.003089
v 0.321994 0.865809 -0.975567
v 0.367080 0.684146 -0.912393
v 0.396061 0.514168 -0.815996
v 0.407823 0.362405 -0.690080
v 0.401914 0.234692 -0.539483
v 0.378561 0.135934 -0.369994
v 0.338661 0.069929 -0.188125
v 0.283748 0.039211 -0.000865
v 0.215932 0.044962 0.184588
v 0.137820 0.086961 0.361109
v 0.052412 0.163594 0.521914
v -0.037008 0.271915 0.660822
v -0.127005 0.407763 0.772496
v -0.214120 0.565915 0.852645
v -0.295005 0.740296 0.898188
v -0.366551 0.924203 0.907375
v -0.426010 1.110569 0.879852
v -0.471096 1.292232 0.816679
v 1.741123 1.654060 0.587197
vn -0.0089 0.6381 0.7699
vn -0.0115 0.7628 0.6465
vn 0.0015 0.8639 0.5036
vn 0.0298 0.9375 0.3468
vn 0.0721 0.9807 0.1820
vn 0.1269 0.9918 0.0156
vn 0.1920 0.9705 -0.1459
vn 0.2650 0.9175 -0.2965
vn 0.3430 0.8350 -0.4303
vn 0.4231 0.7260 -0.5421
vn 0.5022 0.5948 -0.6278
vn 0.5772 0.4463 -0.6839
vn 0.6452 0.2864 -0.7083
vn 0.7037 0.1211 -0.7001
vn 0.7504 -0.0432 -0.6596
vn 0.7834 -0.2001 -0.5884
vn 0.8016 -0.3437 -0.4892
vn 0.8042 -0.4685 -0.3657
vn 0.7912 -0.5696 -0.2229
vn 0.7629 -0.6431 -0.0660
vn 0.7206 -0.6863 0.0987
vn 0.6658 -0.6974 0.2651
vn 0.6007 -0.6761 0.4267
vn 0.5277 -0.6232 0.5772
vn 0.4497 -0.5406 0.7110
vn 0.3696 -0.4316 0.8229
vn 0.2905 -0.3004 0.9085
vn 0.2155 -0.1520 0.9646
vn 0.1475 0.0080 0.9890
vn 0.0890 0.1732 0.9808
vn -0.8897 -0.3304 -0.3151
vn 0.0423 0.3375 0.9404
vn 0.0093 0.4945 0.8691
vt 0.250000 0.490000
vt 0.250000 0.250000
vt 0.296822 0.485388
vt 0.341844 0.471731
vt 0.383337 0.449553
vt 0.419706 0.419706
vt 0.449553 0.383337
vt 0.471731 0.341844
vt 0.485388 0.296822
vt 0.490000 0.250000
vt 0.485388 0.203178
vt 0.471731 0.158156
vt 0.449553 0.116663
vt 0.419706 0.080294
vt 0.383337 0.050447
vt 0.341844 0.028269
vt 0.296822 0.014612
vt 0.250000 0.010000
vt 0.203178 0.014612
vt 0.158156 0.028269
vt 0.116663 0.050447
vt 0.080294 0.080294
vt 0.050447 0.116663
vt 0.028269 0.158156
vt 0.014612 0.203178
vt 0.010000 0.250000
vt 0.014612 0.296822
vt 0.028269 0.341844
vt 0.050447 0.383337
vt 0.080294 0.419706
vt 0.116663 0.449553
vt 0.158156 0.471731
vt 0.750000 0.490000
vt 0.796822 0.485388
vt 0.841844 0.471731
vt 0.883337 0.449553
vt 0.919706 0.419706
vt 0.949553 0.383337
vt 0.971731 0.341844
vt 0.985388 0.296822
vt 0.990000 0.250000
vt 0.985388 0.203178
vt 0.971731 0.158156
vt 0.949553 0.116663
vt 0.919706 0.080294
vt 0.883337 0.050447
vt 0.841844 0.028269
vt 0.796822 0.014612
vt 0.750000 0.010000
vt 0.703178 0.014612
vt 0.658156 0.028269
vt 0.616663 0.050447
vt 0.580294 0.080294
vt 0.550447 0.116663
vt 0.528269 0.158156
vt 0.514612 0.203178
vt 0.510000 0.250000
vt 0.514612 0.296822
vt 0.528269 0.341844
vt 0.550447 0.383337
vt 0.580294 0.419706
vt 0.616663 0.449553
vt 0.658156 0.471731
vt 0.703178 0.485388
vt 0.203178 0.485388
s 0
f 1693/3314/1693 1725/3315/1693 1694/3316/1693
f 1694/3316/1694 1725/3315/1694 1695/3317/1694
f 1695/3317/1695 1725/3315/1695 1696/3318/1695
f 1696/3318/1696 1725/3315/1696 1697/3319/1696
f 1697/3319/1697 1725/3315/1697 1698/3320/1697
f 1698/3320/1698 1725/3315/1698 1699/3321/1698
f 1699/3321/1699 1725/3315/1699 1700/3322/1699
f 1700/3322/1700 1725/3315/1700 1701/3323/1700
f 1701/3323/1701 1725/3315/1701 1702/3324/1701
f 1702/3324/1702 1725/3315/1702 1703/3325/1702
f 1703/3325/1703 1725/3315/1703 1704/3326/1703
f 1704/3326/1704 1725/3315/1704 1705/3327/1704
f 1705/3327/1705 1725/3315/1705 1706/3328/1705
f 1706/3328/1706 1725/3315/1706 1707/3329/1706
f 1707/3329/1707 1725/3315/1707 1708/3330/1707
f 1708/3330/1708 1725/3315/1708 1709/3331/1708
f 1709/3331/1709 1725/3315/1709 1710/3332/1709
f 1710/3332/1710 1725/3315/1710 1711/3333/1710
f 1711/3333/1711 1725/3315/1711 1712/3334/1711
f 1712/3334/1712 1725/3315/1712 1713/3335/1712
f 1713/3335/1713 1725/3315/1713 1714/3336/1713
f 1714/3336/1714 1725/3315/1714 1715/3337/1714
f 1715/3337/1715 1725/3315/1715 1716/3338/1715
f 1716/3338/1716 1725/3315/1716 1717/3339/1716
f 1717/3339/1717 1725/3315/1717 1718/3340/1717
f 1718/3340/1718 1725/3315/1718 1719/3341/1718
f 1719/3341/1719 1725/3315/1719 1720/3342/1719
f 1720/3342/1720 1725/3315/1720 1721/3343/1720
f 1721/3343/1721 1725/3315/1721 1722/3344/1721
f 1722/3344/1722 1725/3315/1722 1723/3345/1722
f 1693/3346/1723 1694/3347/1723 1695/3348/1723 1696/3349/1723 1697/3350/1723 1698/3351/1723 1699/3352/1723 1700/3353/1723 1701/3354/1723 1702/3355/1723 1703/3356/1723 1704/3357/1723 1705/3358/1723 1706/3359/1723 1707/3360/1723 1708/3361/1723 1709/3362/1723 1710/3363/1723 1711/3364/1723 1712/3365/1723 1713/3366/1723 1714/3367/1723 1715/3368/1723 1716/3369/1723 1717/3370/1723 1718/3371/1723 1719/3372/1723 1720/3373/1723 1721/3374/1723 1722/3375/1723 1723/3376/1723 1724/3377/1723
f 1723/3345/1724 1725/3315/1724 1724/3378/1724
f 1724/3378/1725 1725/3315/1725 1693/3314/1725
o Cone
v -0.060001 2.019024 0.184660
v -0.246225 1.999814 0.121594
v -0.423789 1.942923 0.056325
v -0.585870 1.850537 -0.008639
v -0.726238 1.726206 -0.070802
v -0.839499 1.574708 -0.127774
v -0.921302 1.401866 -0.177367
v -0.968502 1.214321 -0.217675
v -0.979285 1.019281 -0.247148
v -0.953237 0.824241 -0.264654
v -0.891359 0.636696 -0.269520
v -0.796030 0.463853 -0.261559
v -0.670911 0.312356 -0.241078
v -0.520813 0.188025 -0.208862
v -0.351502 0.095639 -0.166151
v -0.169486 0.038748 -0.114585
v 0.018242 0.019538 -0.056146
v 0.204466 0.038748 0.006919
v 0.382030 0.095639 0.072188
v 0.544110 0.188025 0.137152
v 0.684478 0.312356 0.199315
v 0.797740 0.463854 0.256288
v 0.879542 0.636696 0.305881
v 0.926742 0.824241 0.346189
v 0.937525 1.019281 0.375662
v 0.911478 1.214321 0.393168
v 0.849600 1.401866 0.398034
v 0.754270 1.574709 0.390073
v 0.629152 1.726206 0.369591
v 0.479053 1.850537 0.337376
v 0.309742 1.942923 0.294664
v 0.127726 1.999814 0.243099
v 0.596996 1.272480 -1.837367
vn 0.0185 0.9399 -0.3410
vn -0.1439 0.9059 -0.3983
vn -0.2955 0.8393 -0.4564
vn -0.4305 0.7425 -0.5132
vn -0.5437 0.6194 -0.5663
vn -0.6307 0.4747 -0.6139
vn -0.6883 0.3138 -0.6540
vn -0.7142 0.1430 -0.6852
vn -0.7074 -0.0311 -0.7061
vn -0.6681 -0.2019 -0.7161
vn -0.5980 -0.3627 -0.7147
vn -0.4996 -0.5075 -0.7020
vn -0.3767 -0.6306 -0.6785
vn -0.2342 -0.7274 -0.6451
vn -0.0773 -0.7940 -0.6030
vn 0.0877 -0.8280 -0.5539
vn 0.2546 -0.8280 -0.4997
vn 0.4170 -0.7940 -0.4424
vn 0.5686 -0.7274 -0.3842
vn 0.7036 -0.6306 -0.3275
vn 0.8168 -0.5075 -0.2743
vn 0.9039 -0.3627 -0.2268
vn 0.9615 -0.2019 -0.1866
vn 0.9873 -0.0311 -0.1555
vn 0.9805 0.1430 -0.1345
vn 0.9413 0.3138 -0.1245
vn 0.8711 0.4747 -0.1259
vn 0.7727 0.6194 -0.1386
vn 0.6499 0.7425 -0.1621
vn 0.5073 0.8393 -0.1956
vn -0.3066 -0.1256 0.9435
vn 0.3505 0.9059 -0.2377
vn 0.1854 0.9399 -0.2868
vt 0.250000 0.490000
vt 0.250000 0.250000
vt 0.296822 0.485388
vt 0.341844 0.471731
vt 0.383337 0.449553
vt 0.419706 0.419706
vt 0.449553 0.383337
vt 0.471731 0.341844
vt 0.485388 0.296822
vt 0.490000 0.250000
vt 0.485388 0.203178
vt 0.471731 0.158156
vt 0.449553 0.116663
vt 0.419706 0.080294
vt 0.383337 0.050447
vt 0.341844 0.028269
vt 0.296822 0.014612
vt 0.250000 0.010000
vt 0.203178 0.014612
vt 0.158156 0.028269
vt 0.116663 0.050447
vt 0.080294 0.080294
vt 0.050447 0.116663
vt 0.028269 0.158156
vt 0.014612 0.203178
vt 0.010000 0.250000
vt 0.014612 0.296822
vt 0.028269 0.341844
vt 0.050447 0.383337
vt 0.080294 0.419706
vt 0.116663 0.449553
vt 0.158156 0.471731
vt 0.750000 0.490000
vt 0.796822 0.485388
vt 0.841844 0.471731
vt 0.883337 0.449553
vt 0.919706 0.419706
vt 0.949553 0.383337
vt 0.971731 0.341844
vt 0.985388 0.296822
vt 0.990000 0.250000
vt 0.985388 0.203178
vt 0.971731 0.158156
vt 0.949553 0.116663
vt 0.919706 0.080294
vt 0.883337 0.050447
vt 0.841844 0.028269
vt 0.796822 0.014612
vt 0.750000 0.010000
vt 0.703178 0.014612
vt 0.658156 0.028269
vt 0.616663 0.050447
vt 0.580294 0.080294
vt 0.550447 0.116663
vt 0.528269 0.158156
vt 0.514612 0.203178
vt 0.510000 0.250000
vt 0.514612 0.296822
vt 0.528269 0.341844
vt 0.550447 0.383337
vt 0.580294 0.419706
vt 0.616663 0.449553
vt 0.658156 0.471731
vt 0.703178 0.485388
vt 0.203178 0.485388
s 0
f 1726/3379/1726 1758/3380/1726 1727/3381/1726
f 1727/3381/1727 1758/3380/1727 1728/3382/1727
f 1728/3382/1728 1758/3380/1728 1729/3383/1728
f 1729/3383/1729 1758/3380/1729 1730/3384/1729
f 1730/3384/1730 1758/3380/1730 1731/3385/1730
f 1731/3385/1731 1758/3380/1731 1732/3386/1731
f 1732/3386/1732 1758/3380/1732 1733/3387/1732
f 1733/3387/1733 1758/3380/1733 1734/3388/1733
f 1734/3388/1734 1758/3380/1734 1735/3389/1734
f 1735/3389/1735 1758/3380/1735 1736/3390/1735
f 1736/3390/1736 1758/3380/1736 1737/3391/1736
f 1737/3391/1737 1758/3380/1737 1738/3392/1737
f 1738/3392/1738 1758/3380/1738 1739/3393/1738
f 1739/3393/1739 1758/3380/1739 1740/3394/1739
f 1740/3394/1740 1758/3380/1740 1741/3395/1740
f 1741/3395/1741 1758/3380/1741 1742/3396/1741
f 1742/3396/1742 1758/3380/1742 1743/3397/1742
f 1743/3397/1743 1758/3380/1743 1744/3398/1743
f 1744/3398/1744 1758/3380/1744 1745/3399/1744
f 1745/3399/1745 1758/3380/1745 1746/3400/1745
f 1746/3400/1746 1758/3380/1746 1747/3401/1746
f 1747/3401/1747 1758/3380/1747 1748/3402/1747
f 1748/3402/1748 1758/3380/1748 1749/3403/1748
f 1749/3403/1749 1758/3380/1749 1750/3404/1749
f 1750/3404/1750 1758/3380/1750 1751/3405/1750
f 1751/3405/1751 1758/3380/1751 1752/3406/1751
f 1752/3406/1752 1758/3380/1752 1753/3407/1752
f 1753/3407/1753 1758/3380/1753 1754/3408/1753
f 1754/3408/1754 1758/3380/1754 1755/3409/1754
f 1755/3409/1755 1758/3380/1755 1756/3410/1755
f 1726/3411/1756 1727/3412/1756 1728/3413/1756 1729/3414/1756 1730/3415/1756 1731/3416/1756 1732/3417/1756 1733/3418/1756 1734/3419/1756 1735/3420/1756 1736/3421/1756 1737/3422/1756 1738/3423/1756 1739/3424/1756 1740/3425/1756 1741/3426/1756 1742/3427/1756 1743/3428/1756 1744/3429/1756 1745/3430/1756 1746/3431/1756 1747/3432/1756 1748/3433/1756 1749/3434/1756 1750/3435/1756 1751/3436/1756 1752/3437/1756 1753/3438/1756 1754/3439/1756 1755/3440/1756 1756/3441/1756 1757/3442/1756
f 1756/3410/1757 1758/3380/1757 1757/3443/1757
f 1757/3443/1758 1758/3380/1758 1726/3379/1758
o Cone
v -0.922337 1.566832 -0.238710
v -1.018192 1.374240 -0.231179
v -1.076831 1.168325 -0.208881
v -1.095999 0.957001 -0.172672
v -1.074960 0.748388 -0.123943
v -1.014522 0.550504 -0.064567
v -0.917009 0.370952 0.003174
v -0.786168 0.216633 0.076677
v -0.627026 0.093478 0.153117
v -0.445700 0.006218 0.229557
v -0.249157 -0.041792 0.303059
v -0.044951 -0.048707 0.370798
v 0.159070 -0.014263 0.430172
v 0.355067 0.060219 0.478898
v 0.535507 0.171874 0.515104
v 0.693456 0.316413 0.537399
v 0.822845 0.488280 0.544926
v 0.918700 0.680872 0.537396
v 0.977338 0.886786 0.515097
v 0.996506 1.098111 0.478888
v 0.975467 1.306724 0.430159
v 0.915030 1.504608 0.370783
v 0.817517 1.684160 0.303042
v 0.686675 1.838479 0.229539
v 0.527534 1.961634 0.153099
v 0.346207 2.048894 0.076659
v 0.149665 2.096904 0.003158
v -0.054541 2.103819 -0.064582
v -0.258563 2.069375 -0.123955
v -0.454560 1.994893 -0.172682
v -0.635000 1.883238 -0.208888
v -0.792949 1.738699 -0.231183
v 0.616849 0.615567 -1.898460
vn -0.6189 0.2793 -0.7341
vn -0.6822 0.1161 -0.7219
vn -0.7141 -0.0548 -0.6979
vn -0.7133 -0.2268 -0.6631
vn -0.6800 -0.3933 -0.6188
vn -0.6153 -0.5480 -0.5667
vn -0.5217 -0.6847 -0.5089
vn -0.4029 -0.7984 -0.4475
vn -0.2635 -0.8846 -0.3848
vn -0.1087 -0.9400 -0.3234
vn 0.0555 -0.9625 -0.2656
vn 0.2227 -0.9512 -0.2135
vn 0.3866 -0.9066 -0.1692
vn 0.5408 -0.8303 -0.1344
vn 0.6794 -0.7254 -0.1105
vn 0.7971 -0.5958 -0.0982
vn 0.8894 -0.4465 -0.0982
vn 0.9527 -0.2833 -0.1105
vn 0.9845 -0.1123 -0.1344
vn 0.9838 0.0597 -0.1692
vn 0.9504 0.2262 -0.2135
vn 0.8857 0.3808 -0.2656
vn 0.7921 0.5176 -0.3234
vn 0.6734 0.6312 -0.3849
vn 0.5339 0.7174 -0.4475
vn 0.3791 0.7729 -0.5089
vn 0.2149 0.7953 -0.5668
vn 0.0477 0.7841 -0.6188
vn -0.1161 0.7395 -0.6631
vn -0.2703 0.6632 -0.6979
vn -0.3035 0.1876 0.9342
vn -0.4090 0.5583 -0.7219
vn -0.5267 0.4286 -0.7341
vt 0.250000 0.490000
vt 0.250000 0.250000
vt 0.296822 0.485388
vt 0.341844 0.471731
vt 0.383337 0.449553
vt 0.419706 0.419706
vt 0.449553 0.383337
vt 0.471731 0.341844
vt 0.485388 0.296822
vt 0.490000 0.250000
vt 0.485388 0.203178
vt 0.471731 0.158156
vt 0.449553 0.116663
vt 0.419706 0.080294
vt 0.383337 0.050447
vt 0.341844 0.028269
vt 0.296822 0.014612
vt 0.250000 0.010000
vt 0.203178 0.014612
vt 0.158156 0.028269
vt 0.116663 0.050447
vt 0.080294 0.080294
vt 0.050447 0.116663
vt 0.028269 0.158156
vt 0.014612 0.203178
vt 0.010000 0.250000
vt 0.014612 0.296822
vt 0.028269 0.341844
vt 0.050447 0.383337
vt 0.080294 0.419706
vt 0.116663 0.449553
vt 0.158156 0.471731
vt 0.750000 0.490000
vt 0.796822 0.485388
vt 0.841844 0.471731
vt 0.883337 0.449553
vt 0.919706 0.419706
vt 0.949553 0.383337
vt 0.971731 0.341844
vt 0.985388 0.296822
vt 0.990000 0.250000
vt 0.985388 0.203178
vt 0.971731 0.158156
vt 0.949553 0.116663
vt 0.919706 0.080294
vt 0.883337 0.050447
vt 0.841844 0.028269
vt 0.796822 0.014612
vt 0.750000 0.010000
vt 0.703178 0.014612
vt 0.658156 0.028269
vt 0.616663 0.050447
vt 0.580294 0.080294
vt 0.550447 0.116663
vt 0.528269 0.158156
vt 0.514612 0.203178
vt 0.510000 0.250000
vt 0.514612 0.296822
vt 0.528269 0.341844
vt 0.550447 0.383337
vt 0.580294 0.419706
vt 0.616663 0.449553
vt 0.658156 0.471731
vt 0.703178 0.485388
vt 0.203178 0.485388
s 0
f 1759/3444/1759 1791/3445/1759 1760/3446/1759
f 1760/3446/1760 1791/3445/1760 1761/3447/1760
f 1761/3447/1761 1791/3445/1761 1762/3448/1761
f 1762/3448/1762 1791/3445/1762 1763/3449/1762
f 1763/3449/1763 1791/3445/1763 1764/3450/1763
f 1764/3450/1764 1791/3445/1764 1765/3451/1764
f 1765/3451/1765 1791/3445/1765 1766/3452/1765
f 1766/3452/1766 1791/3445/1766 1767/3453/1766
f 1767/3453/1767 1791/3445/1767 1768/3454/1767
f 1768/3454/1768 1791/3445/1768 1769/3455/1768
f 1769/3455/1769 1791/3445/1769 1770/3456/1769
f 1770/3456/1770 1791/3445/1770 1771/3457/1770
f 1771/3457/1771 1791/3445/1771 1772/3458/1771
f 1772/3458/1772 1791/3445/1772 1773/3459/1772
f 1773/3459/1773 1791/3445/1773 1774/3460/1773
f 1774/3460/1774 1791/3445/1774 1775/3461/1774
f 1775/3461/1775 1791/3445/1775 1776/3462/1775
f 1776/3462/1776 1791/3445/1776 1777/3463/1776
f 1777/3463/1777 1791/3445/1777 1778/3464/1777
f 1778/3464/1778 1791/3445/1778 1779/3465/1778
f 1779/3465/1779 1791/3445/1779 1780/3466/1779
f 1780/3466/1780 1791/3445/1780 1781/3467/1780
f 1781/3467/1781 1791/3445/1781 1782/3468/1781
f 1782/3468/1782 1791/3445/1782 1783/3469/1782
f 1783/3469/1783 1791/3445/1783 1784/3470/1783
f 1784/3470/1784 1791/3445/1784 1785/3471/1784
f 1785/3471/1785 1791/3445/1785 1786/3472/1785
f 1786/3472/1786 1791/3445/1786 1787/3473/1786
f 1787/3473/1787 1791/3445/1787 1788/3474/1787
f 1788/3474/1788 1791/3445/1788 1789/3475/1788
f 1759/3476/1789 1760/3477/1789 1761/3478/1789 1762/3479/1789 1763/3480/1789 1764/3481/1789 1765/3482/1789 1766/3483/1789 1767/3484/1789 1768/3485/1789 1769/3486/1789 1770/3487/1789 1771/3488/1789 1772/3489/1789 1773/3490/1789 1774/3491/1789 1775/3492/1789 1776/3493/1789 1777/3494/1789 1778/3495/1789 1779/3496/1789 1780/3497/1789 1781/3498/1789 1782/3499/1789 1783/3500/1789 1784/3501/1789 1785/3502/1789 1786/3503/1789 1787/3504/1789 1788/3505/1789 1789/3506/1789 1790/3507/1789
f 1789/3475/1790 1791/3445/1790 1790/3508/1790
f 1790/3508/1791 1791/3445/1791 1759/3444/1791
o Cone
v 0.132519 1.945479 -0.260669
v -0.064573 1.955661 -0.269403
v -0.260315 1.929325 -0.265315
v -0.447186 1.867485 -0.248562
v -0.618002 1.772516 -0.219788
v -0.766201 1.648068 -0.180098
v -0.886086 1.498924 -0.131017
v -0.973052 1.330815 -0.074433
v -1.023755 1.150202 -0.012518
v -1.036247 0.964025 0.052346
v -1.010048 0.779438 0.117669
v -0.946165 0.603537 0.180938
v -0.847053 0.443080 0.239724
v -0.716521 0.304234 0.291767
v -0.559585 0.192334 0.335066
v -0.382276 0.111680 0.367958
v -0.191408 0.065373 0.389179
v 0.005685 0.055192 0.397914
v 0.201427 0.081527 0.393826
v 0.388297 0.143368 0.377073
v 0.559114 0.238337 0.348298
v 0.707313 0.362784 0.308608
v 0.827198 0.511929 0.259528
v 0.914163 0.680037 0.202943
v 0.964866 0.860651 0.141029
v 0.977358 1.046828 0.076164
v 0.951160 1.231414 0.010842
v 0.887277 1.407315 -0.052428
v 0.788165 1.567772 -0.111213
v 0.657633 1.706619 -0.163256
v 0.500697 1.818519 -0.206555
v 0.323388 1.899172 -0.239447
v 0.020431 0.339550 -1.837362
vn 0.0676 0.6966 -0.7143
vn -0.1077 0.6894 -0.7164
vn -0.2785 0.6500 -0.7071
vn -0.4381 0.5800 -0.6867
vn -0.5805 0.4821 -0.6562
vn -0.7002 0.3599 -0.6166
vn -0.7925 0.2183 -0.5694
vn -0.8540 0.0627 -0.5165
vn -0.8822 -0.1010 -0.4599
vn -0.8761 -0.2665 -0.4018
vn -0.8359 -0.4274 -0.3444
vn -0.7631 -0.5776 -0.2899
vn -0.6606 -0.7112 -0.2405
vn -0.5323 -0.8231 -0.1979
vn -0.3831 -0.9091 -0.1639
vn -0.2188 -0.9657 -0.1397
vn -0.0456 -0.9909 -0.1264
vn 0.1298 -0.9837 -0.1243
vn 0.3005 -0.9444 -0.1336
vn 0.4602 -0.8744 -0.1539
vn 0.6026 -0.7764 -0.1845
vn 0.7223 -0.6543 -0.2241
vn 0.8146 -0.5127 -0.2713
vn 0.8760 -0.3570 -0.3242
vn 0.9042 -0.1933 -0.3807
vn 0.8981 -0.0278 -0.4389
vn 0.8579 0.1331 -0.4963
vn 0.7852 0.2832 -0.5507
vn 0.6827 0.4168 -0.6002
vn 0.5543 0.5287 -0.6428
vn -0.0247 0.3304 0.9435
vn 0.4051 0.6147 -0.6768
vn 0.2408 0.6714 -0.7009
vt 0.250000 0.490000
vt 0.250000 0.250000
vt 0.296822 0.485388
vt 0.341844 0.471731
vt 0.383337 0.449553
vt 0.419706 0.419706
vt 0.449553 0.383337
vt 0.471731 0.341844
vt 0.485388 0.296822
vt 0.490000 0.250000
vt 0.485388 0.203178
vt 0.471731 0.158156
vt 0.449553 0.116663
vt 0.419706 0.080294
vt 0.383337 0.050447
vt 0.341844 0.028269
vt 0.296822 0.014612
vt 0.250000 0.010000
vt 0.203178 0.014612
vt 0.158156 0.028269
vt 0.116663 0.050447
vt 0.080294 0.080294
vt 0.050447 0.116663
vt 0.028269 0.158156
vt 0.014612 0.203178
vt 0.010000 0.250000
vt 0.014612 0.296822
vt 0.028269 0.341844
vt 0.050447 0.383337
vt 0.080294 0.419706
vt 0.116663 0.449553
vt 0.158156 0.471731
vt 0.750000 0.490000
vt 0.796822 0.485388
vt 0.841844 0.471731
vt 0.883337 0.449553
vt 0.919706 0.419706
vt 0.949553 0.383337
vt 0.971731 0.341844
vt 0.985388 0.296822
vt 0.990000 0.250000
vt 0.985388 0.203178
vt 0.971731 0.158156
vt 0.949553 0.116663
vt 0.919706 0.080294
vt 0.883337 0.050447
vt 0.841844 0.028269
vt 0.796822 0.014612
vt 0.750000 0.010000
vt 0.703178 0.014612
vt 0.658156 0.028269
vt 0.616663 0.050447
vt 0.580294 0.080294
vt 0.550447 0.116663
vt 0.528269 0.158156
vt 0.514612 0.203178
vt 0.510000 0.250000
vt 0.514612 0.296822
vt 0.528269 0.341844
vt 0.550447 0.383337
vt 0.580294 0.419706
vt 0.616663 0.449553
vt 0.658156 0.471731
vt 0.703178 0.485388
vt 0.203178 0.485388
s 0
f 1792/3509/1792 1824/3510/1792 1793/3511/1792
f 1793/3511/1793 1824/3510/1793 1794/3512/1793
f 1794/3512/1794 1824/3510/1794 1795/3513/1794
f 1795/3513/1795 1824/3510/1795 1796/3514/1795
f 1796/3514/1796 1824/3510/1796 1797/3515/1796
f 1797/3515/1797 1824/3510/1797 1798/3516/1797
f 1798/3516/1798 1824/3510/1798 1799/3517/1798
f 1799/3517/1799 1824/3510/1799 1800/3518/1799
f 1800/3518/1800 1824/3510/1800 1801/3519/1800
f 1801/3519/1801 1824/3510/1801 1802/3520/1801
f 1802/3520/1802 1824/3510/1802 1803/3521/1802
f 1803/3521/1803 1824/3510/1803 1804/3522/1803
f 1804/3522/1804 1824/3510/1804 1805/3523/1804
f 1805/3523/1805 1824/3510/1805 1806/3524/1805
f 1806/3524/1806 1824/3510/1806 1807/3525/1806
f 1807/3525/1807 1824/3510/1807 1808/3526/1807
f 1808/3526/1808 1824/3510/1808 1809/3527/1808
f 1809/3527/1809 1824/3510/1809 1810/3528/1809
f 1810/3528/1810 1824/3510/1810 1811/3529/1810
f 1811/3529/1811 1824/3510/1811 1812/3530/1811
f 1812/3530/1812 1824/3510/1812 1813/3531/1812
f 1813/3531/1813 1824/3510/1813 1814/3532/1813
f 1814/3532/1814 1824/3510/1814 1815/3533/1814
f 1815/3533/1815 1824/3510/1815 1816/3534/1815
f 1816/3534/1816 1824/3510/1816 1817/3535/1816
f 1817/3535/1817 1824/3510/1817 1818/3536/1817
f 1818/3536/1818 1824/3510/1818 1819/3537/1818
f 1819/3537/1819 1824/3510/1819 1820/3538/1819
f 1820/3538/1820 1824/3510/1820 1821/3539/1820
f 1821/3539/1821 1824/3510/1821 1822/3540/1821
f 1792/3541/1822 1793/3542/1822 1794/3543/1822 1795/3544/1822 1796/3545/1822 1797/3546/1822 1798/3547/1822 1799/3548/1822 1800/3549/1822 1801/3550/1822 1802/3551/1822 1803/3552/1822 1804/3553/1822 1805/3554/1822 1806/3555/1822 1807/3556/1822 1808/3557/1822 1809/3558/1822 1810/3559/1822 1811/3560/1822 1812/3561/1822 1813/3562/1822 1814/3563/1822 1815/3564/1822 1816/3565/1822 1817/3566/1822 1818/3567/1822 1819/3568/1822 1820/3569/1822 1821/3570/1822 1822/3571/1822 1823/3572/1822
f 1822/3540/1823 1824/3510/1823 1823/3573/1823
f 1823/3573/1824 1824/3510/1824 1792/3509/1824
o Cone
v 0.157083 2.019028 0.114128
v 0.039558 1.999818 0.271750
v -0.077387 1.942927 0.420455
v -0.189257 1.850540 0.554528
v -0.291754 1.726209 0.668817
v -0.380937 1.574711 0.758931
v -0.453381 1.401868 0.821405
v -0.506301 1.214323 0.853839
v -0.537664 1.019282 0.854987
v -0.546264 0.824241 0.824805
v -0.531770 0.636696 0.764452
v -0.494741 0.463853 0.676248
v -0.436598 0.312355 0.563582
v -0.359576 0.188024 0.430785
v -0.266635 0.095638 0.282958
v -0.161347 0.038746 0.125785
v -0.047758 0.019537 -0.034697
v 0.069767 0.038746 -0.192319
v 0.186712 0.095638 -0.341024
v 0.298582 0.188024 -0.475097
v 0.401078 0.312355 -0.589386
v 0.490262 0.463853 -0.679499
v 0.562706 0.636696 -0.741974
v 0.615626 0.824242 -0.774408
v 0.646989 1.019282 -0.775556
v 0.655589 1.214323 -0.745374
v 0.641095 1.401868 -0.685021
v 0.604066 1.574711 -0.596817
v 0.545923 1.726209 -0.484151
v 0.468901 1.850540 -0.351353
v 0.375960 1.942927 -0.203527
v 0.270672 1.999818 -0.046353
v -1.562963 1.272478 -1.135552
vn -0.3186 0.9399 -0.1230
vn -0.4232 0.9059 0.0137
vn -0.5254 0.8393 0.1400
vn -0.6211 0.7425 0.2508
vn -0.7066 0.6194 0.3421
vn -0.7788 0.4747 0.4102
vn -0.8347 0.3138 0.4525
vn -0.8723 0.1430 0.4675
vn -0.8902 -0.0311 0.4546
vn -0.8875 -0.2019 0.4141
vn -0.8645 -0.3627 0.3478
vn -0.8221 -0.5075 0.2582
vn -0.7617 -0.6306 0.1486
vn -0.6859 -0.7274 0.0234
vn -0.5974 -0.7940 -0.1128
vn -0.4997 -0.8280 -0.2546
vn -0.3965 -0.8280 -0.3966
vn -0.2919 -0.7940 -0.5333
vn -0.1897 -0.7274 -0.6595
vn -0.0941 -0.6306 -0.7704
vn -0.0085 -0.5075 -0.8616
vn 0.0637 -0.3627 -0.9297
vn 0.1196 -0.2019 -0.9721
vn 0.1572 -0.0311 -0.9871
vn 0.1751 0.1430 -0.9741
vn 0.1724 0.3138 -0.9337
vn 0.1494 0.4747 -0.8674
vn 0.1070 0.6194 -0.7777
vn 0.0466 0.7425 -0.6682
vn -0.0292 0.8393 -0.5429
vn 0.8026 -0.1256 0.5831
vn -0.1177 0.9059 -0.4068
vn -0.2154 0.9399 -0.2650
vt 0.250000 0.490000
vt 0.250000 0.250000
vt 0.296822 0.485388
vt 0.341844 0.471731
vt 0.383337 0.449553
vt 0.419706 0.419706
vt 0.449553 0.383337
vt 0.471731 0.341844
vt 0.485388 0.296822
vt 0.490000 0.250000
vt 0.485388 0.203178
vt 0.471731 0.158156
vt 0.449553 0.116663
vt 0.419706 0.080294
vt 0.383337 0.050447
vt 0.341844 0.028269
vt 0.296822 0.014612
vt 0.250000 0.010000
vt 0.203178 0.014612
vt 0.158156 0.028269
vt 0.116663 0.050447
vt 0.080294 0.080294
vt 0.050447 0.116663
vt 0.028269 0.158156
vt 0.014612 0.203178
vt 0.010000 0.250000
vt 0.014612 0.296822
vt 0.028269 0.341844
vt 0.050447 0.383337
vt 0.080294 0.419706
vt 0.116663 0.449553
vt 0.158156 0.471731
vt 0.750000 0.490000
vt 0.796822 0.485388
vt 0.841844 0.471731
vt 0.883337 0.449553
vt 0.919706 0.419706
vt 0.949553 0.383337
vt 0.971731 0.341844
vt 0.985388 0.296822
vt 0.990000 0.250000
vt 0.985388 0.203178
vt 0.971731 0.158156
vt 0.949553 0.116663
vt 0.919706 0.080294
vt 0.883337 0.050447
vt 0.841844 0.028269
vt 0.796822 0.014612
vt 0.750000 0.010000
vt 0.703178 0.014612
vt 0.658156 0.028269
vt 0.616663 0.050447
vt 0.580294 0.080294
vt 0.550447 0.116663
vt 0.528269 0.158156
vt 0.514612 0.203178
vt 0.510000 0.250000
vt 0.514612 0.296822
vt 0.528269 0.341844
vt 0.550447 0.383337
vt 0.580294 0.419706
vt 0.616663 0.449553
vt 0.658156 0.471731
vt 0.703178 0.485388
vt 0.203178 0.485388
s 0
f 1825/3574/1825 1857/3575/1825 1826/3576/1825
f 1826/3576/1826 1857/3575/1826 1827/3577/1826
f 1827/3577/1827 1857/3575/1827 1828/3578/1827
f 1828/3578/1828 1857/3575/1828 1829/3579/1828
f 1829/3579/1829 1857/3575/1829 1830/3580/1829
f 1830/3580/1830 1857/3575/1830 1831/3581/1830
f 1831/3581/1831 1857/3575/1831 1832/3582/1831
f 1832/3582/1832 1857/3575/1832 1833/3583/1832
f 1833/3583/1833 1857/3575/1833 1834/3584/1833
f 1834/3584/1834 1857/3575/1834 1835/3585/1834
f 1835/3585/1835 1857/3575/1835 1836/3586/1835
f 1836/3586/1836 1857/3575/1836 1837/3587/1836
f 1837/3587/1837 1857/3575/1837 1838/3588/1837
f 1838/3588/1838 1857/3575/1838 1839/3589/1838
f 1839/3589/1839 1857/3575/1839 1840/3590/1839
f 1840/3590/1840 1857/3575/1840 1841/3591/1840
f 1841/3591/1841 1857/3575/1841 1842/3592/1841
f 1842/3592/1842 1857/3575/1842 1843/3593/1842
f 1843/3593/1843 1857/3575/1843 1844/3594/1843
f 1844/3594/1844 1857/3575/1844 1845/3595/1844
f 1845/3595/1845 1857/3575/1845 1846/3596/1845
f 1846/3596/1846 1857/3575/1846 1847/3597/1846
f 1847/3597/1847 1857/3575/1847 1848/3598/1847
f 1848/3598/1848 1857/3575/1848 1849/3599/1848
f 1849/3599/1849 1857/3575/1849 1850/3600/1849
f 1850/3600/1850 1857/3575/1850 1851/3601/1850
f 1851/3601/1851 1857/3575/1851 1852/3602/1851
f 1852/3602/1852 1857/3575/1852 1853/3603/1852
f 1853/3603/1853 1857/3575/1853 1854/3604/1853
f 1854/3604/1854 1857/3575/1854 1855/3605/1854
f 1825/3606/1855 1826/3607/1855 1827/3608/1855 1828/3609/1855 1829/3610/1855 1830/3611/1855 1831/3612/1855 1832/3613/1855 1833/3614/1855 1834/3615/1855 1835/3616/1855 1836/3617/1855 1837/3618/1855 1838/3619/1855 1839/3620/1855 1840/3621/1855 1841/3622/1855 1842/3623/1855 1843/3624/1855 1844/3625/1855 1845/3626/1855 1846/3627/1855 1847/3628/1855 1848/3629/1855 1849/3630/1855 1850/3631/1855 1851/3632/1855 1852/3633/1855 1853/3634/1855 1854/3635/1855 1855/3636/1855 1856/3637/1855
f 1855/3605/1856 1857/3575/1856 1856/3638/1856
f 1856/3638/1857 1857/3575/1857 1825/3574/1857
o Cone
v -0.512039 1.566839 0.803430
v -0.534500 1.374248 0.896921
v -0.531414 1.168334 0.959582
v -0.502902 0.957009 0.989002
v -0.450058 0.748396 0.984052
v -0.374913 0.550510 0.944922
v -0.280356 0.370957 0.873116
v -0.170019 0.216637 0.771392
v -0.048144 0.093479 0.643661
v 0.080587 0.006218 0.494831
v 0.211226 -0.041794 0.330621
v 0.338753 -0.048711 0.157342
v 0.458267 -0.014269 -0.018347
v 0.565175 0.060211 -0.189695
v 0.655369 0.171865 -0.350116
v 0.725382 0.316402 -0.493446
v 0.772525 0.488269 -0.614177
v 0.794986 0.680860 -0.707669
v 0.791900 0.886775 -0.770329
v 0.763388 1.098099 -0.799750
v 0.710544 1.306713 -0.794800
v 0.635399 1.504598 -0.755670
v 0.540842 1.684151 -0.683863
v 0.430505 1.838472 -0.582140
v 0.308630 1.961629 -0.454409
v 0.179899 2.048890 -0.305579
v 0.049260 2.096902 -0.141369
v -0.078267 2.103820 0.031910
v -0.197780 2.069377 0.207599
v -0.304689 1.994898 0.378947
v -0.394883 1.883244 0.539368
v -0.464896 1.738706 0.682699
v -1.614932 0.615569 -1.173310
vn -0.8894 0.2794 0.3618
vn -0.8974 0.1161 0.4258
vn -0.8844 -0.0548 0.4635
vn -0.8511 -0.2268 0.4735
vn -0.7987 -0.3933 0.4555
vn -0.7291 -0.5480 0.4100
vn -0.6452 -0.6847 0.3389
vn -0.5501 -0.7984 0.2449
vn -0.4474 -0.8846 0.1316
vn -0.3412 -0.9400 0.0034
vn -0.2354 -0.9625 -0.1348
vn -0.1342 -0.9512 -0.2778
vn -0.0415 -0.9066 -0.4199
vn 0.0393 -0.8304 -0.5559
vn 0.1049 -0.7254 -0.6803
vn 0.1529 -0.5958 -0.7884
vn 0.1814 -0.4465 -0.8762
vn 0.1893 -0.2833 -0.9402
vn 0.1764 -0.1123 -0.9779
vn 0.1431 0.0597 -0.9879
vn 0.0906 0.2262 -0.9699
vn 0.0211 0.3808 -0.9244
vn -0.0628 0.5176 -0.8533
vn -0.1579 0.6312 -0.7593
vn -0.2606 0.7174 -0.6460
vn -0.3668 0.7728 -0.5178
vn -0.4726 0.7954 -0.3796
vn -0.5738 0.7841 -0.2366
vn -0.6665 0.7395 -0.0945
vn -0.7473 0.6632 0.0414
vn 0.7947 0.1876 0.5773
vn -0.8129 0.5583 0.1659
vn -0.8609 0.4287 0.2740
vt 0.250000 0.490000
vt 0.250000 0.250000
vt 0.296822 0.485388
vt 0.341844 0.471731
vt 0.383337 0.449553
vt 0.419706 0.419706
vt 0.449553 0.383337
vt 0.471731 0.341844
vt 0.485388 0.296822
vt 0.490000 0.250000
vt 0.485388 0.203178
vt 0.471731 0.158156
vt 0.449553 0.116663
vt 0.419706 0.080294
vt 0.383337 0.050447
vt 0.341844 0.028269
vt 0.296822 0.014612
vt 0.250000 0.010000
vt 0.203178 0.014612
vt 0.158156 0.028269
vt 0.116663 0.050447
vt 0.080294 0.080294
vt 0.050447 0.116663
vt 0.028269 0.158156
vt 0.014612 0.203178
vt 0.010000 0.250000
vt 0.014612 0.296822
vt 0.028269 0.341844
vt 0.050447 0.383337
vt 0.080294 0.419706
vt 0.116663 0.449553
vt 0.158156 0.471731
vt 0.750000 0.490000
vt 0.796822 0.485388
vt 0.841844 0.471731
vt 0.883337 0.449553
vt 0.919706 0.419706
vt 0.949553 0.383337
vt 0.971731 0.341844
vt 0.985388 0.296822
vt 0.990000 0.250000
vt 0.985388 0.203178
vt 0.971731 0.158156
vt 0.949553 0.116663
vt 0.919706 0.080294
vt 0.883337 0.050447
vt 0.841844 0.028269
vt 0.796822 0.014612
vt 0.750000 0.010000
vt 0.703178 0.014612
vt 0.658156 0.028269
vt 0.616663 0.050447
vt 0.580294 0.080294
vt 0.550447 0.116663
vt 0.528269 0.158156
vt 0.514612 0.203178
vt 0.510000 0.250000
vt 0.514612 0.296822
vt 0.528269 0.341844
vt 0.550447 0.383337
vt 0.580294 0.419706
vt 0.616663 0.449553
vt 0.658156 0.471731
vt 0.703178 0.485388
vt 0.203178 0.485388
s 0
f 1858/3639/1858 1890/3640/1858 1859/3641/1858
f 1859/3641/1859 1890/3640/1859 1860/3642/1859
f 1860/3642/1860 1890/3640/1860 1861/3643/1860
f 1861/3643/1861 1890/3640/1861 1862/3644/1861
f 1862/3644/1862 1890/3640/1862 1863/3645/1862
f 1863/3645/1863 1890/3640/1863 1864/3646/1863
f 1864/3646/1864 1890/3640/1864 1865/3647/1864
f 1865/3647/1865 1890/3640/1865 1866/3648/1865
f 1866/3648/1866 1890/3640/1866 1867/3649/1866
f 1867/3649/1867 1890/3640/1867 1868/3650/1867
f 1868/3650/1868 1890/3640/1868 1869/3651/1868
f 1869/3651/1869 1890/3640/1869 1870/3652/1869
f 1870/3652/1870 1890/3640/1870 1871/3653/1870
f 1871/3653/1871 1890/3640/1871 1872/3654/1871
f 1872/3654/1872 1890/3640/1872 1873/3655/1872
f 1873/3655/1873 1890/3640/1873 1874/3656/1873
f 1874/3656/1874 1890/3640/1874 1875/3657/1874
f 1875/3657/1875 1890/3640/1875 1876/3658/1875
f 1876/3658/1876 1890/3640/1876 1877/3659/1876
f 1877/3659/1877 1890/3640/1877 1878/3660/1877
f 1878/3660/1878 1890/3640/1878 1879/3661/1878
f 1879/3661/1879 1890/3640/1879 1880/3662/1879
f 1880/3662/1880 1890/3640/1880 1881/3663/1880
f 1881/3663/1881 1890/3640/1881 1882/3664/1881
f 1882/3664/1882 1890/3640/1882 1883/3665/1882
f 1883/3665/1883 1890/3640/1883 1884/3666/1883
f 1884/3666/1884 1890/3640/1884 1885/3667/1884
f 1885/3667/1885 1890/3640/1885 1886/3668/1885
f 1886/3668/1886 1890/3640/1886 1887/3669/1886
f 1887/3669/1887 1890/3640/1887 1888/3670/1887
f 1858/3671/1888 1859/3672/1888 1860/3673/1888 1861/3674/1888 1862/3675/1888 1863/3676/1888 1864/3677/1888 1865/3678/1888 1866/3679/1888 1867/3680/1888 1868/3681/1888 1869/3682/1888 1870/3683/1888 1871/3684/1888 1872/3685/1888 1873/3686/1888 1874/3687/1888 1875/3688/1888 1876/3689/1888 1877/3690/1888 1878/3691/1888 1879/3692/1888 1880/3693/1888 1881/3694/1888 1882/3695/1888 1883/3696/1888 1884/3697/1888 1885/3698/1888 1886/3699/1888 1887/3700/1888 1888/3701/1888 1889/3702/1888
f 1888/3670/1889 1890/3640/1889 1889/3703/1889
f 1889/3703/1890 1890/3640/1890 1858/3639/1890
o Cone
v -0.206961 1.945474 -0.206588
v -0.276171 1.955657 -0.021842
v -0.332771 1.929322 0.165583
v -0.374583 1.867483 0.348484
v -0.400002 1.772515 0.519832
v -0.408050 1.648069 0.673042
v -0.398418 1.498926 0.802227
v -0.371477 1.330818 0.902421
v -0.328262 1.150205 0.969776
v -0.270433 0.964029 1.001701
v -0.200212 0.779443 0.996971
v -0.120300 0.603542 0.955767
v -0.033765 0.443085 0.879672
v 0.056066 0.304238 0.771612
v 0.145740 0.192338 0.635737
v 0.231813 0.111684 0.477271
v 0.310976 0.065376 0.302303
v 0.380187 0.055194 0.117557
v 0.436786 0.081528 -0.069868
v 0.478598 0.143367 -0.252769
v 0.504017 0.238335 -0.424117
v 0.512065 0.362782 -0.577327
v 0.502434 0.511925 -0.706512
v 0.475492 0.680032 -0.806706
v 0.432277 0.860645 -0.874061
v 0.374448 1.046821 -0.905986
v 0.304228 1.231407 -0.901256
v 0.224315 1.407308 -0.860052
v 0.137781 1.567765 -0.783957
v 0.047950 1.706612 -0.675897
v -0.041725 1.818512 -0.540022
v -0.127798 1.899166 -0.381556
v -1.741123 0.339555 -0.587197
vn -0.6584 0.6966 -0.2851
vn -0.7146 0.6894 -0.1189
vn -0.7585 0.6500 0.0464
vn -0.7885 0.5800 0.2045
vn -0.8035 0.4821 0.3494
vn -0.8028 0.3600 0.4754
vn -0.7864 0.2183 0.5778
vn -0.7551 0.0627 0.6526
vn -0.7100 -0.1010 0.6969
vn -0.6529 -0.2665 0.7090
vn -0.5858 -0.4274 0.6885
vn -0.5115 -0.5776 0.6362
vn -0.4328 -0.7112 0.5540
vn -0.3527 -0.8231 0.4451
vn -0.2743 -0.9090 0.3137
vn -0.2005 -0.9657 0.1649
vn -0.1343 -0.9909 0.0043
vn -0.0781 -0.9837 -0.1618
vn -0.0342 -0.9444 -0.3271
vn -0.0042 -0.8744 -0.4852
vn 0.0108 -0.7764 -0.6301
vn 0.0101 -0.6543 -0.7562
vn -0.0063 -0.5127 -0.8585
vn -0.0376 -0.3571 -0.9333
vn -0.0827 -0.1933 -0.9776
vn -0.1398 -0.0278 -0.9898
vn -0.2069 0.1331 -0.9693
vn -0.2812 0.2832 -0.9169
vn -0.3599 0.4168 -0.8347
vn -0.4400 0.5287 -0.7258
vn 0.8897 0.3304 0.3151
vn -0.5184 0.6147 -0.5945
vn -0.5922 0.6714 -0.4456
vt 0.250000 0.490000
vt 0.250000 0.250000
vt 0.296822 0.485388
vt 0.341844 0.471731
vt 0.383337 0.449553
vt 0.419706 0.419706
vt 0.449553 0.383337
vt 0.471731 0.341844
vt 0.485388 0.296822
vt 0.490000 0.250000
vt 0.485388 0.203178
vt 0.471731 0.158156
vt 0.449553 0.116663
vt 0.419706 0.080294
vt 0.383337 0.050447
vt 0.341844 0.028269
vt 0.296822 0.014612
vt 0.250000 0.010000
vt 0.203178 0.014612
vt 0.158156 0.028269
vt 0.116663 0.050447
vt 0.080294 0.080294
vt 0.050447 0.116663
vt 0.028269 0.158156
vt 0.014612 0.203178
vt 0.010000 0.250000
vt 0.014612 0.296822
vt 0.028269 0.341844
vt 0.050447 0.383337
vt 0.080294 0.419706
vt 0.116663 0.449553
vt 0.158156 0.471731
vt 0.750000 0.490000
vt 0.796822 0.485388
vt 0.841844 0.471731
vt 0.883337 0.449553
vt 0.919706 0.419706
vt 0.949553 0.383337
vt 0.971731 0.341844
vt 0.985388 0.296822
vt 0.990000 0.250000
vt 0.985388 0.203178
vt 0.971731 0.158156
vt 0.949553 0.116663
vt 0.919706 0.080294
vt 0.883337 0.050447
vt 0.841844 0.028269
vt 0.796822 0.014612
vt 0.750000 0.010000
vt 0.703178 0.014612
vt 0.658156 0.028269
vt 0.616663 0.050447
vt 0.580294 0.080294
vt 0.550447 0.116663
vt 0.528269 0.158156
vt 0.514612 0.203178
vt 0.510000 0.250000
vt 0.514612 0.296822
vt 0.528269 0.341844
vt 0.550447 0.383337
vt 0.580294 0.419706
vt 0.616663 0.449553
vt 0.658156 0.471731
vt 0.703178 0.485388
vt 0.203178 0.485388
s 0
f 1891/3704/1891 1923/3705/1891 1892/3706/1891
f 1892/3706/1892 1923/3705/1892 1893/3707/1892
f 1893/3707/1893 1923/3705/1893 1894/3708/1893
f 1894/3708/1894 1923/3705/1894 1895/3709/1894
f 1895/3709/1895 1923/3705/1895 1896/3710/1895
f 1896/3710/1896 1923/3705/1896 1897/3711/1896
f 1897/3711/1897 1923/3705/1897 1898/3712/1897
f 1898/3712/1898 1923/3705/1898 1899/3713/1898
f 1899/3713/1899 1923/3705/1899 1900/3714/1899
f 1900/3714/1900 1923/3705/1900 1901/3715/1900
f 1901/3715/1901 1923/3705/1901 1902/3716/1901
f 1902/3716/1902 1923/3705/1902 1903/3717/1902
f 1903/3717/1903 1923/3705/1903 1904/3718/1903
f 1904/3718/1904 1923/3705/1904 1905/3719/1904
f 1905/3719/1905 1923/3705/1905 1906/3720/1905
f 1906/3720/1906 1923/3705/1906 1907/3721/1906
f 1907/3721/1907 1923/3705/1907 1908/3722/1907
f 1908/3722/1908 1923/3705/1908 1909/3723/1908
f 1909/3723/1909 1923/3705/1909 1910/3724/1909
f 1910/3724/1910 1923/3705/1910 1911/3725/1910
f 1911/3725/1911 1923/3705/1911 1912/3726/1911
f 1912/3726/1912 1923/3705/1912 1913/3727/1912
f 1913/3727/1913 1923/3705/1913 1914/3728/1913
f 1914/3728/1914 1923/3705/1914 1915/3729/1914
f 1915/3729/1915 1923/3705/1915 1916/3730/1915
f 1916/3730/1916 1923/3705/1916 1917/3731/1916
f 1917/3731/1917 1923/3705/1917 1918/3732/1917
f 1918/3732/1918 1923/3705/1918 1919/3733/1918
f 1919/3733/1919 1923/3705/1919 1920/3734/1919
f 1920/3734/1920 1923/3705/1920 1921/3735/1920
f 1891/3736/1921 1892/3737/1921 1893/3738/1921 1894/3739/1921 1895/3740/1921 1896/3741/1921 1897/3742/1921 1898/3743/1921 1899/3744/1921 1900/3745/1921 1901/3746/1921 1902/3747/1921 1903/3748/1921 1904/3749/1921 1905/3750/1921 1906/3751/1921 1907/3752/1921 1908/3753/1921 1909/3754/1921 1910/3755/1921 1911/3756/1921 1912/3757/1921 1913/3758/1921 1914/3759/1921 1915/3760/1921 1916/3761/1921 1917/3762/1921 1918/3763/1921 1919/3764/1921 1920/3765/1921 1921/3766/1921 1922/3767/1921
f 1921/3735/1922 1923/3705/1922 1922/3768/1922
f 1922/3768/1923 1923/3705/1923 1891/3704/1923
o Cone
v 0.157083 2.019028 -0.114128
v 0.270672 1.999818 0.046354
v 0.375960 1.942927 0.203528
v 0.468901 1.850540 0.351354
v 0.545922 1.726209 0.484151
v 0.604065 1.574711 0.596817
v 0.641095 1.401868 0.685021
v 0.655589 1.214323 0.745374
v 0.646989 1.019282 0.775556
v 0.615626 0.824242 0.774408
v 0.562706 0.636696 0.741974
v 0.490262 0.463853 0.679500
v 0.401078 0.312355 0.589386
v 0.298582 0.188024 0.475097
v 0.186712 0.095638 0.341024
v 0.069767 0.038746 0.192319
v -0.047758 0.019537 0.034697
v -0.161347 0.038746 -0.125784
v -0.266635 0.095638 -0.282958
v -0.359576 0.188024 -0.430784
v -0.436598 0.312355 -0.563582
v -0.494741 0.463853 -0.676248
v -0.531770 0.636696 -0.764452
v -0.546264 0.824241 -0.824805
v -0.537664 1.019282 -0.854987
v -0.506301 1.214323 -0.853839
v -0.453381 1.401868 -0.821405
v -0.380937 1.574711 -0.758930
v -0.291754 1.726209 -0.668817
v -0.189257 1.850540 -0.554528
v -0.077387 1.942927 -0.420454
v 0.039558 1.999818 -0.271749
v -1.562963 1.272478 1.135552
vn -0.2154 0.9399 0.2650
vn -0.1177 0.9059 0.4068
vn -0.0292 0.8393 0.5429
vn 0.0466 0.7425 0.6682
vn 0.1070 0.6194 0.7777
vn 0.1494 0.4747 0.8674
vn 0.1724 0.3138 0.9337
vn 0.1751 0.1430 0.9741
vn 0.1572 -0.0311 0.9871
vn 0.1196 -0.2019 0.9721
vn 0.0637 -0.3627 0.9297
vn -0.0085 -0.5075 0.8616
vn -0.0941 -0.6306 0.7704
vn -0.1897 -0.7274 0.6595
vn -0.2919 -0.7940 0.5333
vn -0.3965 -0.8280 0.3966
vn -0.4997 -0.8280 0.2546
vn -0.5974 -0.7940 0.1128
vn -0.6859 -0.7274 -0.0234
vn -0.7617 -0.6306 -0.1486
vn -0.8221 -0.5075 -0.2582
vn -0.8645 -0.3627 -0.3478
vn -0.8875 -0.2019 -0.4141
vn -0.8902 -0.0311 -0.4546
vn -0.8723 0.1430 -0.4675
vn -0.8347 0.3138 -0.4525
vn -0.7788 0.4747 -0.4102
vn -0.7066 0.6194 -0.3421
vn -0.6211 0.7425 -0.2508
vn -0.5254 0.8393 -0.1400
vn 0.8026 -0.1256 -0.5831
vn -0.4232 0.9059 -0.0137
vn -0.3186 0.9399 0.1230
vt 0.250000 0.490000
vt 0.250000 0.250000
vt 0.296822 0.485388
vt 0.341844 0.471731
vt 0.383337 0.449553
vt 0.419706 0.419706
vt 0.449553 0.383337
vt 0.471731 0.341844
vt 0.485388 0.296822
vt 0.490000 0.250000
vt 0.485388 0.203178
vt 0.471731 0.158156
vt 0.449553 0.116663
vt 0.419706 0.080294
vt 0.383337 0.050447
vt 0.341844 0.028269
vt 0.296822 0.014612
vt 0.250000 0.010000
vt 0.203178 0.014612
vt 0.158156 0.028269
vt 0.116663 0.050447
vt 0.080294 0.080294
vt 0.050447 0.116663
vt 0.028269 0.158156
vt 0.014612 0.203178
vt 0.010000 0.250000
vt 0.014612 0.296822
vt 0.028269 0.341844
vt 0.050447 0.383337
vt 0.080294 0.419706
vt 0.116663 0.449553
vt 0.158156 0.471731
vt 0.750000 0.490000
vt 0.796822 0.485388
vt 0.841844 0.471731
vt 0.883337 0.449553
vt 0.919706 0.419706
vt 0.949553 0.383337
vt 0.971731 0.341844
vt 0.985388 0.296822
vt 0.990000 0.250000
vt 0.985388 0.203178
vt 0.971731 0.158156
vt 0.949553 0.116663
vt 0.919706 0.080294
vt 0.883337 0.050447
vt 0.841844 0.028269
vt 0.796822 0.014612
vt 0.750000 0.010000
vt 0.703178 0.014612
vt 0.658156 0.028269
vt 0.616663 0.050447
vt 0.580294 0.080294
vt 0.550447 0.116663
vt 0.528269 0.158156
vt 0.514612 0.203178
vt 0.510000 0.250000
vt 0.514612 0.296822
vt 0.528269 0.341844
vt 0.550447 0.383337
vt 0.580294 0.419706
vt 0.616663 0.449553
vt 0.658156 0.471731
vt 0.703178 0.485388
vt 0.203178 0.485388
s 0
f 1924/3769/1924 1956/3770/1924 1925/3771/1924
f 1925/3771/1925 1956/3770/1925 1926/3772/1925
f 1926/3772/1926 1956/3770/1926 1927/3773/1926
f 1927/3773/1927 1956/3770/1927 1928/3774/1927
f 1928/3774/1928 1956/3770/1928 1929/3775/1928
f 1929/3775/1929 1956/3770/1929 1930/3776/1929
f 1930/3776/1930 1956/3770/1930 1931/3777/1930
f 1931/3777/1931 1956/3770/1931 1932/3778/1931
f 1932/3778/1932 1956/3770/1932 1933/3779/1932
f 1933/3779/1933 1956/3770/1933 1934/3780/1933
f 1934/3780/1934 1956/3770/1934 1935/3781/1934
f 1935/3781/1935 1956/3770/1935 1936/3782/1935
f 1936/3782/1936 1956/3770/1936 1937/3783/1936
f 1937/3783/1937 1956/3770/1937 1938/3784/1937
f 1938/3784/1938 1956/3770/1938 1939/3785/1938
f 1939/3785/1939 1956/3770/1939 1940/3786/1939
f 1940/3786/1940 1956/3770/1940 1941/3787/1940
f 1941/3787/1941 1956/3770/1941 1942/3788/1941
f 1942/3788/1942 1956/3770/1942 1943/3789/1942
f 1943/3789/1943 1956/3770/1943 1944/3790/1943
f 1944/3790/1944 1956/3770/1944 1945/3791/1944
f 1945/3791/1945 1956/3770/1945 1946/3792/1945
f 1946/3792/1946 1956/3770/1946 1947/3793/1946
f 1947/3793/1947 1956/3770/1947 1948/3794/1947
f 1948/3794/1948 1956/3770/1948 1949/3795/1948
f 1949/3795/1949 1956/3770/1949 1950/3796/1949
f 1950/3796/1950 1956/3770/1950 1951/3797/1950
f 1951/3797/1951 1956/3770/1951 1952/3798/1951
f 1952/3798/1952 1956/3770/1952 1953/3799/1952
f 1953/3799/1953 1956/3770/1953 1954/3800/1953
f 1924/3801/1954 1925/3802/1954 1926/3803/1954 1927/3804/1954 1928/3805/1954 1929/3806/1954 1930/3807/1954 1931/3808/1954 1932/3809/1954 1933/3810/1954 1934/3811/1954 1935/3812/1954 1936/3813/1954 1937/3814/1954 1938/3815/1954 1939/3816/1954 1940/3817/1954 1941/3818/1954 1942/3819/1954 1943/3820/1954 1944/3821/1954 1945/3822/1954 1946/3823/1954 1947/3824/1954 1948/3825/1954 1949/3826/1954 1950/3827/1954 1951/3828/1954 1952/3829/1954 1953/3830/1954 1954/3831/1954 1955/3832/1954
f 1954/3800/1955 1956/3770/1955 1955/3833/1955
f 1955/3833/1956 1956/3770/1956 1924/3769/1956
o Cone
v 0.605874 1.566841 0.735255
v 0.687849 1.374250 0.785507
v 0.748396 1.168335 0.801937
v 0.785188 0.957011 0.783912
v 0.796810 0.748397 0.732125
v 0.782817 0.550512 0.648567
v 0.743745 0.370958 0.536448
v 0.681098 0.216638 0.400077
v 0.597281 0.093480 0.244695
v 0.495516 0.006218 0.076274
v 0.379714 -0.041794 -0.098716
v 0.254324 -0.048712 -0.273548
v 0.124167 -0.014269 -0.441504
v -0.005757 0.060210 -0.596130
v -0.130455 0.171864 -0.731483
v -0.245134 0.316401 -0.842363
v -0.345388 0.488267 -0.924507
v -0.427363 0.680859 -0.974759
v -0.487910 0.886773 -0.991189
v -0.524701 1.098097 -0.973164
v -0.536324 1.306711 -0.921377
v -0.522331 1.504597 -0.837818
v -0.483259 1.684150 -0.725700
v -0.420611 1.838470 -0.589329
v -0.336794 1.961628 -0.433947
v -0.235030 2.048890 -0.265525
v -0.119227 2.096902 -0.090536
v 0.006162 2.103820 0.084296
v 0.136319 2.069377 0.252252
v 0.266243 1.994898 0.406878
v 0.390941 1.883245 0.542232
v 0.505620 1.738707 0.653111
v -1.614932 0.615569 1.173310
vn 0.0692 0.2794 0.9577
vn 0.1276 0.1161 0.9850
vn 0.1675 -0.0548 0.9843
vn 0.1873 -0.2268 0.9558
vn 0.1864 -0.3933 0.9003
vn 0.1646 -0.5480 0.8202
vn 0.1230 -0.6847 0.7184
vn 0.0630 -0.7984 0.5988
vn -0.0131 -0.8846 0.4662
vn -0.1022 -0.9400 0.3255
vn -0.2010 -0.9625 0.1822
vn -0.3057 -0.9512 0.0418
vn -0.4122 -0.9066 -0.0903
vn -0.5165 -0.8304 -0.2091
vn -0.6146 -0.7254 -0.3100
vn -0.7026 -0.5958 -0.3890
vn -0.7773 -0.4465 -0.4433
vn -0.8356 -0.2833 -0.4706
vn -0.8755 -0.1123 -0.4699
vn -0.8953 0.0597 -0.4413
vn -0.8944 0.2262 -0.3859
vn -0.8726 0.3808 -0.3057
vn -0.8310 0.5176 -0.2040
vn -0.7710 0.6312 -0.0844
vn -0.6950 0.7174 0.0482
vn -0.6058 0.7728 0.1889
vn -0.5070 0.7954 0.3322
vn -0.4023 0.7841 0.4726
vn -0.2958 0.7395 0.6047
vn -0.1915 0.6632 0.7235
vn 0.7947 0.1876 -0.5773
vn -0.0935 0.5583 0.8244
vn -0.0054 0.4287 0.9035
vt 0.250000 0.490000
vt 0.250000 0.250000
vt 0.296822 0.485388
vt 0.341844 0.471731
vt 0.383337 0.449553
vt 0.419706 0.419706
vt 0.449553 0.383337
vt 0.471731 0.341844
vt 0.485388 0.296822
vt 0.490000 0.250000
vt 0.485388 0.203178
vt 0.471731 0.158156
vt 0.449553 0.116663
vt 0.419706 0.080294
vt 0.383337 0.050447
vt 0.341844 0.028269
vt 0.296822 0.014612
vt 0.250000 0.010000
vt 0.203178 0.014612
vt 0.158156 0.028269
vt 0.116663 0.050447
vt 0.080294 0.080294
vt 0.050447 0.116663
vt 0.028269 0.158156
vt 0.014612 0.203178
vt 0.010000 0.250000
vt 0.014612 0.296822
vt 0.028269 0.341844
vt 0.050447 0.383337
vt 0.080294 0.419706
vt 0.116663 0.449553
vt 0.158156 0.471731
vt 0.750000 0.490000
vt 0.796822 0.485388
vt 0.841844 0.471731
vt 0.883337 0.449553
vt 0.919706 0.419706
vt 0.949553 0.383337
vt 0.971731 0.341844
vt 0.985388 0.296822
vt 0.990000 0.250000
vt 0.985388 0.203178
vt 0.971731 0.158156
vt 0.949553 0.116663
vt 0.919706 0.080294
vt 0.883337 0.050447
vt 0.841844 0.028269
vt 0.796822 0.014612
vt 0.750000 0.010000
vt 0.703178 0.014612
vt 0.658156 0.028269
vt 0.616663 0.050447
vt 0.580294 0.080294
vt 0.550447 0.116663
vt 0.528269 0.158156
vt 0.514612 0.203178
vt 0.510000 0.250000
vt 0.514612 0.296822
vt 0.528269 0.341844
vt 0.550447 0.383337
vt 0.580294 0.419706
vt 0.616663 0.449553
vt 0.658156 0.471731
vt 0.703178 0.485388
vt 0.203178 0.485388
s 0
f 1957/3834/1957 1989/3835/1957 1958/3836/1957
f 1958/3836/1958 1989/3835/1958 1959/3837/1958
f 1959/3837/1959 1989/3835/1959 1960/3838/1959
f 1960/3838/1960 1989/3835/1960 1961/3839/1960
f 1961/3839/1961 1989/3835/1961 1962/3840/1961
f 1962/3840/1962 1989/3835/1962 1963/3841/1962
f 1963/3841/1963 1989/3835/1963 1964/3842/1963
f 1964/3842/1964 1989/3835/1964 1965/3843/1964
f 1965/3843/1965 1989/3835/1965 1966/3844/1965
f 1966/3844/1966 1989/3835/1966 1967/3845/1966
f 1967/3845/1967 1989/3835/1967 1968/3846/1967
f 1968/3846/1968 1989/3835/1968 1969/3847/1968
f 1969/3847/1969 1989/3835/1969 1970/3848/1969
f 1970/3848/1970 1989/3835/1970 1971/3849/1970
f 1971/3849/1971 1989/3835/1971 1972/3850/1971
f 1972/3850/1972 1989/3835/1972 1973/3851/1972
f 1973/3851/1973 1989/3835/1973 1974/3852/1973
f 1974/3852/1974 1989/3835/1974 1975/3853/1974
f 1975/3853/1975 1989/3835/1975 1976/3854/1975
f 1976/3854/1976 1989/3835/1976 1977/3855/1976
f 1977/3855/1977 1989/3835/1977 1978/3856/1977
f 1978/3856/1978 1989/3835/1978 1979/3857/1978
f 1979/3857/1979 1989/3835/1979 1980/3858/1979
f 1980/3858/1980 1989/3835/1980 1981/3859/1980
f 1981/3859/1981 1989/3835/1981 1982/3860/1981
f 1982/3860/1982 1989/3835/1982 1983/3861/1982
f 1983/3861/1983 1989/3835/1983 1984/3862/1983
f 1984/3862/1984 1989/3835/1984 1985/3863/1984
f 1985/3863/1985 1989/3835/1985 1986/3864/1985
f 1986/3864/1986 1989/3835/1986 1987/3865/1986
f 1957/3866/1987 1958/3867/1987 1959/3868/1987 1960/3869/1987 1961/3870/1987 1962/3871/1987 1963/3872/1987 1964/3873/1987 1965/3874/1987 1966/3875/1987 1967/3876/1987 1968/3877/1987 1969/3878/1987 1970/3879/1987 1971/3880/1987 1972/3881/1987 1973/3882/1987 1974/3883/1987 1975/3884/1987 1976/3885/1987 1977/3886/1987 1978/3887/1987 1979/3888/1987 1980/3889/1987 1981/3890/1987 1982/3891/1987 1983/3892/1987 1984/3893/1987 1985/3894/1987 1986/3895/1987 1987/3896/1987 1988/3897/1987
f 1987/3865/1988 1989/3835/1988 1988/3898/1988
f 1988/3898/1989 1989/3835/1989 1957/3834/1989
o Cone
v -0.260426 1.945488 0.132993
v -0.106107 1.955669 0.255906
v 0.054657 1.929332 0.367653
v 0.215687 1.867491 0.463938
v 0.370795 1.772521 0.541061
v 0.514021 1.648072 0.596058
v 0.639859 1.498926 0.626817
v 0.743476 1.330816 0.632154
v 0.820887 1.150202 0.611866
v 0.869119 0.964024 0.566730
v 0.886319 0.779437 0.498483
v 0.871824 0.603535 0.409746
v 0.826193 0.443077 0.303931
v 0.751178 0.304231 0.185102
v 0.649662 0.192331 0.057827
v 0.525548 0.111678 -0.073002
v 0.383603 0.065371 -0.202360
v 0.229284 0.055191 -0.325273
v 0.068521 0.081527 -0.437020
v -0.092509 0.143369 -0.533304
v -0.247617 0.238339 -0.610428
v -0.390843 0.362788 -0.665425
v -0.516682 0.511933 -0.696184
v -0.620298 0.680043 -0.701521
v -0.697710 0.860657 -0.681232
v -0.745942 1.046836 -0.636097
v -0.763141 1.231422 -0.567850
v -0.748646 1.407324 -0.479113
v -0.703015 1.567782 -0.373297
v -0.628000 1.706628 -0.254469
v -0.526485 1.818528 -0.127194
v -0.402370 1.899181 0.003636
v -1.096498 0.339547 1.474459
vn -0.4746 0.6966 0.5381
vn -0.3339 0.6894 0.6429
vn -0.1903 0.6500 0.7357
vn -0.0492 0.5800 0.8131
vn 0.0840 0.4821 0.8721
vn 0.2041 0.3599 0.9104
vn 0.3065 0.2183 0.9265
vn 0.3873 0.0627 0.9198
vn 0.4434 -0.1010 0.8906
vn 0.4726 -0.2665 0.8400
vn 0.4738 -0.4274 0.7699
vn 0.4470 -0.5776 0.6831
vn 0.3931 -0.7112 0.5828
vn 0.3143 -0.8231 0.4730
vn 0.2136 -0.9091 0.3578
vn 0.0948 -0.9657 0.2416
vn -0.0374 -0.9909 0.1290
vn -0.1780 -0.9837 0.0243
vn -0.3217 -0.9444 -0.0686
vn -0.4628 -0.8744 -0.1460
vn -0.5959 -0.7764 -0.2050
vn -0.7160 -0.6543 -0.2432
vn -0.8185 -0.5127 -0.2593
vn -0.8993 -0.3570 -0.2527
vn -0.9553 -0.1933 -0.2235
vn -0.9846 -0.0278 -0.1729
vn -0.9858 0.1331 -0.1028
vn -0.9589 0.2832 -0.0159
vn -0.9051 0.4168 0.0843
vn -0.8263 0.5287 0.1942
vn 0.5746 0.3304 -0.7488
vn -0.7256 0.6147 0.3094
vn -0.6068 0.6714 0.4255
vt 0.250000 0.490000
vt 0.250000 0.250000
vt 0.296822 0.485388
vt 0.341844 0.471731
vt 0.383337 0.449553
vt 0.419706 0.419706
vt 0.449553 0.383337
vt 0.471731 0.341844
vt 0.485388 0.296822
vt 0.490000 0.250000
vt 0.485388 0.203178
vt 0.471731 0.158156
vt 0.449553 0.116663
vt 0.419706 0.080294
vt 0.383337 0.050447
vt 0.341844 0.028269
vt 0.296822 0.014612
vt 0.250000 0.010000
vt 0.203178 0.014612
vt 0.158156 0.028269
vt 0.116663 0.050447
vt 0.080294 0.080294
vt 0.050447 0.116663
vt 0.028269 0.158156
vt 0.014612 0.203178
vt 0.010000 0.250000
vt 0.014612 0.296822
vt 0.028269 0.341844
vt 0.050447 0.383337
vt 0.080294 0.419706
vt 0.116663 0.449553
vt 0.158156 0.471731
vt 0.750000 0.490000
vt 0.796822 0.485388
vt 0.841844 0.471731
vt 0.883337 0.449553
vt 0.919706 0.419706
vt 0.949553 0.383337
vt 0.971731 0.341844
vt 0.985388 0.296822
vt 0.990000 0.250000
vt 0.985388 0.203178
vt 0.971731 0.158156
vt 0.949553 0.116663
vt 0.919706 0.080294
vt 0.883337 0.050447
vt 0.841844 0.028269
vt 0.796822 0.014612
vt 0.750000 0.010000
vt 0.703178 0.014612
vt 0.658156 0.028269
vt 0.616663 0.050447
vt 0.580294 0.080294
vt 0.550447 0.116663
vt 0.528269 0.158156
vt 0.514612 0.203178
vt 0.510000 0.250000
vt 0.514612 0.296822
vt 0.528269 0.341844
vt 0.550447 0.383337
vt 0.580294 0.419706
vt 0.616663 0.449553
vt 0.658156 0.471731
vt 0.703178 0.485388
vt 0.203178 0.485388
s 0
f 1990/3899/1990 2022/3900/1990 1991/3901/1990
f 1991/3901/1991 2022/3900/1991 1992/3902/1991
f 1992/3902/1992 2022/3900/1992 1993/3903/1992
f 1993/3903/1993 2022/3900/1993 1994/3904/1993
f 1994/3904/1994 2022/3900/1994 1995/3905/1994
f 1995/3905/1995 2022/3900/1995 1996/3906/1995
f 1996/3906/1996 2022/3900/1996 1997/3907/1996
f 1997/3907/1997 2022/3900/1997 1998/3908/1997
f 1998/3908/1998 2022/3900/1998 1999/3909/1998
f 1999/3909/1999 2022/3900/1999 2000/3910/1999
f 2000/3910/2000 2022/3900/2000 2001/3911/2000
f 2001/3911/2001 2022/3900/2001 2002/3912/2001
f 2002/3912/2002 2022/3900/2002 2003/3913/2002
f 2003/3913/2003 2022/3900/2003 2004/3914/2003
f 2004/3914/2004 2022/3900/2004 2005/3915/2004
f 2005/3915/2005 2022/3900/2005 2006/3916/2005
f 2006/3916/2006 2022/3900/2006 2007/3917/2006
f 2007/3917/2007 2022/3900/2007 2008/3918/2007
f 2008/3918/2008 2022/3900/2008 2009/3919/2008
f 2009/3919/2009 2022/3900/2009 2010/3920/2009
f 2010/3920/2010 2022/3900/2010 2011/3921/2010
f 2011/3921/2011 2022/3900/2011 2012/3922/2011
f 2012/3922/2012 2022/3900/2012 2013/3923/2012
f 2013/3923/2013 2022/3900/2013 2014/3924/2013
f 2014/3924/2014 2022/3900/2014 2015/3925/2014
f 2015/3925/2015 2022/3900/2015 2016/3926/2015
f 2016/3926/2016 2022/3900/2016 2017/3927/2016
f 2017/3927/2017 2022/3900/2017 2018/3928/2017
f 2018/3928/2018 2022/3900/2018 2019/3929/2018
f 2019/3929/2019 2022/3900/2019 2020/3930/2019
f 1990/3931/2020 1991/3932/2020 1992/3933/2020 1993/3934/2020 1994/3935/2020 1995/3936/2020 1996/3937/2020 1997/3938/2020 1998/3939/2020 1999/3940/2020 2000/3941/2020 2001/3942/2020 2002/3943/2020 2003/3944/2020 2004/3945/2020 2005/3946/2020 2006/3947/2020 2007/3948/2020 2008/3949/2020 2009/3950/2020 2010/3951/2020 2011/3952/2020 2012/3953/2020 2013/3954/2020 2014/3955/2020 2015/3956/2020 2016/3957/2020 2017/3958/2020 2018/3959/2020 2019/3960/2020 2020/3961/2020 2021/3962/2020
f 2020/3930/2021 2022/3900/2021 2021/3963/2021
f 2021/3963/2022 2022/3900/2022 1990/3899/2022
o Cone
v -0.060001 2.019024 -0.184660
v 0.127726 1.999814 -0.243098
v 0.309743 1.942923 -0.294664
v 0.479053 1.850537 -0.337375
v 0.629152 1.726206 -0.369591
v 0.754270 1.574708 -0.390073
v 0.849600 1.401866 -0.398033
v 0.911478 1.214321 -0.393167
v 0.937525 1.019281 -0.375661
v 0.926742 0.824241 -0.346188
v 0.879542 0.636696 -0.305881
v 0.797740 0.463853 -0.256288
v 0.684478 0.312356 -0.199315
v 0.544110 0.188025 -0.137152
v 0.382030 0.095639 -0.072188
v 0.204466 0.038748 -0.006919
v 0.018242 0.019538 0.056147
v -0.169486 0.038748 0.114585
v -0.351502 0.095639 0.166151
v -0.520813 0.188025 0.208862
v -0.670912 0.312356 0.241078
v -0.796030 0.463853 0.261560
v -0.891360 0.636696 0.269520
v -0.953237 0.824241 0.264654
v -0.979285 1.019281 0.247148
v -0.968502 1.214321 0.217675
v -0.921302 1.401866 0.177368
v -0.839499 1.574708 0.127775
v -0.726238 1.726206 0.070802
v -0.585869 1.850537 0.008639
v -0.423789 1.942923 -0.056325
v -0.246225 1.999814 -0.121594
v 0.596996 1.272480 1.837368
vn 0.1854 0.9399 0.2868
vn 0.3505 0.9059 0.2377
vn 0.5073 0.8393 0.1956
vn 0.6499 0.7425 0.1621
vn 0.7727 0.6194 0.1386
vn 0.8711 0.4747 0.1259
vn 0.9413 0.3138 0.1245
vn 0.9805 0.1430 0.1345
vn 0.9873 -0.0311 0.1555
vn 0.9615 -0.2019 0.1866
vn 0.9039 -0.3627 0.2268
vn 0.8168 -0.5075 0.2743
vn 0.7036 -0.6306 0.3275
vn 0.5686 -0.7274 0.3842
vn 0.4170 -0.7940 0.4424
vn 0.2546 -0.8280 0.4997
vn 0.0877 -0.8280 0.5539
vn -0.0773 -0.7940 0.6030
vn -0.2342 -0.7274 0.6451
vn -0.3767 -0.6306 0.6785
vn -0.4996 -0.5075 0.7020
vn -0.5980 -0.3627 0.7147
vn -0.6681 -0.2019 0.7161
vn -0.7074 -0.0311 0.7061
vn -0.7142 0.1430 0.6852
vn -0.6883 0.3138 0.6540
vn -0.6307 0.4747 0.6139
vn -0.5437 0.6194 0.5663
vn -0.4305 0.7425 0.5132
vn -0.2955 0.8393 0.4564
vn -0.3066 -0.1256 -0.9435
vn -0.1439 0.9059 0.3983
vn 0.0185 0.9399 0.3410
vt 0.250000 0.490000
vt 0.250000 0.250000
vt 0.296822 0.485388
vt 0.341844 0.471731
vt 0.383337 0.449553
vt 0.419706 0.419706
vt 0.449553 0.383337
vt 0.471731 0.341844
vt 0.485388 0.296822
vt 0.490000 0.250000
vt 0.485388 0.203178
vt 0.471731 0.158156
vt 0.449553 0.116663
vt 0.419706 0.080294
vt 0.383337 0.050447
vt 0.341844 0.028269
vt 0.296822 0.014612
vt 0.250000 0.010000
vt 0.203178 0.014612
vt 0.158156 0.028269
vt 0.116663 0.050447
vt 0.080294 0.080294
vt 0.050447 0.116663
vt 0.028269 0.158156
vt 0.014612 0.203178
vt 0.010000 0.250000
vt 0.014612 0.296822
vt 0.028269 0.341844
vt 0.050447 0.383337
vt 0.080294 0.419706
vt 0.116663 0.449553
vt 0.158156 0.471731
vt 0.750000 0.490000
vt 0.796822 0.485388
vt 0.841844 0.471731
vt 0.883337 0.449553
vt 0.919706 0.419706
vt 0.949553 0.383337
vt 0.971731 0.341844
vt 0.985388 0.296822
vt 0.990000 0.250000
vt 0.985388 0.203178
vt 0.971731 0.158156
vt 0.949553 0.116663
vt 0.919706 0.080294
vt 0.883337 0.050447
vt 0.841844 0.028269
vt 0.796822 0.014612
vt 0.750000 0.010000
vt 0.703178 0.014612
vt 0.658156 0.028269
vt 0.616663 0.050447
vt 0.580294 0.080294
vt 0.550447 0.116663
vt 0.528269 0.158156
vt 0.514612 0.203178
vt 0.510000 0.250000
vt 0.514612 0.296822
vt 0.528269 0.341844
vt 0.550447 0.383337
vt 0.580294 0.419706
vt 0.616663 0.449553
vt 0.658156 0.471731
vt 0.703178 0.485388
vt 0.203178 0.485388
s 0
f 2023/3964/2023 2055/3965/2023 2024/3966/2023
f 2024/3966/2024 2055/3965/2024 2025/3967/2024
f 2025/3967/2025 2055/3965/2025 2026/3968/2025
f 2026/3968/2026 2055/3965/2026 2027/3969/2026
f 2027/3969/2027 2055/3965/2027 2028/3970/2027
f 2028/3970/2028 2055/3965/2028 2029/3971/2028
f 2029/3971/2029 2055/3965/2029 2030/3972/2029
f 2030/3972/2030 2055/3965/2030 2031/3973/2030
f 2031/3973/2031 2055/3965/2031 2032/3974/2031
f 2032/3974/2032 2055/3965/2032 2033/3975/2032
f 2033/3975/2033 2055/3965/2033 2034/3976/2033
f 2034/3976/2034 2055/3965/2034 2035/3977/2034
f 2035/3977/2035 2055/3965/2035 2036/3978/2035
f 2036/3978/2036 2055/3965/2036 2037/3979/2036
f 2037/3979/2037 2055/3965/2037 2038/3980/2037
f 2038/3980/2038 2055/3965/2038 2039/3981/2038
f 2039/3981/2039 2055/3965/2039 2040/3982/2039
f 2040/3982/2040 2055/3965/2040 2041/3983/2040
f 2041/3983/2041 2055/3965/2041 2042/3984/2041
f 2042/3984/2042 2055/3965/2042 2043/3985/2042
f 2043/3985/2043 2055/3965/2043 2044/3986/2043
f 2044/3986/2044 2055/3965/2044 2045/3987/2044
f 2045/3987/2045 2055/3965/2045 2046/3988/2045
f 2046/3988/2046 2055/3965/2046 2047/3989/2046
f 2047/3989/2047 2055/3965/2047 2048/3990/2047
f 2048/3990/2048 2055/3965/2048 2049/3991/2048
f 2049/3991/2049 2055/3965/2049 2050/3992/2049
f 2050/3992/2050 2055/3965/2050 2051/3993/2050
f 2051/3993/2051 2055/3965/2051 2052/3994/2051
f 2052/3994/2052 2055/3965/2052 2053/3995/2052
f 2023/3996/2053 2024/3997/2053 2025/3998/2053 2026/3999/2053 2027/4000/2053 2028/4001/2053 2029/4002/2053 2030/4003/2053 2031/4004/2053 2032/4005/2053 2033/4006/2053 2034/4007/2053 2035/4008/2053 2036/4009/2053 2037/4010/2053 2038/4011/2053 2039/4012/2053 2040/4013/2053 2041/4014/2053 2042/4015/2053 2043/4016/2053 2044/4017/2053 2045/4018/2053 2046/4019/2053 2047/4020/2053 2048/4021/2053 2049/4022/2053 2050/4023/2053 2051/4024/2053 2052/4025/2053 2053/4026/2053 2054/4027/2053
f 2053/3995/2054 2055/3965/2054 2054/4028/2054
f 2054/4028/2055 2055/3965/2055 2023/3964/2055
o Cone
v 0.886493 1.566843 -0.349013
v 0.959618 1.374253 -0.411448
v 0.993953 1.168339 -0.463955
v 0.988180 0.957015 -0.504517
v 0.942519 0.748401 -0.531574
v 0.858727 0.550516 -0.544087
v 0.740022 0.370963 -0.541574
v 0.590967 0.216642 -0.524134
v 0.417290 0.093484 -0.492434
v 0.225664 0.006223 -0.447695
v 0.023455 -0.041790 -0.391635
v -0.181567 -0.048708 -0.326409
v -0.381523 -0.014266 -0.254522
v -0.568730 0.060212 -0.178739
v -0.735992 0.171866 -0.101970
v -0.876882 0.316402 -0.027167
v -0.985986 0.488268 0.042797
v -1.059110 0.680859 0.105232
v -1.093446 0.886773 0.157739
v -1.087672 1.098097 0.198301
v -1.042012 1.306710 0.225358
v -0.958219 1.504596 0.237871
v -0.839514 1.684149 0.235358
v -0.690459 1.838470 0.217918
v -0.516782 1.961627 0.186219
v -0.325157 2.048889 0.141479
v -0.122948 2.096902 0.085419
v 0.082075 2.103820 0.020193
v 0.282031 2.069378 -0.051694
v 0.469237 1.994899 -0.127477
v 0.636500 1.883246 -0.204246
v 0.777390 1.738709 -0.279049
v 0.616849 0.615567 1.898460
vn 0.9322 0.2794 0.2301
vn 0.9762 0.1161 0.1830
vn 0.9879 -0.0548 0.1449
vn 0.9669 -0.2268 0.1172
vn 0.9138 -0.3933 0.1010
vn 0.8309 -0.5480 0.0969
vn 0.7212 -0.6847 0.1050
vn 0.5890 -0.7984 0.1252
vn 0.4394 -0.8846 0.1565
vn 0.2780 -0.9400 0.1978
vn 0.1112 -0.9625 0.2475
vn -0.0547 -0.9512 0.3036
vn -0.2133 -0.9066 0.3641
vn -0.3585 -0.8304 0.4266
vn -0.4847 -0.7254 0.4887
vn -0.5871 -0.5958 0.5480
vn -0.6618 -0.4465 0.6022
vn -0.7058 -0.2833 0.6493
vn -0.7175 -0.1123 0.6874
vn -0.6964 0.0597 0.7151
vn -0.6434 0.2262 0.7314
vn -0.5604 0.3808 0.7355
vn -0.4508 0.5176 0.7273
vn -0.3186 0.6312 0.7071
vn -0.1689 0.7174 0.6758
vn -0.0076 0.7728 0.6345
vn 0.1592 0.7953 0.5849
vn 0.3251 0.7841 0.5287
vn 0.4837 0.7395 0.4682
vn 0.6289 0.6632 0.4057
vn -0.3035 0.1876 -0.9342
vn 0.7552 0.5583 0.3436
vn 0.8576 0.4287 0.2843
vt 0.250000 0.490000
vt 0.250000 0.250000
vt 0.296822 0.485388
vt 0.341844 0.471731
vt 0.383337 0.449553
vt 0.419706 0.419706
vt 0.449553 0.383337
vt 0.471731 0.341844
vt 0.485388 0.296822
vt 0.490000 0.250000
vt 0.485388 0.203178
vt 0.471731 0.158156
vt 0.449553 0.116663
vt 0.419706 0.080294
vt 0.383337 0.050447
vt 0.341844 0.028269
vt 0.296822 0.014612
vt 0.250000 0.010000
vt 0.203178 0.014612
vt 0.158156 0.028269
vt 0.116663 0.050447
vt 0.080294 0.080294
vt 0.050447 0.116663
vt 0.028269 0.158156
vt 0.014612 0.203178
vt 0.010000 0.250000
vt 0.014612 0.296822
vt 0.028269 0.341844
vt 0.050447 0.383337
vt 0.080294 0.419706
vt 0.116663 0.449553
vt 0.158156 0.471731
vt 0.750000 0.490000
vt 0.796822 0.485388
vt 0.841844 0.471731
vt 0.883337 0.449553
vt 0.919706 0.419706
vt 0.949553 0.383337
vt 0.971731 0.341844
vt 0.985388 0.296822
vt 0.990000 0.250000
vt 0.985388 0.203178
vt 0.971731 0.158156
vt 0.949553 0.116663
vt 0.919706 0.080294
vt 0.883337 0.050447
vt 0.841844 0.028269
vt 0.796822 0.014612
vt 0.750000 0.010000
vt 0.703178 0.014612
vt 0.658156 0.028269
vt 0.616663 0.050447
vt 0.580294 0.080294
vt 0.550447 0.116663
vt 0.528269 0.158156
vt 0.514612 0.203178
vt 0.510000 0.250000
vt 0.514612 0.296822
vt 0.528269 0.341844
vt 0.550447 0.383337
vt 0.580294 0.419706
vt 0.616663 0.449553
vt 0.658156 0.471731
vt 0.703178 0.485388
vt 0.203178 0.485388
s 0
f 2056/4029/2056 2088/4030/2056 2057/4031/2056
f 2057/4031/2057 2088/4030/2057 2058/4032/2057
f 2058/4032/2058 2088/4030/2058 2059/4033/2058
f 2059/4033/2059 2088/4030/2059 2060/4034/2059
f 2060/4034/2060 2088/4030/2060 2061/4035/2060
f 2061/4035/2061 2088/4030/2061 2062/4036/2061
f 2062/4036/2062 2088/4030/2062 2063/4037/2062
f 2063/4037/2063 2088/4030/2063 2064/4038/2063
f 2064/4038/2064 2088/4030/2064 2065/4039/2064
f 2065/4039/2065 2088/4030/2065 2066/4040/2065
f 2066/4040/2066 2088/4030/2066 2067/4041/2066
f 2067/4041/2067 2088/4030/2067 2068/4042/2067
f 2068/4042/2068 2088/4030/2068 2069/4043/2068
f 2069/4043/2069 2088/4030/2069 2070/4044/2069
f 2070/4044/2070 2088/4030/2070 2071/4045/2070
f 2071/4045/2071 2088/4030/2071 2072/4046/2071
f 2072/4046/2072 2088/4030/2072 2073/4047/2072
f 2073/4047/2073 2088/4030/2073 2074/4048/2073
f 2074/4048/2074 2088/4030/2074 2075/4049/2074
f 2075/4049/2075 2088/4030/2075 2076/4050/2075
f 2076/4050/2076 2088/4030/2076 2077/4051/2076
f 2077/4051/2077 2088/4030/2077 2078/4052/2077
f 2078/4052/2078 2088/4030/2078 2079/4053/2078
f 2079/4053/2079 2088/4030/2079 2080/4054/2079
f 2080/4054/2080 2088/4030/2080 2081/4055/2080
f 2081/4055/2081 2088/4030/2081 2082/4056/2081
f 2082/4056/2082 2088/4030/2082 2083/4057/2082
f 2083/4057/2083 2088/4030/2083 2084/4058/2083
f 2084/4058/2084 2088/4030/2084 2085/4059/2084
f 2085/4059/2085 2088/4030/2085 2086/4060/2085
f 2056/4061/2086 2057/4062/2086 2058/4063/2086 2059/4064/2086 2060/4065/2086 2061/4066/2086 2062/4067/2086 2063/4068/2086 2064/4069/2086 2065/4070/2086 2066/4071/2086 2067/4072/2086 2068/4073/2086 2069/4074/2086 2070/4075/2086 2071/4076/2086 2072/4077/2086 2073/4078/2086 2074/4079/2086 2075/4080/2086 2076/4081/2086 2077/4082/2086 2078/4083/2086 2079/4084/2086 2080/4085/2086 2081/4086/2086 2082/4087/2086 2083/4088/2086 2084/4089/2086 2085/4090/2086 2086/4091/2086 2087/4092/2086
f 2086/4060/2087 2088/4030/2087 2087/4093/2087
f 2087/4093/2088 2088/4030/2088 2056/4029/2088
o Cone
v 0.046006 1.945481 0.288781
v 0.210590 1.955662 0.179997
v 0.366545 1.929327 0.061634
v 0.507878 1.867486 -0.061761
v 0.629157 1.772518 -0.185445
v 0.725722 1.648070 -0.304665
v 0.793862 1.498926 -0.414840
v 0.830958 1.330817 -0.511736
v 0.835584 1.150203 -0.591628
v 0.807563 0.964026 -0.651447
v 0.747972 0.779440 -0.688894
v 0.659101 0.603538 -0.702531
v 0.544364 0.443081 -0.691832
v 0.408172 0.304234 -0.657209
v 0.255758 0.192334 -0.599992
v 0.092979 0.111681 -0.522381
v -0.073909 0.065373 -0.427358
v -0.238494 0.055192 -0.318574
v -0.394449 0.081527 -0.200211
v -0.535781 0.143368 -0.076816
v -0.657061 0.238337 0.046868
v -0.753625 0.362784 0.166088
v -0.821765 0.511928 0.276263
v -0.858861 0.680037 0.373158
v -0.863487 0.860651 0.453051
v -0.835466 1.046828 0.512870
v -0.775875 1.231414 0.550317
v -0.687004 1.407316 0.563953
v -0.572267 1.567773 0.553254
v -0.436075 1.706620 0.518631
v -0.283661 1.818520 0.461415
v -0.120882 1.899173 0.383804
v 1.063459 0.339549 1.498458
vn 0.3651 0.6966 0.6176
vn 0.5082 0.6894 0.5162
vn 0.6409 0.6500 0.4083
vn 0.7581 0.5800 0.2980
vn 0.8554 0.4821 0.1896
vn 0.9289 0.3599 0.0872
vn 0.9759 0.2183 -0.0052
vn 0.9945 0.0627 -0.0841
vn 0.9840 -0.1010 -0.1465
vn 0.9449 -0.2665 -0.1899
vn 0.8787 -0.4274 -0.2127
vn 0.7878 -0.5776 -0.2140
vn 0.6758 -0.7112 -0.1938
vn 0.5470 -0.8231 -0.1528
vn 0.4063 -0.9091 -0.0926
vn 0.2591 -0.9657 -0.0155
vn 0.1112 -0.9909 0.0754
vn -0.0319 -0.9837 0.1768
vn -0.1646 -0.9444 0.2847
vn -0.2818 -0.8744 0.3950
vn -0.3791 -0.7764 0.5034
vn -0.4526 -0.6543 0.6058
vn -0.4996 -0.5127 0.6983
vn -0.5182 -0.3570 0.7772
vn -0.5077 -0.1933 0.8395
vn -0.4686 -0.0278 0.8830
vn -0.4024 0.1331 0.9058
vn -0.3115 0.2832 0.9071
vn -0.1995 0.4168 0.8868
vn -0.0707 0.5287 0.8458
vn -0.5346 0.3304 -0.7779
vn 0.0700 0.6147 0.7857
vn 0.2172 0.6714 0.7086
vt 0.250000 0.490000
vt 0.250000 0.250000
vt 0.296822 0.485388
vt 0.341844 0.471731
vt 0.383337 0.449553
vt 0.419706 0.419706
vt 0.449553 0.383337
vt 0.471731 0.341844
vt 0.485388 0.296822
vt 0.490000 0.250000
vt 0.485388 0.203178
vt 0.471731 0.158156
vt 0.449553 0.116663
vt 0.419706 0.080294
vt 0.383337 0.050447
vt 0.341844 0.028269
vt 0.296822 0.014612
vt 0.250000 0.010000
vt 0.203178 0.014612
vt 0.158156 0.028269
vt 0.116663 0.050447
vt 0.080294 0.080294
vt 0.050447 0.116663
vt 0.028269 0.158156
vt 0.014612 0.203178
vt 0.010000 0.250000
vt 0.014612 0.296822
vt 0.028269 0.341844
vt 0.050447 0.383337
vt 0.080294 0.419706
vt 0.116663 0.449553
vt 0.158156 0.471731
vt 0.750000 0.490000
vt 0.796822 0.485388
vt 0.841844 0.471731
vt 0.883337 0.449553
vt 0.919706 0.419706
vt 0.949553 0.383337
vt 0.971731 0.341844
vt 0.985388 0.296822
vt 0.990000 0.250000
vt 0.985388 0.203178
vt 0.971731 0.158156
vt 0.949553 0.116663
vt 0.919706 0.080294
vt 0.883337 0.050447
vt 0.841844 0.028269
vt 0.796822 0.014612
vt 0.750000 0.010000
vt 0.703178 0.014612
vt 0.658156 0.028269
vt 0.616663 0.050447
vt 0.580294 0.080294
vt 0.550447 0.116663
vt 0.528269 0.158156
vt 0.514612 0.203178
vt 0.510000 0.250000
vt 0.514612 0.296822
vt 0.528269 0.341844
vt 0.550447 0.383337
vt 0.580294 0.419706
vt 0.616663 0.449553
vt 0.658156 0.471731
vt 0.703178 0.485388
vt 0.203178 0.485388
s 0
f 2089/4094/2089 2121/4095/2089 2090/4096/2089
f 2090/4096/2090 2121/4095/2090 2091/4097/2090
f 2091/4097/2091 2121/4095/2091 2092/4098/2091
f 2092/4098/2092 2121/4095/2092 2093/4099/2092
f 2093/4099/2093 2121/4095/2093 2094/4100/2093
f 2094/4100/2094 2121/4095/2094 2095/4101/2094
f 2095/4101/2095 2121/4095/2095 2096/4102/2095
f 2096/4102/2096 2121/4095/2096 2097/4103/2096
f 2097/4103/2097 2121/4095/2097 2098/4104/2097
f 2098/4104/2098 2121/4095/2098 2099/4105/2098
f 2099/4105/2099 2121/4095/2099 2100/4106/2099
f 2100/4106/2100 2121/4095/2100 2101/4107/2100
f 2101/4107/2101 2121/4095/2101 2102/4108/2101
f 2102/4108/2102 2121/4095/2102 2103/4109/2102
f 2103/4109/2103 2121/4095/2103 2104/4110/2103
f 2104/4110/2104 2121/4095/2104 2105/4111/2104
f 2105/4111/2105 2121/4095/2105 2106/4112/2105
f 2106/4112/2106 2121/4095/2106 2107/4113/2106
f 2107/4113/2107 2121/4095/2107 2108/4114/2107
f 2108/4114/2108 2121/4095/2108 2109/4115/2108
f 2109/4115/2109 2121/4095/2109 2110/4116/2109
f 2110/4116/2110 2121/4095/2110 2111/4117/2110
f 2111/4117/2111 2121/4095/2111 2112/4118/2111
f 2112/4118/2112 2121/4095/2112 2113/4119/2112
f 2113/4119/2113 2121/4095/2113 2114/4120/2113
f 2114/4120/2114 2121/4095/2114 2115/4121/2114
f 2115/4121/2115 2121/4095/2115 2116/4122/2115
f 2116/4122/2116 2121/4095/2116 2117/4123/2116
f 2117/4123/2117 2121/4095/2117 2118/4124/2117
f 2118/4124/2118 2121/4095/2118 2119/4125/2118
f 2089/4126/2119 2090/4127/2119 2091/4128/2119 2092/4129/2119 2093/4130/2119 2094/4131/2119 2095/4132/2119 2096/4133/2119 2097/4134/2119 2098/4135/2119 2099/4136/2119 2100/4137/2119 2101/4138/2119 2102/4139/2119 2103/4140/2119 2104/4141/2119 2105/4142/2119 2106/4143/2119 2107/4144/2119 2108/4145/2119 2109/4146/2119 2110/4147/2119 2111/4148/2119 2112/4149/2119 2113/4150/2119 2114/4151/2119 2115/4152/2119 2116/4153/2119 2117/4154/2119 2118/4155/2119 2119/4156/2119 2120/4157/2119
f 2119/4125/2120 2121/4095/2120 2120/4158/2120
f 2120/4158/2121 2121/4095/2121 2089/4094/2121
o Cone
v -0.194148 2.019012 -0.000000
v -0.191715 1.999803 -0.196595
v -0.184511 1.942912 -0.385636
v -0.172812 1.850527 -0.559856
v -0.157068 1.726198 -0.712562
v -0.137884 1.574702 -0.837884
v -0.115997 1.401862 -0.931007
v -0.092248 1.214319 -0.988351
v -0.067550 1.019281 -1.007714
v -0.042852 0.824244 -0.988351
v -0.019103 0.636701 -0.931007
v 0.002784 0.463861 -0.837884
v 0.021968 0.312365 -0.712561
v 0.037712 0.188036 -0.559856
v 0.049411 0.095651 -0.385635
v 0.056615 0.038760 -0.196595
v 0.059047 0.019551 0.000000
v 0.056615 0.038760 0.196596
v 0.049411 0.095651 0.385636
v 0.037712 0.188036 0.559856
v 0.021968 0.312365 0.712562
v 0.002784 0.463861 0.837884
v -0.019104 0.636701 0.931007
v -0.042852 0.824244 0.988352
v -0.067550 1.019281 1.007715
v -0.092248 1.214319 0.988352
v -0.115997 1.401862 0.931007
v -0.137884 1.574702 0.837884
v -0.157068 1.726198 0.712562
v -0.172812 1.850527 0.559856
v -0.184511 1.942912 0.385636
v -0.191715 1.999803 0.196595
v 1.931911 1.272477 0.000000
vn 0.3300 0.9399 -0.0878
vn 0.3343 0.9059 -0.2599
vn 0.3428 0.8393 -0.4220
vn 0.3550 0.7425 -0.5680
vn 0.3706 0.6194 -0.6921
vn 0.3889 0.4747 -0.7896
vn 0.4093 0.3138 -0.8567
vn 0.4309 0.1430 -0.8910
vn 0.4530 -0.0311 -0.8910
vn 0.4746 -0.2019 -0.8567
vn 0.4950 -0.3627 -0.7896
vn 0.5133 -0.5075 -0.6921
vn 0.5289 -0.6306 -0.5680
vn 0.5412 -0.7274 -0.4220
vn 0.5496 -0.7940 -0.2599
vn 0.5539 -0.8280 -0.0878
vn 0.5539 -0.8280 0.0878
vn 0.5496 -0.7940 0.2599
vn 0.5412 -0.7274 0.4220
vn 0.5289 -0.6306 0.5680
vn 0.5133 -0.5075 0.6921
vn 0.4950 -0.3627 0.7896
vn 0.4746 -0.2019 0.8567
vn 0.4530 -0.0311 0.8910
vn 0.4309 0.1430 0.8910
vn 0.4093 0.3138 0.8567
vn 0.3889 0.4747 0.7896
vn 0.3706 0.6194 0.6921
vn 0.3550 0.7425 0.5680
vn 0.3428 0.8393 0.4220
vn -0.9921 -0.1256 -0.0000
vn 0.3343 0.9059 0.2599
vn 0.3300 0.9399 0.0878
vt 0.250000 0.490000
vt 0.250000 0.250000
vt 0.296822 0.485388
vt 0.341844 0.471731
vt 0.383337 0.449553
vt 0.419706 0.419706
vt 0.449553 0.383337
vt 0.471731 0.341844
vt 0.485388 0.296822
vt 0.490000 0.250000
vt 0.485388 0.203178
vt 0.471731 0.158156
vt 0.449553 0.116663
vt 0.419706 0.080294
vt 0.383337 0.050447
vt 0.341844 0.028269
vt 0.296822 0.014612
vt 0.250000 0.010000
vt 0.203178 0.014612
vt 0.158156 0.028269
vt 0.116663 0.050447
vt 0.080294 0.080294
vt 0.050447 0.116663
vt 0.028269 0.158156
vt 0.014612 0.203178
vt 0.010000 0.250000
vt 0.014612 0.296822
vt 0.028269 0.341844
vt 0.050447 0.383337
vt 0.080294 0.419706
vt 0.116663 0.449553
vt 0.158156 0.471731
vt 0.750000 0.490000
vt 0.796822 0.485388
vt 0.841844 0.471731
vt 0.883337 0.449553
vt 0.919706 0.419706
vt 0.949553 0.383337
vt 0.971731 0.341844
vt 0.985388 0.296822
vt 0.990000 0.250000
vt 0.985388 0.203178
vt 0.971731 0.158156
vt 0.949553 0.116663
vt 0.919706 0.080294
vt 0.883337 0.050447
vt 0.841844 0.028269
vt 0.796822 0.014612
vt 0.750000 0.010000
vt 0.703178 0.014612
vt 0.658156 0.028269
vt 0.616663 0.050447
vt 0.580294 0.080294
vt 0.550447 0.116663
vt 0.528269 0.158156
vt 0.514612 0.203178
vt 0.510000 0.250000
vt 0.514612 0.296822
vt 0.528269 0.341844
vt 0.550447 0.383337
vt 0.580294 0.419706
vt 0.616663 0.449553
vt 0.658156 0.471731
vt 0.703178 0.485388
vt 0.203178 0.485388
s 0
f 2122/4159/2122 2154/4160/2122 2123/4161/2122
f 2123/4161/2123 2154/4160/2123 2124/4162/2123
f 2124/4162/2124 2154/4160/2124 2125/4163/2124
f 2125/4163/2125 2154/4160/2125 2126/4164/2125
f 2126/4164/2126 2154/4160/2126 2127/4165/2126
f 2127/4165/2127 2154/4160/2127 2128/4166/2127
f 2128/4166/2128 2154/4160/2128 2129/4167/2128
f 2129/4167/2129 2154/4160/2129 2130/4168/2129
f 2130/4168/2130 2154/4160/2130 2131/4169/2130
f 2131/4169/2131 2154/4160/2131 2132/4170/2131
f 2132/4170/2132 2154/4160/2132 2133/4171/2132
f 2133/4171/2133 2154/4160/2133 2134/4172/2133
f 2134/4172/2134 2154/4160/2134 2135/4173/2134
f 2135/4173/2135 2154/4160/2135 2136/4174/2135
f 2136/4174/2136 2154/4160/2136 2137/4175/2136
f 2137/4175/2137 2154/4160/2137 2138/4176/2137
f 2138/4176/2138 2154/4160/2138 2139/4177/2138
f 2139/4177/2139 2154/4160/2139 2140/4178/2139
f 2140/4178/2140 2154/4160/2140 2141/4179/2140
f 2141/4179/2141 2154/4160/2141 2142/4180/2141
f 2142/4180/2142 2154/4160/2142 2143/4181/2142
f 2143/4181/2143 2154/4160/2143 2144/4182/2143
f 2144/4182/2144 2154/4160/2144 2145/4183/2144
f 2145/4183/2145 2154/4160/2145 2146/4184/2145
f 2146/4184/2146 2154/4160/2146 2147/4185/2146
f 2147/4185/2147 2154/4160/2147 2148/4186/2147
f 2148/4186/2148 2154/4160/2148 2149/4187/2148
f 2149/4187/2149 2154/4160/2149 2150/4188/2149
f 2150/4188/2150 2154/4160/2150 2151/4189/2150
f 2151/4189/2151 2154/4160/2151 2152/4190/2151
f 2122/4191/2152 2123/4192/2152 2124/4193/2152 2125/4194/2152 2126/4195/2152 2127/4196/2152 2128/4197/2152 2129/4198/2152 2130/4199/2152 2131/4200/2152 2132/4201/2152 2133/4202/2152 2134/4203/2152 2135/4204/2152 2136/4205/2152 2137/4206/2152 2138/4207/2152 2139/4208/2152 2140/4209/2152 2141/4210/2152 2142/4211/2152 2143/4212/2152 2144/4213/2152 2145/4214/2152 2146/4215/2152 2147/4216/2152 2148/4217/2152 2149/4218/2152 2150/4219/2152 2151/4220/2152 2152/4221/2152 2153/4222/2152
f 2152/4190/2153 2154/4160/2153 2153/4223/2153
f 2153/4223/2154 2154/4160/2154 2122/4159/2154
o Cone
v -0.057980 1.566828 -0.950952
v -0.094763 1.374238 -1.039788
v -0.134090 1.168325 -1.088666
v -0.174450 0.957003 -1.095707
v -0.214293 0.748392 -1.060640
v -0.252086 0.550509 -0.984814
v -0.286379 0.370959 -0.871141
v -0.315852 0.216641 -0.723992
v -0.339373 0.093487 -0.549019
v -0.356038 0.006228 -0.352948
v -0.365208 -0.041782 -0.143314
v -0.366528 -0.048698 0.071828
v -0.359950 -0.014253 0.284210
v -0.345725 0.060227 0.485669
v -0.324400 0.171881 0.668465
v -0.296795 0.316418 0.825572
v -0.263971 0.488284 0.950953
v -0.227188 0.680874 1.039789
v -0.187861 0.886786 1.088666
v -0.147501 1.098109 1.095707
v -0.107658 1.306720 1.060640
v -0.069865 1.504603 0.984814
v -0.035573 1.684153 0.871142
v -0.006100 1.838470 0.723992
v 0.017422 1.961625 0.549019
v 0.034087 2.048884 0.352949
v 0.043256 2.096894 0.143314
v 0.044577 2.103809 -0.071828
v 0.037999 2.069365 -0.284210
v 0.023774 1.994885 -0.485669
v 0.002449 1.883231 -0.668465
v -0.025156 1.738694 -0.825572
v 1.996151 0.615568 0.000000
vn 0.5069 0.2794 -0.8155
vn 0.4757 0.1161 -0.8719
vn 0.4431 -0.0548 -0.8948
vn 0.4102 -0.2268 -0.8833
vn 0.3784 -0.3933 -0.8379
vn 0.3489 -0.5480 -0.7603
vn 0.3228 -0.6847 -0.6534
vn 0.3011 -0.7984 -0.5215
vn 0.2846 -0.8846 -0.3695
vn 0.2740 -0.9400 -0.2033
vn 0.2697 -0.9625 -0.0293
vn 0.2719 -0.9512 0.1458
vn 0.2804 -0.9066 0.3154
vn 0.2950 -0.8304 0.4728
vn 0.3150 -0.7254 0.6120
vn 0.3398 -0.5958 0.7277
vn 0.3683 -0.4465 0.8155
vn 0.3994 -0.2833 0.8719
vn 0.4321 -0.1123 0.8948
vn 0.4649 0.0597 0.8833
vn 0.4967 0.2262 0.8379
vn 0.5263 0.3808 0.7603
vn 0.5524 0.5176 0.6534
vn 0.5741 0.6312 0.5215
vn 0.5906 0.7174 0.3695
vn 0.6011 0.7728 0.2033
vn 0.6054 0.7953 0.0293
vn 0.6033 0.7841 -0.1458
vn 0.5948 0.7395 -0.3154
vn 0.5802 0.6632 -0.4728
vn -0.9822 0.1876 -0.0000
vn 0.5602 0.5583 -0.6120
vn 0.5354 0.4286 -0.7277
vt 0.250000 0.490000
vt 0.250000 0.250000
vt 0.296822 0.485388
vt 0.341844 0.471731
vt 0.383337 0.449553
vt 0.419706 0.419706
vt 0.449553 0.383337
vt 0.471731 0.341844
vt 0.485388 0.296822
vt 0.490000 0.250000
vt 0.485388 0.203178
vt 0.471731 0.158156
vt 0.449553 0.116663
vt 0.419706 0.080294
vt 0.383337 0.050447
vt 0.341844 0.028269
vt 0.296822 0.014612
vt 0.250000 0.010000
vt 0.203178 0.014612
vt 0.158156 0.028269
vt 0.116663 0.050447
vt 0.080294 0.080294
vt 0.050447 0.116663
vt 0.028269 0.158156
vt 0.014612 0.203178
vt 0.010000 0.250000
vt 0.014612 0.296822
vt 0.028269 0.341844
vt 0.050447 0.383337
vt 0.080294 0.419706
vt 0.116663 0.449553
vt 0.158156 0.471731
vt 0.750000 0.490000
vt 0.796822 0.485388
vt 0.841844 0.471731
vt 0.883337 0.449553
vt 0.919706 0.419706
vt 0.949553 0.383337
vt 0.971731 0.341844
vt 0.985388 0.296822
vt 0.990000 0.250000
vt 0.985388 0.203178
vt 0.971731 0.158156
vt 0.949553 0.116663
vt 0.919706 0.080294
vt 0.883337 0.050447
vt 0.841844 0.028269
vt 0.796822 0.014612
vt 0.750000 0.010000
vt 0.703178 0.014612
vt 0.658156 0.028269
vt 0.616663 0.050447
vt 0.580294 0.080294
vt 0.550447 0.116663
vt 0.528269 0.158156
vt 0.514612 0.203178
vt 0.510000 0.250000
vt 0.514612 0.296822
vt 0.528269 0.341844
vt 0.550447 0.383337
vt 0.580294 0.419706
vt 0.616663 0.449553
vt 0.658156 0.471731
vt 0.703178 0.485388
vt 0.203178 0.485388
s 0
f 2155/4224/2155 2187/4225/2155 2156/4226/2155
f 2156/4226/2156 2187/4225/2156 2157/4227/2156
f 2157/4227/2157 2187/4225/2157 2158/4228/2157
f 2158/4228/2158 2187/4225/2158 2159/4229/2158
f 2159/4229/2159 2187/4225/2159 2160/4230/2159
f 2160/4230/2160 2187/4225/2160 2161/4231/2160
f 2161/4231/2161 2187/4225/2161 2162/4232/2161
f 2162/4232/2162 2187/4225/2162 2163/4233/2162
f 2163/4233/2163 2187/4225/2163 2164/4234/2163
f 2164/4234/2164 2187/4225/2164 2165/4235/2164
f 2165/4235/2165 2187/4225/2165 2166/4236/2165
f 2166/4236/2166 2187/4225/2166 2167/4237/2166
f 2167/4237/2167 2187/4225/2167 2168/4238/2167
f 2168/4238/2168 2187/4225/2168 2169/4239/2168
f 2169/4239/2169 2187/4225/2169 2170/4240/2169
f 2170/4240/2170 2187/4225/2170 2171/4241/2170
f 2171/4241/2171 2187/4225/2171 2172/4242/2171
f 2172/4242/2172 2187/4225/2172 2173/4243/2172
f 2173/4243/2173 2187/4225/2173 2174/4244/2173
f 2174/4244/2174 2187/4225/2174 2175/4245/2174
f 2175/4245/2175 2187/4225/2175 2176/4246/2175
f 2176/4246/2176 2187/4225/2176 2177/4247/2176
f 2177/4247/2177 2187/4225/2177 2178/4248/2177
f 2178/4248/2178 2187/4225/2178 2179/4249/2178
f 2179/4249/2179 2187/4225/2179 2180/4250/2179
f 2180/4250/2180 2187/4225/2180 2181/4251/2180
f 2181/4251/2181 2187/4225/2181 2182/4252/2181
f 2182/4252/2182 2187/4225/2182 2183/4253/2182
f 2183/4253/2183 2187/4225/2183 2184/4254/2183
f 2184/4254/2184 2187/4225/2184 2185/4255/2184
f 2155/4256/2185 2156/4257/2185 2157/4258/2185 2158/4259/2185 2159/4260/2185 2160/4261/2185 2161/4262/2185 2162/4263/2185 2163/4264/2185 2164/4265/2185 2165/4266/2185 2166/4267/2185 2167/4268/2185 2168/4269/2185 2169/4270/2185 2170/4271/2185 2171/4272/2185 2172/4273/2185 2173/4274/2185 2174/4275/2185 2175/4276/2185 2176/4277/2185 2177/4278/2185 2178/4279/2185 2179/4280/2185 2180/4281/2185 2181/4282/2185 2182/4283/2185 2183/4284/2185 2184/4285/2185 2185/4286/2185 2186/4287/2185
f 2185/4255/2186 2187/4225/2186 2186/4288/2186
f 2186/4288/2187 2187/4225/2187 2155/4224/2187
o Cone
v 0.288863 1.945473 0.045482
v 0.236264 1.955654 -0.144662
v 0.171889 1.929318 -0.329560
v 0.098210 1.867478 -0.502106
v 0.018058 1.772509 -0.655670
v -0.065485 1.648062 -0.784349
v -0.149209 1.498918 -0.883199
v -0.229898 1.330809 -0.948422
v -0.304449 1.150197 -0.977510
v -0.369999 0.964020 -0.969346
v -0.424027 0.779435 -0.924244
v -0.464459 0.603534 -0.843937
v -0.489739 0.443078 -0.731510
v -0.498897 0.304233 -0.591285
v -0.491580 0.192333 -0.428651
v -0.468070 0.111681 -0.249856
v -0.429271 0.065374 -0.061773
v -0.376672 0.055193 0.128371
v -0.312297 0.081529 0.313269
v -0.238617 0.143369 0.485815
v -0.158466 0.238338 0.639379
v -0.074923 0.362785 0.768058
v 0.008802 0.511929 0.866908
v 0.089490 0.680037 0.932131
v 0.164041 0.860650 0.961219
v 0.229591 1.046827 0.953055
v 0.283619 1.231412 0.907953
v 0.324051 1.407313 0.827645
v 0.349331 1.567769 0.715219
v 0.358489 1.706614 0.574994
v 0.351172 1.818514 0.412360
v 0.327662 1.899166 0.233565
v 1.753746 0.339554 -0.548346
vn 0.7002 0.6966 -0.1564
vn 0.6480 0.6894 -0.3238
vn 0.5864 0.6500 -0.4834
vn 0.5177 0.5800 -0.6289
vn 0.4447 0.4821 -0.7549
vn 0.3700 0.3599 -0.8565
vn 0.2966 0.2183 -0.9297
vn 0.2273 0.0627 -0.9718
vn 0.1648 -0.1010 -0.9811
vn 0.1114 -0.2665 -0.9574
vn 0.0692 -0.4274 -0.9014
vn 0.0399 -0.5776 -0.8154
vn 0.0245 -0.7112 -0.7026
vn 0.0237 -0.8231 -0.5674
vn 0.0375 -0.9091 -0.4150
vn 0.0653 -0.9657 -0.2512
vn 0.1061 -0.9909 -0.0824
vn 0.1583 -0.9837 0.0850
vn 0.2199 -0.9444 0.2445
vn 0.2886 -0.8744 0.3901
vn 0.3617 -0.7764 0.5161
vn 0.4363 -0.6543 0.6177
vn 0.5097 -0.5127 0.6909
vn 0.5790 -0.3570 0.7330
vn 0.6415 -0.1933 0.7423
vn 0.6949 -0.0278 0.7186
vn 0.7371 0.1331 0.6626
vn 0.7664 0.2832 0.5765
vn 0.7818 0.4168 0.4638
vn 0.7826 0.5287 0.3286
vn -0.9050 0.3304 0.2680
vn 0.7688 0.6147 0.1762
vn 0.7410 0.6714 0.0124
vt 0.250000 0.490000
vt 0.250000 0.250000
vt 0.296822 0.485388
vt 0.341844 0.471731
vt 0.383337 0.449553
vt 0.419706 0.419706
vt 0.449553 0.383337
vt 0.471731 0.341844
vt 0.485388 0.296822
vt 0.490000 0.250000
vt 0.485388 0.203178
vt 0.471731 0.158156
vt 0.449553 0.116663
vt 0.419706 0.080294
vt 0.383337 0.050447
vt 0.341844 0.028269
vt 0.296822 0.014612
vt 0.250000 0.010000
vt 0.203178 0.014612
vt 0.158156 0.028269
vt 0.116663 0.050447
vt 0.080294 0.080294
vt 0.050447 0.116663
vt 0.028269 0.158156
vt 0.014612 0.203178
vt 0.010000 0.250000
vt 0.014612 0.296822
vt 0.028269 0.341844
vt 0.050447 0.383337
vt 0.080294 0.419706
vt 0.116663 0.449553
vt 0.158156 0.471731
vt 0.750000 0.490000
vt 0.796822 0.485388
vt 0.841844 0.471731
vt 0.883337 0.449553
vt 0.919706 0.419706
vt 0.949553 0.383337
vt 0.971731 0.341844
vt 0.985388 0.296822
vt 0.990000 0.250000
vt 0.985388 0.203178
vt 0.971731 0.158156
vt 0.949553 0.116663
vt 0.919706 0.080294
vt 0.883337 0.050447
vt 0.841844 0.028269
vt 0.796822 0.014612
vt 0.750000 0.010000
vt 0.703178 0.014612
vt 0.658156 0.028269
vt 0.616663 0.050447
vt 0.580294 0.080294
vt 0.550447 0.116663
vt 0.528269 0.158156
vt 0.514612 0.203178
vt 0.510000 0.250000
vt 0.514612 0.296822
vt 0.528269 0.341844
vt 0.550447 0.383337
vt 0.580294 0.419706
vt 0.616663 0.449553
vt 0.658156 0.471731
vt 0.703178 0.485388
vt 0.203178 0.485388
s 0
f 2188/4289/2188 2220/4290/2188 2189/4291/2188
f 2189/4291/2189 2220/4290/2189 2190/4292/2189
f 2190/4292/2190 2220/4290/2190 2191/4293/2190
f 2191/4293/2191 2220/4290/2191 2192/4294/2191
f 2192/4294/2192 2220/4290/2192 2193/4295/2192
f 2193/4295/2193 2220/4290/2193 2194/4296/2193
f 2194/4296/2194 2220/4290/2194 2195/4297/2194
f 2195/4297/2195 2220/4290/2195 2196/4298/2195
f 2196/4298/2196 2220/4290/2196 2197/4299/2196
f 2197/4299/2197 2220/4290/2197 2198/4300/2197
f 2198/4300/2198 2220/4290/2198 2199/4301/2198
f 2199/4301/2199 2220/4290/2199 2200/4302/2199
f 2200/4302/2200 2220/4290/2200 2201/4303/2200
f 2201/4303/2201 2220/4290/2201 2202/4304/2201
f 2202/4304/2202 2220/4290/2202 2203/4305/2202
f 2203/4305/2203 2220/4290/2203 2204/4306/2203
f 2204/4306/2204 2220/4290/2204 2205/4307/2204
f 2205/4307/2205 2220/4290/2205 2206/4308/2205
f 2206/4308/2206 2220/4290/2206 2207/4309/2206
f 2207/4309/2207 2220/4290/2207 2208/4310/2207
f 2208/4310/2208 2220/4290/2208 2209/4311/2208
f 2209/4311/2209 2220/4290/2209 2210/4312/2209
f 2210/4312/2210 2220/4290/2210 2211/4313/2210
f 2211/4313/2211 2220/4290/2211 2212/4314/2211
f 2212/4314/2212 2220/4290/2212 2213/4315/2212
f 2213/4315/2213 2220/4290/2213 2214/4316/2213
f 2214/4316/2214 2220/4290/2214 2215/4317/2214
f 2215/4317/2215 2220/4290/2215 2216/4318/2215
f 2216/4318/2216 2220/4290/2216 2217/4319/2216
f 2217/4319/2217 2220/4290/2217 2218/4320/2217
f 2188/4321/2218 2189/4322/2218 2190/4323/2218 2191/4324/2218 2192/4325/2218 2193/4326/2218 2194/4327/2218 2195/4328/2218 2196/4329/2218 2197/4330/2218 2198/4331/2218 2199/4332/2218 2200/4333/2218 2201/4334/2218 2202/4335/2218 2203/4336/2218 2204/4337/2218 2205/4338/2218 2206/4339/2218 2207/4340/2218 2208/4341/2218 2209/4342/2218 2210/4343/2218 2211/4344/2218 2212/4345/2218 2213/4346/2218 2214/4347/2218 2215/4348/2218 2216/4349/2218 2217/4350/2218 2218/4351/2218 2219/4352/2218
f 2218/4320/2219 2220/4290/2219 2219/4353/2219
f 2219/4353/2220 2220/4290/2220 2188/4289/2220
o Cone
v 0.844052 1.594435 0.114119
v 0.776073 1.687441 -0.046361
v 0.678105 1.756170 -0.203533
v 0.553910 1.797982 -0.351358
v 0.408262 1.811270 -0.484155
v 0.246758 1.795524 -0.596820
v 0.075605 1.751348 -0.685023
v -0.098620 1.680441 -0.745376
v -0.269222 1.585526 -0.775558
v -0.429645 1.470253 -0.774411
v -0.573723 1.339049 -0.741977
v -0.695920 1.196959 -0.679503
v -0.791540 1.049441 -0.589391
v -0.856909 0.902166 -0.475103
v -0.889513 0.760792 -0.341031
v -0.888100 0.630753 -0.192328
v -0.852726 0.517047 -0.034707
v -0.784747 0.424042 0.125772
v -0.686778 0.355312 0.282945
v -0.562584 0.313500 0.430770
v -0.416936 0.300212 0.563566
v -0.255432 0.315958 0.676231
v -0.084279 0.360134 0.764435
v 0.089946 0.431041 0.824787
v 0.260548 0.525956 0.854970
v 0.420971 0.641230 0.853822
v 0.565050 0.772433 0.821388
v 0.687247 0.914523 0.758915
v 0.782867 1.062041 0.668803
v 0.848235 1.209316 0.554515
v 0.880839 1.350690 0.420443
v 0.879427 1.480729 0.271739
v 0.945536 -0.277868 -1.135538
vn 0.9370 0.2276 -0.2650
vn 0.8629 0.2998 -0.4068
vn 0.7638 0.3492 -0.5429
vn 0.6433 0.3738 -0.6682
vn 0.5062 0.3727 -0.7777
vn 0.3577 0.3459 -0.8674
vn 0.2036 0.2946 -0.9337
vn 0.0496 0.2205 -0.9741
vn -0.0981 0.1267 -0.9871
vn -0.2340 0.0167 -0.9721
vn -0.3529 -0.1053 -0.9297
vn -0.4501 -0.2346 -0.8616
vn -0.5220 -0.3661 -0.7704
vn -0.5657 -0.4950 -0.6595
vn -0.5796 -0.6161 -0.5333
vn -0.5632 -0.7249 -0.3966
vn -0.5171 -0.8172 -0.2546
vn -0.4430 -0.8894 -0.1128
vn -0.3438 -0.9387 0.0234
vn -0.2234 -0.9633 0.1486
vn -0.0863 -0.9622 0.2582
vn 0.0622 -0.9355 0.3478
vn 0.2164 -0.8841 0.4142
vn 0.3703 -0.8101 0.4546
vn 0.5180 -0.7163 0.4675
vn 0.6540 -0.6063 0.4525
vn 0.7728 -0.4843 0.4102
vn 0.8700 -0.3550 0.3421
vn 0.9419 -0.2234 0.2508
vn 0.9856 -0.0946 0.1400
vn -0.4713 0.6617 0.5831
vn 0.9996 0.0266 0.0137
vn 0.9831 0.1354 -0.1230
vt 0.250000 0.490000
vt 0.250000 0.250000
vt 0.296822 0.485388
vt 0.341844 0.471731
vt 0.383337 0.449553
vt 0.419706 0.419706
vt 0.449553 0.383337
vt 0.471731 0.341844
vt 0.485388 0.296822
vt 0.490000 0.250000
vt 0.485388 0.203178
vt 0.471731 0.158156
vt 0.449553 0.116663
vt 0.419706 0.080294
vt 0.383337 0.050447
vt 0.341844 0.028269
vt 0.296822 0.014612
vt 0.250000 0.010000
vt 0.203178 0.014612
vt 0.158156 0.028269
vt 0.116663 0.050447
vt 0.080294 0.080294
vt 0.050447 0.116663
vt 0.028269 0.158156
vt 0.014612 0.203178
vt 0.010000 0.250000
vt 0.014612 0.296822
vt 0.028269 0.341844
vt 0.050447 0.383337
vt 0.080294 0.419706
vt 0.116663 0.449553
vt 0.158156 0.471731
vt 0.750000 0.490000
vt 0.796822 0.485388
vt 0.841844 0.471731
vt 0.883337 0.449553
vt 0.919706 0.419706
vt 0.949553 0.383337
vt 0.971731 0.341844
vt 0.985388 0.296822
vt 0.990000 0.250000
vt 0.985388 0.203178
vt 0.971731 0.158156
vt 0.949553 0.116663
vt 0.919706 0.080294
vt 0.883337 0.050447
vt 0.841844 0.028269
vt 0.796822 0.014612
vt 0.750000 0.010000
vt 0.703178 0.014612
vt 0.658156 0.028269
vt 0.616663 0.050447
vt 0.580294 0.080294
vt 0.550447 0.116663
vt 0.528269 0.158156
vt 0.514612 0.203178
vt 0.510000 0.250000
vt 0.514612 0.296822
vt 0.528269 0.341844
vt 0.550447 0.383337
vt 0.580294 0.419706
vt 0.616663 0.449553
vt 0.658156 0.471731
vt 0.703178 0.485388
vt 0.203178 0.485388
s 0
f 2221/4354/2221 2253/4355/2221 2222/4356/2221
f 2222/4356/2222 2253/4355/2222 2223/4357/2222
f 2223/4357/2223 2253/4355/2223 2224/4358/2223
f 2224/4358/2224 2253/4355/2224 2225/4359/2224
f 2225/4359/2225 2253/4355/2225 2226/4360/2225
f 2226/4360/2226 2253/4355/2226 2227/4361/2226
f 2227/4361/2227 2253/4355/2227 2228/4362/2227
f 2228/4362/2228 2253/4355/2228 2229/4363/2228
f 2229/4363/2229 2253/4355/2229 2230/4364/2229
f 2230/4364/2230 2253/4355/2230 2231/4365/2230
f 2231/4365/2231 2253/4355/2231 2232/4366/2231
f 2232/4366/2232 2253/4355/2232 2233/4367/2232
f 2233/4367/2233 2253/4355/2233 2234/4368/2233
f 2234/4368/2234 2253/4355/2234 2235/4369/2234
f 2235/4369/2235 2253/4355/2235 2236/4370/2235
f 2236/4370/2236 2253/4355/2236 2237/4371/2236
f 2237/4371/2237 2253/4355/2237 2238/4372/2237
f 2238/4372/2238 2253/4355/2238 2239/4373/2238
f 2239/4373/2239 2253/4355/2239 2240/4374/2239
f 2240/4374/2240 2253/4355/2240 2241/4375/2240
f 2241/4375/2241 2253/4355/2241 2242/4376/2241
f 2242/4376/2242 2253/4355/2242 2243/4377/2242
f 2243/4377/2243 2253/4355/2243 2244/4378/2243
f 2244/4378/2244 2253/4355/2244 2245/4379/2244
f 2245/4379/2245 2253/4355/2245 2246/4380/2245
f 2246/4380/2246 2253/4355/2246 2247/4381/2246
f 2247/4381/2247 2253/4355/2247 2248/4382/2247
f 2248/4382/2248 2253/4355/2248 2249/4383/2248
f 2249/4383/2249 2253/4355/2249 2250/4384/2249
f 2250/4384/2250 2253/4355/2250 2251/4385/2250
f 2221/4386/2251 2222/4387/2251 2223/4388/2251 2224/4389/2251 2225/4390/2251 2226/4391/2251 2227/4392/2251 2228/4393/2251 2229/4394/2251 2230/4395/2251 2231/4396/2251 2232/4397/2251 2233/4398/2251 2234/4399/2251 2235/4400/2251 2236/4401/2251 2237/4402/2251 2238/4403/2251 2239/4404/2251 2240/4405/2251 2241/4406/2251 2242/4407/2251 2243/4408/2251 2244/4409/2251 2245/4410/2251 2246/4411/2251 2247/4412/2251 2248/4413/2251 2249/4414/2251 2250/4415/2251 2251/4416/2251 2252/4417/2251
f 2251/4385/2252 2253/4355/2252 2252/4418/2252
f 2252/4418/2253 2253/4355/2253 2221/4354/2253
o Cone
v 0.238902 1.793617 -0.735252
v 0.029986 1.780809 -0.785505
v -0.181264 1.742877 -0.801935
v -0.386729 1.681278 -0.783911
v -0.578514 1.598380 -0.732126
v -0.749248 1.497368 -0.648570
v -0.892370 1.382125 -0.536453
v -1.002381 1.257078 -0.400085
v -1.075052 1.127035 -0.244706
v -1.107591 0.996991 -0.076286
v -1.098748 0.871945 0.098701
v -1.048861 0.756702 0.273531
v -0.959849 0.655690 0.441485
v -0.835132 0.572792 0.596110
v -0.679502 0.511194 0.731462
v -0.498941 0.473261 0.842341
v -0.300388 0.460453 0.924485
v -0.091472 0.473261 0.974738
v 0.119777 0.511194 0.991168
v 0.325242 0.572793 0.973145
v 0.517027 0.655691 0.921359
v 0.687762 0.756702 0.837803
v 0.830884 0.871946 0.725686
v 0.940895 0.996992 0.589318
v 1.013566 1.127035 0.433939
v 1.046105 1.257079 0.265520
v 1.037261 1.382125 0.090532
v 0.987375 1.497369 -0.084298
v 0.898363 1.598380 -0.252252
v 0.773646 1.681278 -0.406877
v 0.618016 1.742877 -0.542229
v 0.437455 1.780809 -0.653108
v 0.381234 -0.618118 -1.173295
vn 0.2189 0.1869 -0.9577
vn 0.0468 0.1661 -0.9850
vn -0.1239 0.1253 -0.9843
vn -0.2866 0.0661 -0.9558
vn -0.4351 -0.0092 -0.9003
vn -0.5637 -0.0978 -0.8202
vn -0.6674 -0.1962 -0.7184
vn -0.7422 -0.3007 -0.5989
vn -0.7853 -0.4073 -0.4662
vn -0.7951 -0.5118 -0.3255
vn -0.7710 -0.6102 -0.1822
vn -0.7141 -0.6988 -0.0418
vn -0.6265 -0.7741 0.0903
vn -0.5117 -0.8333 0.2091
vn -0.3740 -0.8741 0.3100
vn -0.2187 -0.8949 0.3890
vn -0.0518 -0.8949 0.4433
vn 0.1204 -0.8741 0.4706
vn 0.2911 -0.8333 0.4699
vn 0.4538 -0.7741 0.4414
vn 0.6023 -0.6988 0.3859
vn 0.7309 -0.6102 0.3058
vn 0.8346 -0.5118 0.2040
vn 0.9094 -0.4073 0.0845
vn 0.9525 -0.3007 -0.0482
vn 0.9622 -0.1962 -0.1889
vn 0.9381 -0.0978 -0.3322
vn 0.8812 -0.0092 -0.4726
vn 0.7937 0.0661 -0.6047
vn 0.6788 0.1253 -0.7235
vn -0.1876 0.7947 0.5773
vn 0.5411 0.1661 -0.8244
vn 0.3858 0.1869 -0.9035
vt 0.250000 0.490000
vt 0.250000 0.250000
vt 0.296822 0.485388
vt 0.341844 0.471731
vt 0.383337 0.449553
vt 0.419706 0.419706
vt 0.449553 0.383337
vt 0.471731 0.341844
vt 0.485388 0.296822
vt 0.490000 0.250000
vt 0.485388 0.203178
vt 0.471731 0.158156
vt 0.449553 0.116663
vt 0.419706 0.080294
vt 0.383337 0.050447
vt 0.341844 0.028269
vt 0.296822 0.014612
vt 0.250000 0.010000
vt 0.203178 0.014612
vt 0.158156 0.028269
vt 0.116663 0.050447
vt 0.080294 0.080294
vt 0.050447 0.116663
vt 0.028269 0.158156
vt 0.014612 0.203178
vt 0.010000 0.250000
vt 0.014612 0.296822
vt 0.028269 0.341844
vt 0.050447 0.383337
vt 0.080294 0.419706
vt 0.116663 0.449553
vt 0.158156 0.471731
vt 0.750000 0.490000
vt 0.796822 0.485388
vt 0.841844 0.471731
vt 0.883337 0.449553
vt 0.919706 0.419706
vt 0.949553 0.383337
vt 0.971731 0.341844
vt 0.985388 0.296822
vt 0.990000 0.250000
vt 0.985388 0.203178
vt 0.971731 0.158156
vt 0.949553 0.116663
vt 0.919706 0.080294
vt 0.883337 0.050447
vt 0.841844 0.028269
vt 0.796822 0.014612
vt 0.750000 0.010000
vt 0.703178 0.014612
vt 0.658156 0.028269
vt 0.616663 0.050447
vt 0.580294 0.080294
vt 0.550447 0.116663
vt 0.528269 0.158156
vt 0.514612 0.203178
vt 0.510000 0.250000
vt 0.514612 0.296822
vt 0.528269 0.341844
vt 0.550447 0.383337
vt 0.580294 0.419706
vt 0.616663 0.449553
vt 0.658156 0.471731
vt 0.703178 0.485388
vt 0.203178 0.485388
s 0
f 2254/4419/2254 2286/4420/2254 2255/4421/2254
f 2255/4421/2255 2286/4420/2255 2256/4422/2255
f 2256/4422/2256 2286/4420/2256 2257/4423/2256
f 2257/4423/2257 2286/4420/2257 2258/4424/2257
f 2258/4424/2258 2286/4420/2258 2259/4425/2258
f 2259/4425/2259 2286/4420/2259 2260/4426/2259
f 2260/4426/2260 2286/4420/2260 2261/4427/2260
f 2261/4427/2261 2286/4420/2261 2262/4428/2261
f 2262/4428/2262 2286/4420/2262 2263/4429/2262
f 2263/4429/2263 2286/4420/2263 2264/4430/2263
f 2264/4430/2264 2286/4420/2264 2265/4431/2264
f 2265/4431/2265 2286/4420/2265 2266/4432/2265
f 2266/4432/2266 2286/4420/2266 2267/4433/2266
f 2267/4433/2267 2286/4420/2267 2268/4434/2267
f 2268/4434/2268 2286/4420/2268 2269/4435/2268
f 2269/4435/2269 2286/4420/2269 2270/4436/2269
f 2270/4436/2270 2286/4420/2270 2271/4437/2270
f 2271/4437/2271 2286/4420/2271 2272/4438/2271
f 2272/4438/2272 2286/4420/2272 2273/4439/2272
f 2273/4439/2273 2286/4420/2273 2274/4440/2273
f 2274/4440/2274 2286/4420/2274 2275/4441/2274
f 2275/4441/2275 2286/4420/2275 2276/4442/2275
f 2276/4442/2276 2286/4420/2276 2277/4443/2276
f 2277/4443/2277 2286/4420/2277 2278/4444/2277
f 2278/4444/2278 2286/4420/2278 2279/4445/2278
f 2279/4445/2279 2286/4420/2279 2280/4446/2279
f 2280/4446/2280 2286/4420/2280 2281/4447/2280
f 2281/4447/2281 2286/4420/2281 2282/4448/2281
f 2282/4448/2282 2286/4420/2282 2283/4449/2282
f 2283/4449/2283 2286/4420/2283 2284/4450/2283
f 2254/4451/2284 2255/4452/2284 2256/4453/2284 2257/4454/2284 2258/4455/2284 2259/4456/2284 2260/4457/2284 2261/4458/2284 2262/4459/2284 2263/4460/2284 2264/4461/2284 2265/4462/2284 2266/4463/2284 2267/4464/2284 2268/4465/2284 2269/4466/2284 2270/4467/2284 2271/4468/2284 2272/4469/2284 2273/4470/2284 2274/4471/2284 2275/4472/2284 2276/4473/2284 2277/4474/2284 2278/4475/2284 2279/4476/2284 2280/4477/2284 2281/4478/2284 2282/4479/2284 2283/4480/2284 2284/4481/2284 2285/4482/2284
f 2284/4450/2285 2286/4420/2285 2285/4483/2285
f 2285/4483/2286 2286/4420/2286 2254/4419/2286
o Cone
v 0.964982 1.188127 -0.132994
v 0.905076 1.330705 -0.255908
v 0.809626 1.462716 -0.367655
v 0.682301 1.579087 -0.463940
v 0.527993 1.675346 -0.541064
v 0.352633 1.747794 -0.596063
v 0.162959 1.793647 -0.626823
v -0.033739 1.811143 -0.632162
v -0.229903 1.799608 -0.611876
v -0.417994 1.759488 -0.566742
v -0.590783 1.692323 -0.498497
v -0.741632 1.600694 -0.409762
v -0.864741 1.488124 -0.303948
v -0.955382 1.358937 -0.185121
v -1.010069 1.218098 -0.057847
v -1.026703 1.071020 0.072982
v -1.004642 0.923355 0.202339
v -0.944736 0.780777 0.325252
v -0.849287 0.648767 0.436999
v -0.721962 0.532396 0.533285
v -0.567654 0.436136 0.610409
v -0.392294 0.363688 0.665408
v -0.202620 0.317835 0.696168
v -0.005922 0.300340 0.701507
v 0.190242 0.311874 0.681220
v 0.378333 0.351994 0.636087
v 0.551123 0.419159 0.567841
v 0.701971 0.510788 0.479107
v 0.825081 0.623359 0.373293
v 0.915721 0.752546 0.254465
v 0.970409 0.893384 0.127192
v 0.987042 1.040462 -0.003637
v -0.097486 -0.277868 -1.474443
vn 0.8353 -0.1130 -0.5381
vn 0.7659 0.0096 -0.6429
vn 0.6665 0.1205 -0.7357
vn 0.5408 0.2154 -0.8131
vn 0.3936 0.2907 -0.8721
vn 0.2307 0.3435 -0.9104
vn 0.0582 0.3718 -0.9265
vn -0.1171 0.3744 -0.9198
vn -0.2887 0.3514 -0.8906
vn -0.4497 0.3035 -0.8400
vn -0.5942 0.2326 -0.7699
vn -0.7165 0.1415 -0.6831
vn -0.8119 0.0336 -0.5828
vn -0.8768 -0.0870 -0.4730
vn -0.9086 -0.2155 -0.3578
vn -0.9062 -0.3471 -0.2416
vn -0.8696 -0.4766 -0.1290
vn -0.8003 -0.5992 -0.0243
vn -0.7008 -0.7100 0.0686
vn -0.5751 -0.8050 0.1460
vn -0.4279 -0.8803 0.2050
vn -0.2650 -0.9331 0.2432
vn -0.0925 -0.9613 0.2593
vn 0.0828 -0.9640 0.2527
vn 0.2543 -0.9409 0.2235
vn 0.4154 -0.8931 0.1729
vn 0.5599 -0.8222 0.1028
vn 0.6822 -0.7310 0.0160
vn 0.7776 -0.6231 -0.0843
vn 0.8424 -0.5026 -0.1942
vn 0.0385 0.6617 0.7488
vn 0.8743 -0.3741 -0.3094
vn 0.8719 -0.2425 -0.4255
vt 0.250000 0.490000
vt 0.250000 0.250000
vt 0.296822 0.485388
vt 0.341844 0.471731
vt 0.383337 0.449553
vt 0.419706 0.419706
vt 0.449553 0.383337
vt 0.471731 0.341844
vt 0.485388 0.296822
vt 0.490000 0.250000
vt 0.485388 0.203178
vt 0.471731 0.158156
vt 0.449553 0.116663
vt 0.419706 0.080294
vt 0.383337 0.050447
vt 0.341844 0.028269
vt 0.296822 0.014612
vt 0.250000 0.010000
vt 0.203178 0.014612
vt 0.158156 0.028269
vt 0.116663 0.050447
vt 0.080294 0.080294
vt 0.050447 0.116663
vt 0.028269 0.158156
vt 0.014612 0.203178
vt 0.010000 0.250000
vt 0.014612 0.296822
vt 0.028269 0.341844
vt 0.050447 0.383337
vt 0.080294 0.419706
vt 0.116663 0.449553
vt 0.158156 0.471731
vt 0.750000 0.490000
vt 0.796822 0.485388
vt 0.841844 0.471731
vt 0.883337 0.449553
vt 0.919706 0.419706
vt 0.949553 0.383337
vt 0.971731 0.341844
vt 0.985388 0.296822
vt 0.990000 0.250000
vt 0.985388 0.203178
vt 0.971731 0.158156
vt 0.949553 0.116663
vt 0.919706 0.080294
vt 0.883337 0.050447
vt 0.841844 0.028269
vt 0.796822 0.014612
vt 0.750000 0.010000
vt 0.703178 0.014612
vt 0.658156 0.028269
vt 0.616663 0.050447
vt 0.580294 0.080294
vt 0.550447 0.116663
vt 0.528269 0.158156
vt 0.514612 0.203178
vt 0.510000 0.250000
vt 0.514612 0.296822
vt 0.528269 0.341844
vt 0.550447 0.383337
vt 0.580294 0.419706
vt 0.616663 0.449553
vt 0.658156 0.471731
vt 0.703178 0.485388
vt 0.203178 0.485388
s 0
f 2287/4484/2287 2319/4485/2287 2288/4486/2287
f 2288/4486/2288 2319/4485/2288 2289/4487/2288
f 2289/4487/2289 2319/4485/2289 2290/4488/2289
f 2290/4488/2290 2319/4485/2290 2291/4489/2290
f 2291/4489/2291 2319/4485/2291 2292/4490/2291
f 2292/4490/2292 2319/4485/2292 2293/4491/2292
f 2293/4491/2293 2319/4485/2293 2294/4492/2293
f 2294/4492/2294 2319/4485/2294 2295/4493/2294
f 2295/4493/2295 2319/4485/2295 2296/4494/2295
f 2296/4494/2296 2319/4485/2296 2297/4495/2296
f 2297/4495/2297 2319/4485/2297 2298/4496/2297
f 2298/4496/2298 2319/4485/2298 2299/4497/2298
f 2299/4497/2299 2319/4485/2299 2300/4498/2299
f 2300/4498/2300 2319/4485/2300 2301/4499/2300
f 2301/4499/2301 2319/4485/2301 2302/4500/2301
f 2302/4500/2302 2319/4485/2302 2303/4501/2302
f 2303/4501/2303 2319/4485/2303 2304/4502/2303
f 2304/4502/2304 2319/4485/2304 2305/4503/2304
f 2305/4503/2305 2319/4485/2305 2306/4504/2305
f 2306/4504/2306 2319/4485/2306 2307/4505/2306
f 2307/4505/2307 2319/4485/2307 2308/4506/2307
f 2308/4506/2308 2319/4485/2308 2309/4507/2308
f 2309/4507/2309 2319/4485/2309 2310/4508/2309
f 2310/4508/2310 2319/4485/2310 2311/4509/2310
f 2311/4509/2311 2319/4485/2311 2312/4510/2311
f 2312/4510/2312 2319/4485/2312 2313/4511/2312
f 2313/4511/2313 2319/4485/2313 2314/4512/2313
f 2314/4512/2314 2319/4485/2314 2315/4513/2314
f 2315/4513/2315 2319/4485/2315 2316/4514/2315
f 2316/4514/2316 2319/4485/2316 2317/4515/2316
f 2287/4516/2317 2288/4517/2317 2289/4518/2317 2290/4519/2317 2291/4520/2317 2292/4521/2317 2293/4522/2317 2294/4523/2317 2295/4524/2317 2296/4525/2317 2297/4526/2317 2298/4527/2317 2299/4528/2317 2300/4529/2317 2301/4530/2317 2302/4531/2317 2303/4532/2317 2304/4533/2317 2305/4534/2317 2306/4535/2317 2307/4536/2317 2308/4537/2317 2309/4538/2317 2310/4539/2317 2311/4540/2317 2312/4541/2317 2313/4542/2317 2314/4543/2317 2315/4544/2317 2316/4545/2317 2317/4546/2317 2318/4547/2317
f 2317/4515/2318 2319/4485/2318 2318/4548/2318
f 2318/4548/2319 2319/4485/2319 2287/4484/2319
o Cone
v 0.369360 1.594444 -0.767479
v 0.195727 1.687449 -0.752418
v 0.015972 1.756179 -0.707811
v -0.162997 1.797991 -0.635374
v -0.334302 1.811279 -0.537889
v -0.491360 1.795532 -0.419104
v -0.628136 1.751356 -0.283582
v -0.739372 1.680448 -0.136532
v -0.820796 1.585532 0.016395
v -0.869277 1.470258 0.169321
v -0.882952 1.339054 0.316371
v -0.861296 1.196962 0.451894
v -0.805141 1.049444 0.570680
v -0.716645 0.902168 0.668166
v -0.599209 0.760793 0.740604
v -0.457346 0.630754 0.785212
v -0.296507 0.517047 0.800274
v -0.122874 0.424041 0.785213
v 0.056881 0.355312 0.740607
v 0.235849 0.313500 0.668169
v 0.407154 0.300212 0.570684
v 0.564212 0.315958 0.451899
v 0.700988 0.360135 0.316377
v 0.812225 0.431043 0.169327
v 0.893648 0.525958 0.016401
v 0.942129 0.641233 -0.136526
v 0.955804 0.772437 -0.283576
v 0.934148 0.914528 -0.419099
v 0.877993 1.062047 -0.537885
v 0.789497 1.209323 -0.635371
v 0.672061 1.350697 -0.707809
v 0.530198 1.480737 -0.752417
v -0.787782 -0.277871 -1.250158
vn 0.0375 0.2276 -0.9730
vn -0.1202 0.2998 -0.9464
vn -0.2803 0.3492 -0.8941
vn -0.4367 0.3738 -0.8183
vn -0.5832 0.3727 -0.7218
vn -0.7144 0.3459 -0.6082
vn -0.8251 0.2946 -0.4821
vn -0.9111 0.2205 -0.3482
vn -0.9691 0.1267 -0.2117
vn -0.9968 0.0167 -0.0778
vn -0.9933 -0.1053 0.0483
vn -0.9585 -0.2346 0.1618
vn -0.8940 -0.3661 0.2584
vn -0.8020 -0.4950 0.3342
vn -0.6863 -0.6161 0.3865
vn -0.5512 -0.7249 0.4131
vn -0.4019 -0.8172 0.4131
vn -0.2442 -0.8894 0.3865
vn -0.0840 -0.9387 0.3342
vn 0.0723 -0.9633 0.2584
vn 0.2189 -0.9622 0.1618
vn 0.3500 -0.9355 0.0483
vn 0.4607 -0.8841 -0.0778
vn 0.5467 -0.8101 -0.2117
vn 0.6047 -0.7163 -0.3482
vn 0.6325 -0.6063 -0.4821
vn 0.6289 -0.4843 -0.6082
vn 0.5942 -0.3550 -0.7218
vn 0.5296 -0.2234 -0.8183
vn 0.4377 -0.0946 -0.8941
vn 0.4089 0.6617 0.6284
vn 0.3219 0.0266 -0.9464
vn 0.1868 0.1354 -0.9730
vt 0.250000 0.490000
vt 0.250000 0.250000
vt 0.296822 0.485388
vt 0.341844 0.471731
vt 0.383337 0.449553
vt 0.419706 0.419706
vt 0.449553 0.383337
vt 0.471731 0.341844
vt 0.485388 0.296822
vt 0.490000 0.250000
vt 0.485388 0.203178
vt 0.471731 0.158156
vt 0.449553 0.116663
vt 0.419706 0.080294
vt 0.383337 0.050447
vt 0.341844 0.028269
vt 0.296822 0.014612
vt 0.250000 0.010000
vt 0.203178 0.014612
vt 0.158156 0.028269
vt 0.116663 0.050447
vt 0.080294 0.080294
vt 0.050447 0.116663
vt 0.028269 0.158156
vt 0.014612 0.203178
vt 0.010000 0.250000
vt 0.014612 0.296822
vt 0.028269 0.341844
vt 0.050447 0.383337
vt 0.080294 0.419706
vt 0.116663 0.449553
vt 0.158156 0.471731
vt 0.750000 0.490000
vt 0.796822 0.485388
vt 0.841844 0.471731
vt 0.883337 0.449553
vt 0.919706 0.419706
vt 0.949553 0.383337
vt 0.971731 0.341844
vt 0.985388 0.296822
vt 0.990000 0.250000
vt 0.985388 0.203178
vt 0.971731 0.158156
vt 0.949553 0.116663
vt 0.919706 0.080294
vt 0.883337 0.050447
vt 0.841844 0.028269
vt 0.796822 0.014612
vt 0.750000 0.010000
vt 0.703178 0.014612
vt 0.658156 0.028269
vt 0.616663 0.050447
vt 0.580294 0.080294
vt 0.550447 0.116663
vt 0.528269 0.158156
vt 0.514612 0.203178
vt 0.510000 0.250000
vt 0.514612 0.296822
vt 0.528269 0.341844
vt 0.550447 0.383337
vt 0.580294 0.419706
vt 0.616663 0.449553
vt 0.658156 0.471731
vt 0.703178 0.485388
vt 0.203178 0.485388
s 0
f 2320/4549/2320 2352/4550/2320 2321/4551/2320
f 2321/4551/2321 2352/4550/2321 2322/4552/2321
f 2322/4552/2322 2352/4550/2322 2323/4553/2322
f 2323/4553/2323 2352/4550/2323 2324/4554/2323
f 2324/4554/2324 2352/4550/2324 2325/4555/2324
f 2325/4555/2325 2352/4550/2325 2326/4556/2325
f 2326/4556/2326 2352/4550/2326 2327/4557/2326
f 2327/4557/2327 2352/4550/2327 2328/4558/2327
f 2328/4558/2328 2352/4550/2328 2329/4559/2328
f 2329/4559/2329 2352/4550/2329 2330/4560/2329
f 2330/4560/2330 2352/4550/2330 2331/4561/2330
f 2331/4561/2331 2352/4550/2331 2332/4562/2331
f 2332/4562/2332 2352/4550/2332 2333/4563/2332
f 2333/4563/2333 2352/4550/2333 2334/4564/2333
f 2334/4564/2334 2352/4550/2334 2335/4565/2334
f 2335/4565/2335 2352/4550/2335 2336/4566/2335
f 2336/4566/2336 2352/4550/2336 2337/4567/2336
f 2337/4567/2337 2352/4550/2337 2338/4568/2337
f 2338/4568/2338 2352/4550/2338 2339/4569/2338
f 2339/4569/2339 2352/4550/2339 2340/4570/2339
f 2340/4570/2340 2352/4550/2340 2341/4571/2340
f 2341/4571/2341 2352/4550/2341 2342/4572/2341
f 2342/4572/2342 2352/4550/2342 2343/4573/2342
f 2343/4573/2343 2352/4550/2343 2344/4574/2343
f 2344/4574/2344 2352/4550/2344 2345/4575/2344
f 2345/4575/2345 2352/4550/2345 2346/4576/2345
f 2346/4576/2346 2352/4550/2346 2347/4577/2346
f 2347/4577/2347 2352/4550/2347 2348/4578/2347
f 2348/4578/2348 2352/4550/2348 2349/4579/2348
f 2349/4579/2349 2352/4550/2349 2350/4580/2349
f 2320/4581/2350 2321/4582/2350 2322/4583/2350 2323/4584/2350 2324/4585/2350 2325/4586/2350 2326/4587/2350 2327/4588/2350 2328/4589/2350 2329/4590/2350 2330/4591/2350 2331/4592/2350 2332/4593/2350 2333/4594/2350 2334/4595/2350 2335/4596/2350 2336/4597/2350 2337/4598/2350 2338/4599/2350 2339/4600/2350 2340/4601/2350 2341/4602/2350 2342/4603/2350 2343/4604/2350 2344/4605/2350 2345/4606/2350 2346/4607/2350 2347/4608/2350 2348/4609/2350 2349/4610/2350 2350/4611/2350 2351/4612/2350
f 2350/4580/2351 2352/4550/2351 2351/4613/2351
f 2351/4613/2352 2352/4550/2352 2320/4549/2352
o Cone
v -0.625439 1.793624 -0.454418
v -0.737792 1.780817 -0.271256
v -0.818699 1.742885 -0.075423
v -0.865051 1.681287 0.125557
v -0.875066 1.598390 0.323959
v -0.848360 1.497378 0.512158
v -0.785959 1.382135 0.682923
v -0.690261 1.257089 0.829691
v -0.564943 1.127044 0.946821
v -0.414822 0.997000 1.029814
v -0.245667 0.871953 1.075478
v -0.063978 0.756709 1.082060
v 0.123263 0.655696 1.049306
v 0.308860 0.572797 0.978475
v 0.485681 0.511197 0.872289
v 0.646931 0.473264 0.734829
v 0.786412 0.460454 0.571377
v 0.898765 0.473262 0.388215
v 0.979672 0.511193 0.192381
v 1.026023 0.572791 -0.008598
v 1.036039 0.655689 -0.207000
v 1.009333 0.756700 -0.395199
v 0.946931 0.871944 -0.565964
v 0.851233 0.996990 -0.712732
v 0.725916 1.127034 -0.829863
v 0.575795 1.257079 -0.912855
v 0.406639 1.382126 -0.958519
v 0.224950 1.497370 -0.965101
v 0.037709 1.598382 -0.932347
v -0.147888 1.681282 -0.861516
v -0.324709 1.742882 -0.755330
v -0.485958 1.780815 -0.617870
v -0.998069 -0.618120 -0.725141
vn -0.8432 0.1869 -0.5041
vn -0.9223 0.1661 -0.3489
vn -0.9745 0.1253 -0.1863
vn -0.9976 0.0661 -0.0227
vn -0.9907 -0.0092 0.1356
vn -0.9542 -0.0978 0.2827
vn -0.8894 -0.1962 0.4128
vn -0.7989 -0.3007 0.5209
vn -0.6861 -0.4073 0.6028
vn -0.5553 -0.5118 0.6555
vn -0.4116 -0.6102 0.6769
vn -0.2604 -0.6988 0.6662
vn -0.1077 -0.7741 0.6238
vn 0.0407 -0.8333 0.5513
vn 0.1792 -0.8741 0.4515
vn 0.3024 -0.8949 0.3282
vn 0.4056 -0.8949 0.1862
vn 0.4848 -0.8741 0.0310
vn 0.5369 -0.8333 -0.1316
vn 0.5600 -0.7741 -0.2952
vn 0.5531 -0.6988 -0.4536
vn 0.5166 -0.6102 -0.6006
vn 0.4519 -0.5118 -0.7307
vn 0.3613 -0.4073 -0.8388
vn 0.2485 -0.3007 -0.9208
vn 0.1177 -0.1962 -0.9735
vn -0.0260 -0.0978 -0.9949
vn -0.1771 -0.0092 -0.9841
vn -0.3299 0.0661 -0.9417
vn -0.4783 0.1253 -0.8692
vn 0.4911 0.7947 0.3568
vn -0.6168 0.1661 -0.7694
vn -0.7400 0.1869 -0.6461
vt 0.250000 0.490000
vt 0.250000 0.250000
vt 0.296822 0.485388
vt 0.341844 0.471731
vt 0.383337 0.449553
vt 0.419706 0.419706
vt 0.449553 0.383337
vt 0.471731 0.341844
vt 0.485388 0.296822
vt 0.490000 0.250000
vt 0.485388 0.203178
vt 0.471731 0.158156
vt 0.449553 0.116663
vt 0.419706 0.080294
vt 0.383337 0.050447
vt 0.341844 0.028269
vt 0.296822 0.014612
vt 0.250000 0.010000
vt 0.203178 0.014612
vt 0.158156 0.028269
vt 0.116663 0.050447
vt 0.080294 0.080294
vt 0.050447 0.116663
vt 0.028269 0.158156
vt 0.014612 0.203178
vt 0.010000 0.250000
vt 0.014612 0.296822
vt 0.028269 0.341844
vt 0.050447 0.383337
vt 0.080294 0.419706
vt 0.116663 0.449553
vt 0.158156 0.471731
vt 0.750000 0.490000
vt 0.796822 0.485388
vt 0.841844 0.471731
vt 0.883337 0.449553
vt 0.919706 0.419706
vt 0.949553 0.383337
vt 0.971731 0.341844
vt 0.985388 0.296822
vt 0.990000 0.250000
vt 0.985388 0.203178
vt 0.971731 0.158156
vt 0.949553 0.116663
vt 0.919706 0.080294
vt 0.883337 0.050447
vt 0.841844 0.028269
vt 0.796822 0.014612
vt 0.750000 0.010000
vt 0.703178 0.014612
vt 0.658156 0.028269
vt 0.616663 0.050447
vt 0.580294 0.080294
vt 0.550447 0.116663
vt 0.528269 0.158156
vt 0.514612 0.203178
vt 0.510000 0.250000
vt 0.514612 0.296822
vt 0.528269 0.341844
vt 0.550447 0.383337
vt 0.580294 0.419706
vt 0.616663 0.449553
vt 0.658156 0.471731
vt 0.703178 0.485388
vt 0.203178 0.485388
s 0
f 2353/4614/2353 2385/4615/2353 2354/4616/2353
f 2354/4616/2354 2385/4615/2354 2355/4617/2354
f 2355/4617/2355 2385/4615/2355 2356/4618/2355
f 2356/4618/2356 2385/4615/2356 2357/4619/2356
f 2357/4619/2357 2385/4615/2357 2358/4620/2357
f 2358/4620/2358 2385/4615/2358 2359/4621/2358
f 2359/4621/2359 2385/4615/2359 2360/4622/2359
f 2360/4622/2360 2385/4615/2360 2361/4623/2360
f 2361/4623/2361 2385/4615/2361 2362/4624/2361
f 2362/4624/2362 2385/4615/2362 2363/4625/2362
f 2363/4625/2363 2385/4615/2363 2364/4626/2363
f 2364/4626/2364 2385/4615/2364 2365/4627/2364
f 2365/4627/2365 2385/4615/2365 2366/4628/2365
f 2366/4628/2366 2385/4615/2366 2367/4629/2366
f 2367/4629/2367 2385/4615/2367 2368/4630/2367
f 2368/4630/2368 2385/4615/2368 2369/4631/2368
f 2369/4631/2369 2385/4615/2369 2370/4632/2369
f 2370/4632/2370 2385/4615/2370 2371/4633/2370
f 2371/4633/2371 2385/4615/2371 2372/4634/2371
f 2372/4634/2372 2385/4615/2372 2373/4635/2372
f 2373/4635/2373 2385/4615/2373 2374/4636/2373
f 2374/4636/2374 2385/4615/2374 2375/4637/2374
f 2375/4637/2375 2385/4615/2375 2376/4638/2375
f 2376/4638/2376 2385/4615/2376 2377/4639/2376
f 2377/4639/2377 2385/4615/2377 2378/4640/2377
f 2378/4640/2378 2385/4615/2378 2379/4641/2378
f 2379/4641/2379 2385/4615/2379 2380/4642/2379
f 2380/4642/2380 2385/4615/2380 2381/4643/2380
f 2381/4643/2381 2385/4615/2381 2382/4644/2381
f 2382/4644/2382 2385/4615/2382 2383/4645/2382
f 2353/4646/2383 2354/4647/2383 2355/4648/2383 2356/4649/2383 2357/4650/2383 2358/4651/2383 2359/4652/2383 2360/4653/2383 2361/4654/2383 2362/4655/2383 2363/4656/2383 2364/4657/2383 2365/4658/2383 2366/4659/2383 2367/4660/2383 2368/4661/2383 2369/4662/2383 2370/4663/2383 2371/4664/2383 2372/4665/2383 2373/4666/2383 2374/4667/2383 2375/4668/2383 2376/4669/2383 2377/4670/2383 2378/4671/2383 2379/4672/2383 2380/4673/2383 2381/4674/2383 2382/4675/2383 2383/4676/2383 2384/4677/2383
f 2383/4645/2384 2385/4615/2384 2384/4678/2384
f 2384/4678/2385 2385/4615/2385 2353/4614/2385
o Cone
v 0.171705 1.188124 -0.958850
v 0.036296 1.330702 -0.939858
v -0.099476 1.462713 -0.883611
v -0.230393 1.579085 -0.792271
v -0.351425 1.675345 -0.669348
v -0.457920 1.747793 -0.519565
v -0.545786 1.793647 -0.348680
v -0.611646 1.811143 -0.163259
v -0.652969 1.799609 0.029573
v -0.668167 1.759489 0.222405
v -0.656656 1.692324 0.407826
v -0.618878 1.600695 0.578712
v -0.556286 1.488125 0.728494
v -0.471284 1.358938 0.851417
v -0.367139 1.218099 0.942757
v -0.247854 1.071021 0.999004
v -0.118012 0.923355 1.017996
v 0.017397 0.780777 0.999004
v 0.153169 0.648766 0.942757
v 0.284086 0.532394 0.851417
v 0.405118 0.436135 0.728494
v 0.511613 0.363686 0.578712
v 0.599479 0.317833 0.407826
v 0.665338 0.300337 0.222405
v 0.706661 0.311871 0.029573
v 0.721859 0.351991 -0.163259
v 0.710348 0.419156 -0.348680
v 0.672571 0.510784 -0.519565
v 0.609978 0.623355 -0.669348
v 0.524977 0.752542 -0.792271
v 0.420832 0.893381 -0.883611
v 0.301547 1.040459 -0.939858
v -1.432410 -0.277861 -0.362904
vn -0.2537 -0.1130 -0.9607
vn -0.3747 0.0096 -0.9271
vn -0.4938 0.1205 -0.8612
vn -0.6062 0.2154 -0.7656
vn -0.7078 0.2907 -0.6438
vn -0.7945 0.3435 -0.5007
vn -0.8632 0.3718 -0.3417
vn -0.9110 0.3744 -0.1728
vn -0.9362 0.3514 -0.0007
vn -0.9379 0.3035 0.1682
vn -0.9159 0.2326 0.3272
vn -0.8711 0.1415 0.4703
vn -0.8052 0.0336 0.5921
vn -0.7208 -0.0870 0.6877
vn -0.6210 -0.2155 0.7536
vn -0.5098 -0.3470 0.7872
vn -0.3914 -0.4766 0.7872
vn -0.2704 -0.5992 0.7536
vn -0.1513 -0.7100 0.6877
vn -0.0389 -0.8050 0.5921
vn 0.0627 -0.8803 0.4703
vn 0.1494 -0.9331 0.3272
vn 0.2181 -0.9613 0.1682
vn 0.2659 -0.9640 -0.0007
vn 0.2911 -0.9409 -0.1728
vn 0.2928 -0.8931 -0.3417
vn 0.2708 -0.8222 -0.5007
vn 0.2260 -0.7310 -0.6438
vn 0.1601 -0.6231 -0.7656
vn 0.0757 -0.5026 -0.8612
vn 0.7240 0.6617 0.1947
vn -0.0241 -0.3741 -0.9271
vn -0.1353 -0.2425 -0.9607
vt 0.250000 0.490000
vt 0.250000 0.250000
vt 0.296822 0.485388
vt 0.341844 0.471731
vt 0.383337 0.449553
vt 0.419706 0.419706
vt 0.449553 0.383337
vt 0.471731 0.341844
vt 0.485388 0.296822
vt 0.490000 0.250000
vt 0.485388 0.203178
vt 0.471731 0.158156
vt 0.449553 0.116663
vt 0.419706 0.080294
vt 0.383337 0.050447
vt 0.341844 0.028269
vt 0.296822 0.014612
vt 0.250000 0.010000
vt 0.203178 0.014612
vt 0.158156 0.028269
vt 0.116663 0.050447
vt 0.080294 0.080294
vt 0.050447 0.116663
vt 0.028269 0.158156
vt 0.014612 0.203178
vt 0.010000 0.250000
vt 0.014612 0.296822
vt 0.028269 0.341844
vt 0.050447 0.383337
vt 0.080294 0.419706
vt 0.116663 0.449553
vt 0.158156 0.471731
vt 0.750000 0.490000
vt 0.796822 0.485388
vt 0.841844 0.471731
vt 0.883337 0.449553
vt 0.919706 0.419706
vt 0.949553 0.383337
vt 0.971731 0.341844
vt 0.985388 0.296822
vt 0.990000 0.250000
vt 0.985388 0.203178
vt 0.971731 0.158156
vt 0.949553 0.116663
vt 0.919706 0.080294
vt 0.883337 0.050447
vt 0.841844 0.028269
vt 0.796822 0.014612
vt 0.750000 0.010000
vt 0.703178 0.014612
vt 0.658156 0.028269
vt 0.616663 0.050447
vt 0.580294 0.080294
vt 0.550447 0.116663
vt 0.528269 0.158156
vt 0.514612 0.203178
vt 0.510000 0.250000
vt 0.514612 0.296822
vt 0.528269 0.341844
vt 0.550447 0.383337
vt 0.580294 0.419706
vt 0.616663 0.449553
vt 0.658156 0.471731
vt 0.703178 0.485388
vt 0.203178 0.485388
s 0
f 2386/4679/2386 2418/4680/2386 2387/4681/2386
f 2387/4681/2387 2418/4680/2387 2388/4682/2387
f 2388/4682/2388 2418/4680/2388 2389/4683/2388
f 2389/4683/2389 2418/4680/2389 2390/4684/2389
f 2390/4684/2390 2418/4680/2390 2391/4685/2390
f 2391/4685/2391 2418/4680/2391 2392/4686/2391
f 2392/4686/2392 2418/4680/2392 2393/4687/2392
f 2393/4687/2393 2418/4680/2393 2394/4688/2393
f 2394/4688/2394 2418/4680/2394 2395/4689/2394
f 2395/4689/2395 2418/4680/2395 2396/4690/2395
f 2396/4690/2396 2418/4680/2396 2397/4691/2396
f 2397/4691/2397 2418/4680/2397 2398/4692/2397
f 2398/4692/2398 2418/4680/2398 2399/4693/2398
f 2399/4693/2399 2418/4680/2399 2400/4694/2399
f 2400/4694/2400 2418/4680/2400 2401/4695/2400
f 2401/4695/2401 2418/4680/2401 2402/4696/2401
f 2402/4696/2402 2418/4680/2402 2403/4697/2402
f 2403/4697/2403 2418/4680/2403 2404/4698/2403
f 2404/4698/2404 2418/4680/2404 2405/4699/2404
f 2405/4699/2405 2418/4680/2405 2406/4700/2405
f 2406/4700/2406 2418/4680/2406 2407/4701/2406
f 2407/4701/2407 2418/4680/2407 2408/4702/2407
f 2408/4702/2408 2418/4680/2408 2409/4703/2408
f 2409/4703/2409 2418/4680/2409 2410/4704/2409
f 2410/4704/2410 2418/4680/2410 2411/4705/2410
f 2411/4705/2411 2418/4680/2411 2412/4706/2411
f 2412/4706/2412 2418/4680/2412 2413/4707/2412
f 2413/4707/2413 2418/4680/2413 2414/4708/2413
f 2414/4708/2414 2418/4680/2414 2415/4709/2414
f 2415/4709/2415 2418/4680/2415 2416/4710/2415
f 2386/4711/2416 2387/4712/2416 2388/4713/2416 2389/4714/2416 2390/4715/2416 2391/4716/2416 2392/4717/2416 2393/4718/2416 2394/4719/2416 2395/4720/2416 2396/4721/2416 2397/4722/2416 2398/4723/2416 2399/4724/2416 2400/4725/2416 2401/4726/2416 2402/4727/2416 2403/4728/2416 2404/4729/2416 2405/4730/2416 2406/4731/2416 2407/4732/2416 2408/4733/2416 2409/4734/2416 2410/4735/2416 2411/4736/2416 2412/4737/2416 2413/4738/2416 2414/4739/2416 2415/4740/2416 2416/4741/2416 2417/4742/2416
f 2416/4710/2417 2418/4680/2417 2417/4743/2417
f 2417/4743/2418 2418/4680/2418 2386/4679/2418
o Cone
v -0.615775 1.594438 -0.588439
v -0.655106 1.687443 -0.418651
v -0.668230 1.756171 -0.233911
v -0.654642 1.797983 -0.041319
v -0.614865 1.811271 0.151725
v -0.550427 1.795524 0.337802
v -0.463806 1.751348 0.509760
v -0.358328 1.680439 0.660993
v -0.238049 1.585524 0.785687
v -0.107589 1.470250 0.879052
v 0.028036 1.339046 0.937498
v 0.163616 1.196955 0.958781
v 0.293940 1.049437 0.942081
v 0.413999 0.902161 0.888042
v 0.519181 0.760788 0.798739
v 0.605442 0.630749 0.677604
v 0.669468 0.517042 0.529294
v 0.708799 0.424037 0.359506
v 0.721923 0.355308 0.174766
v 0.708335 0.313496 -0.017827
v 0.668558 0.300209 -0.210871
v 0.604121 0.315956 -0.396947
v 0.517499 0.360132 -0.568906
v 0.412021 0.431040 -0.720138
v 0.291742 0.525955 -0.844833
v 0.161283 0.641230 -0.938197
v 0.025657 0.772434 -0.996644
v -0.109923 0.914525 -1.017926
v -0.240247 1.062042 -1.001227
v -0.360306 1.209318 -0.947187
v -0.465488 1.350692 -0.857884
v -0.551749 1.480731 -0.736750
v -1.432410 -0.277861 0.362904
vn -0.9138 0.2276 -0.3364
vn -0.9372 0.2998 -0.1781
vn -0.9370 0.3492 -0.0097
vn -0.9132 0.3738 0.1624
vn -0.8667 0.3727 0.3317
vn -0.7992 0.3459 0.4915
vn -0.7135 0.2946 0.6357
vn -0.6127 0.2205 0.7589
vn -0.5008 0.1267 0.8562
vn -0.3820 0.0167 0.9240
vn -0.2610 -0.1053 0.9596
vn -0.1423 -0.2346 0.9616
vn -0.0305 -0.3661 0.9301
vn 0.0700 -0.4950 0.8661
vn 0.1555 -0.6161 0.7721
vn 0.2226 -0.7249 0.6519
vn 0.2687 -0.8172 0.5099
vn 0.2921 -0.8894 0.3516
vn 0.2919 -0.9387 0.1832
vn 0.2681 -0.9633 0.0111
vn 0.2216 -0.9622 -0.1582
vn 0.1541 -0.9355 -0.3180
vn 0.0684 -0.8841 -0.4622
vn -0.0324 -0.8101 -0.5854
vn -0.1443 -0.7163 -0.6827
vn -0.2631 -0.6063 -0.7505
vn -0.3841 -0.4843 -0.7861
vn -0.5028 -0.3550 -0.7881
vn -0.6146 -0.2234 -0.7566
vn -0.7151 -0.0946 -0.6926
vn 0.7240 0.6617 -0.1947
vn -0.8006 0.0266 -0.5986
vn -0.8677 0.1354 -0.4784
vt 0.250000 0.490000
vt 0.250000 0.250000
vt 0.296822 0.485388
vt 0.341844 0.471731
vt 0.383337 0.449553
vt 0.419706 0.419706
vt 0.449553 0.383337
vt 0.471731 0.341844
vt 0.485388 0.296822
vt 0.490000 0.250000
vt 0.485388 0.203178
vt 0.471731 0.158156
vt 0.449553 0.116663
vt 0.419706 0.080294
vt 0.383337 0.050447
vt 0.341844 0.028269
vt 0.296822 0.014612
vt 0.250000 0.010000
vt 0.203178 0.014612
vt 0.158156 0.028269
vt 0.116663 0.050447
vt 0.080294 0.080294
vt 0.050447 0.116663
vt 0.028269 0.158156
vt 0.014612 0.203178
vt 0.010000 0.250000
vt 0.014612 0.296822
vt 0.028269 0.341844
vt 0.050447 0.383337
vt 0.080294 0.419706
vt 0.116663 0.449553
vt 0.158156 0.471731
vt 0.750000 0.490000
vt 0.796822 0.485388
vt 0.841844 0.471731
vt 0.883337 0.449553
vt 0.919706 0.419706
vt 0.949553 0.383337
vt 0.971731 0.341844
vt 0.985388 0.296822
vt 0.990000 0.250000
vt 0.985388 0.203178
vt 0.971731 0.158156
vt 0.949553 0.116663
vt 0.919706 0.080294
vt 0.883337 0.050447
vt 0.841844 0.028269
vt 0.796822 0.014612
vt 0.750000 0.010000
vt 0.703178 0.014612
vt 0.658156 0.028269
vt 0.616663 0.050447
vt 0.580294 0.080294
vt 0.550447 0.116663
vt 0.528269 0.158156
vt 0.514612 0.203178
vt 0.510000 0.250000
vt 0.514612 0.296822
vt 0.528269 0.341844
vt 0.550447 0.383337
vt 0.580294 0.419706
vt 0.616663 0.449553
vt 0.658156 0.471731
vt 0.703178 0.485388
vt 0.203178 0.485388
s 0
f 2419/4744/2419 2451/4745/2419 2420/4746/2419
f 2420/4746/2420 2451/4745/2420 2421/4747/2420
f 2421/4747/2421 2451/4745/2421 2422/4748/2421
f 2422/4748/2422 2451/4745/2422 2423/4749/2422
f 2423/4749/2423 2451/4745/2423 2424/4750/2423
f 2424/4750/2424 2451/4745/2424 2425/4751/2424
f 2425/4751/2425 2451/4745/2425 2426/4752/2425
f 2426/4752/2426 2451/4745/2426 2427/4753/2426
f 2427/4753/2427 2451/4745/2427 2428/4754/2427
f 2428/4754/2428 2451/4745/2428 2429/4755/2428
f 2429/4755/2429 2451/4745/2429 2430/4756/2429
f 2430/4756/2430 2451/4745/2430 2431/4757/2430
f 2431/4757/2431 2451/4745/2431 2432/4758/2431
f 2432/4758/2432 2451/4745/2432 2433/4759/2432
f 2433/4759/2433 2451/4745/2433 2434/4760/2433
f 2434/4760/2434 2451/4745/2434 2435/4761/2434
f 2435/4761/2435 2451/4745/2435 2436/4762/2435
f 2436/4762/2436 2451/4745/2436 2437/4763/2436
f 2437/4763/2437 2451/4745/2437 2438/4764/2437
f 2438/4764/2438 2451/4745/2438 2439/4765/2438
f 2439/4765/2439 2451/4745/2439 2440/4766/2439
f 2440/4766/2440 2451/4745/2440 2441/4767/2440
f 2441/4767/2441 2451/4745/2441 2442/4768/2441
f 2442/4768/2442 2451/4745/2442 2443/4769/2442
f 2443/4769/2443 2451/4745/2443 2444/4770/2443
f 2444/4770/2444 2451/4745/2444 2445/4771/2444
f 2445/4771/2445 2451/4745/2445 2446/4772/2445
f 2446/4772/2446 2451/4745/2446 2447/4773/2446
f 2447/4773/2447 2451/4745/2447 2448/4774/2447
f 2448/4774/2448 2451/4745/2448 2449/4775/2448
f 2419/4776/2449 2420/4777/2449 2421/4778/2449 2422/4779/2449 2423/4780/2449 2424/4781/2449 2425/4782/2449 2426/4783/2449 2427/4784/2449 2428/4785/2449 2429/4786/2449 2430/4787/2449 2431/4788/2449 2432/4789/2449 2433/4790/2449 2434/4791/2449 2435/4792/2449 2436/4793/2449 2437/4794/2449 2438/4795/2449 2439/4796/2449 2440/4797/2449 2441/4798/2449 2442/4799/2449 2443/4800/2449 2444/4801/2449 2445/4802/2449 2446/4803/2449 2447/4804/2449 2448/4805/2449 2449/4806/2449 2450/4807/2449
f 2449/4775/2450 2451/4745/2450 2450/4808/2450
f 2450/4808/2451 2451/4745/2451 2419/4744/2451
o Cone
v -0.625440 1.793625 0.454419
v -0.485959 1.780816 0.617871
v -0.324709 1.742882 0.755331
v -0.147889 1.681282 0.861517
v 0.037708 1.598383 0.932347
v 0.224949 1.497371 0.965101
v 0.406639 1.382126 0.958520
v 0.575794 1.257079 0.912855
v 0.725915 1.127035 0.829863
v 0.851233 0.996991 0.712732
v 0.946931 0.871944 0.565964
v 1.009332 0.756701 0.395199
v 1.036039 0.655690 0.207000
v 1.026024 0.572792 0.008598
v 0.979672 0.511194 -0.192381
v 0.898765 0.473262 -0.388215
v 0.786412 0.460455 -0.571377
v 0.646931 0.473264 -0.734829
v 0.485682 0.511198 -0.872289
v 0.308861 0.572798 -0.978475
v 0.123264 0.655697 -1.049306
v -0.063977 0.756709 -1.082060
v -0.245667 0.871954 -1.075478
v -0.414822 0.997001 -1.029814
v -0.564943 1.127045 -0.946821
v -0.690261 1.257089 -0.829691
v -0.785959 1.382136 -0.682923
v -0.848360 1.497379 -0.512158
v -0.875067 1.598390 -0.323958
v -0.865051 1.681288 -0.125556
v -0.818700 1.742886 0.075423
v -0.737793 1.780818 0.271257
v -0.998069 -0.618120 0.725141
vn -0.7400 0.1869 0.6461
vn -0.6168 0.1661 0.7694
vn -0.4783 0.1253 0.8692
vn -0.3299 0.0661 0.9417
vn -0.1771 -0.0092 0.9841
vn -0.0260 -0.0978 0.9949
vn 0.1177 -0.1962 0.9735
vn 0.2485 -0.3007 0.9208
vn 0.3613 -0.4073 0.8388
vn 0.4519 -0.5118 0.7307
vn 0.5166 -0.6102 0.6006
vn 0.5531 -0.6988 0.4536
vn 0.5600 -0.7741 0.2952
vn 0.5369 -0.8333 0.1316
vn 0.4848 -0.8741 -0.0310
vn 0.4056 -0.8949 -0.1862
vn 0.3024 -0.8949 -0.3282
vn 0.1792 -0.8741 -0.4515
vn 0.0407 -0.8333 -0.5513
vn -0.1077 -0.7741 -0.6238
vn -0.2604 -0.6988 -0.6662
vn -0.4116 -0.6102 -0.6769
vn -0.5553 -0.5118 -0.6555
vn -0.6861 -0.4073 -0.6028
vn -0.7989 -0.3007 -0.5209
vn -0.8894 -0.1962 -0.4128
vn -0.9542 -0.0978 -0.2827
vn -0.9907 -0.0092 -0.1356
vn -0.9976 0.0661 0.0227
vn -0.9745 0.1253 0.1863
vn 0.4911 0.7947 -0.3568
vn -0.9223 0.1661 0.3489
vn -0.8432 0.1869 0.5041
vt 0.250000 0.490000
vt 0.250000 0.250000
vt 0.296822 0.485388
vt 0.341844 0.471731
vt 0.383337 0.449553
vt 0.419706 0.419706
vt 0.449553 0.383337
vt 0.471731 0.341844
vt 0.485388 0.296822
vt 0.490000 0.250000
vt 0.485388 0.203178
vt 0.471731 0.158156
vt 0.449553 0.116663
vt 0.419706 0.080294
vt 0.383337 0.050447
vt 0.341844 0.028269
vt 0.296822 0.014612
vt 0.250000 0.010000
vt 0.203178 0.014612
vt 0.158156 0.028269
vt 0.116663 0.050447
vt 0.080294 0.080294
vt 0.050447 0.116663
vt 0.028269 0.158156
vt 0.014612 0.203178
vt 0.010000 0.250000
vt 0.014612 0.296822
vt 0.028269 0.341844
vt 0.050447 0.383337
vt 0.080294 0.419706
vt 0.116663 0.449553
vt 0.158156 0.471731
vt 0.750000 0.490000
vt 0.796822 0.485388
vt 0.841844 0.471731
vt 0.883337 0.449553
vt 0.919706 0.419706
vt 0.949553 0.383337
vt 0.971731 0.341844
vt 0.985388 0.296822
vt 0.990000 0.250000
vt 0.985388 0.203178
vt 0.971731 0.158156
vt 0.949553 0.116663
vt 0.919706 0.080294
vt 0.883337 0.050447
vt 0.841844 0.028269
vt 0.796822 0.014612
vt 0.750000 0.010000
vt 0.703178 0.014612
vt 0.658156 0.028269
vt 0.616663 0.050447
vt 0.580294 0.080294
vt 0.550447 0.116663
vt 0.528269 0.158156
vt 0.514612 0.203178
vt 0.510000 0.250000
vt 0.514612 0.296822
vt 0.528269 0.341844
vt 0.550447 0.383337
vt 0.580294 0.419706
vt 0.616663 0.449553
vt 0.658156 0.471731
vt 0.703178 0.485388
vt 0.203178 0.485388
s 0
f 2452/4809/2452 2484/4810/2452 2453/4811/2452
f 2453/4811/2453 2484/4810/2453 2454/4812/2453
f 2454/4812/2454 2484/4810/2454 2455/4813/2454
f 2455/4813/2455 2484/4810/2455 2456/4814/2455
f 2456/4814/2456 2484/4810/2456 2457/4815/2456
f 2457/4815/2457 2484/4810/2457 2458/4816/2457
f 2458/4816/2458 2484/4810/2458 2459/4817/2458
f 2459/4817/2459 2484/4810/2459 2460/4818/2459
f 2460/4818/2460 2484/4810/2460 2461/4819/2460
f 2461/4819/2461 2484/4810/2461 2462/4820/2461
f 2462/4820/2462 2484/4810/2462 2463/4821/2462
f 2463/4821/2463 2484/4810/2463 2464/4822/2463
f 2464/4822/2464 2484/4810/2464 2465/4823/2464
f 2465/4823/2465 2484/4810/2465 2466/4824/2465
f 2466/4824/2466 2484/4810/2466 2467/4825/2466
f 2467/4825/2467 2484/4810/2467 2468/4826/2467
f 2468/4826/2468 2484/4810/2468 2469/4827/2468
f 2469/4827/2469 2484/4810/2469 2470/4828/2469
f 2470/4828/2470 2484/4810/2470 2471/4829/2470
f 2471/4829/2471 2484/4810/2471 2472/4830/2471
f 2472/4830/2472 2484/4810/2472 2473/4831/2472
f 2473/4831/2473 2484/4810/2473 2474/4832/2473
f 2474/4832/2474 2484/4810/2474 2475/4833/2474
f 2475/4833/2475 2484/4810/2475 2476/4834/2475
f 2476/4834/2476 2484/4810/2476 2477/4835/2476
f 2477/4835/2477 2484/4810/2477 2478/4836/2477
f 2478/4836/2478 2484/4810/2478 2479/4837/2478
f 2479/4837/2479 2484/4810/2479 2480/4838/2479
f 2480/4838/2480 2484/4810/2480 2481/4839/2480
f 2481/4839/2481 2484/4810/2481 2482/4840/2481
f 2452/4841/2482 2453/4842/2482 2454/4843/2482 2455/4844/2482 2456/4845/2482 2457/4846/2482 2458/4847/2482 2459/4848/2482 2460/4849/2482 2461/4850/2482 2462/4851/2482 2463/4852/2482 2464/4853/2482 2465/4854/2482 2466/4855/2482 2467/4856/2482 2468/4857/2482 2469/4858/2482 2470/4859/2482 2471/4860/2482 2472/4861/2482 2473/4862/2482 2474/4863/2482 2475/4864/2482 2476/4865/2482 2477/4866/2482 2478/4867/2482 2479/4868/2482 2480/4869/2482 2481/4870/2482 2482/4871/2482 2483/4872/2482
f 2482/4840/2483 2484/4810/2483 2483/4873/2483
f 2483/4873/2484 2484/4810/2484 2452/4809/2484
o Cone
v -0.858863 1.188134 -0.459606
v -0.882644 1.330712 -0.324954
v -0.871105 1.462724 -0.178444
v -0.824691 1.579095 -0.025707
v -0.745184 1.675354 0.127388
v -0.635640 1.747802 0.274957
v -0.500269 1.793655 0.411330
v -0.344274 1.811151 0.531265
v -0.173648 1.799616 0.630154
v 0.005051 1.759495 0.704197
v 0.184956 1.692329 0.750547
v 0.359152 1.600700 0.767424
v 0.520947 1.488128 0.754180
v 0.664121 1.358940 0.711322
v 0.783174 1.218101 0.640499
v 0.873530 1.071022 0.544431
v 0.931716 0.923356 0.426811
v 0.955496 0.780778 0.292159
v 0.943958 0.648767 0.145649
v 0.897543 0.532395 -0.007088
v 0.818036 0.436136 -0.160183
v 0.708493 0.363688 -0.307752
v 0.573122 0.317835 -0.444125
v 0.417126 0.300340 -0.564060
v 0.246500 0.311875 -0.662949
v 0.067802 0.351996 -0.736991
v -0.112103 0.419161 -0.783342
v -0.286300 0.510791 -0.800219
v -0.448094 0.623362 -0.786974
v -0.591269 0.752550 -0.744117
v -0.710321 0.893390 -0.673293
v -0.800677 1.040468 -0.577226
v -0.787782 -0.277871 1.250159
vn -0.9920 -0.1130 -0.0556
vn -0.9975 0.0096 0.0699
vn -0.9716 0.1205 0.2035
vn -0.9154 0.2154 0.3400
vn -0.8310 0.2907 0.4742
vn -0.7217 0.3435 0.6009
vn -0.5917 0.3718 0.7153
vn -0.4459 0.3744 0.8130
vn -0.2900 0.3514 0.8902
vn -0.1299 0.3035 0.9439
vn 0.0282 0.2326 0.9722
vn 0.1781 0.1415 0.9738
vn 0.3143 0.0336 0.9487
vn 0.4313 -0.0870 0.8980
vn 0.5248 -0.2155 0.8235
vn 0.5911 -0.3471 0.7281
vn 0.6277 -0.4766 0.6155
vn 0.6331 -0.5992 0.4900
vn 0.6073 -0.7100 0.3564
vn 0.5511 -0.8050 0.2199
vn 0.4667 -0.8803 0.0857
vn 0.3574 -0.9331 -0.0410
vn 0.2273 -0.9613 -0.1554
vn 0.0815 -0.9640 -0.2531
vn -0.0744 -0.9409 -0.3303
vn -0.2345 -0.8931 -0.3840
vn -0.3925 -0.8222 -0.4122
vn -0.5425 -0.7310 -0.4139
vn -0.6786 -0.6231 -0.3888
vn -0.7957 -0.5026 -0.3381
vn 0.4089 0.6617 -0.6284
vn -0.8892 -0.3741 -0.2636
vn -0.9555 -0.2425 -0.1682
vt 0.250000 0.490000
vt 0.250000 0.250000
vt 0.296822 0.485388
vt 0.341844 0.471731
vt 0.383337 0.449553
vt 0.419706 0.419706
vt 0.449553 0.383337
vt 0.471731 0.341844
vt 0.485388 0.296822
vt 0.490000 0.250000
vt 0.485388 0.203178
vt 0.471731 0.158156
vt 0.449553 0.116663
vt 0.419706 0.080294
vt 0.383337 0.050447
vt 0.341844 0.028269
vt 0.296822 0.014612
vt 0.250000 0.010000
vt 0.203178 0.014612
vt 0.158156 0.028269
vt 0.116663 0.050447
vt 0.080294 0.080294
vt 0.050447 0.116663
vt 0.028269 0.158156
vt 0.014612 0.203178
vt 0.010000 0.250000
vt 0.014612 0.296822
vt 0.028269 0.341844
vt 0.050447 0.383337
vt 0.080294 0.419706
vt 0.116663 0.449553
vt 0.158156 0.471731
vt 0.750000 0.490000
vt 0.796822 0.485388
vt 0.841844 0.471731
vt 0.883337 0.449553
vt 0.919706 0.419706
vt 0.949553 0.383337
vt 0.971731 0.341844
vt 0.985388 0.296822
vt 0.990000 0.250000
vt 0.985388 0.203178
vt 0.971731 0.158156
vt 0.949553 0.116663
vt 0.919706 0.080294
vt 0.883337 0.050447
vt 0.841844 0.028269
vt 0.796822 0.014612
vt 0.750000 0.010000
vt 0.703178 0.014612
vt 0.658156 0.028269
vt 0.616663 0.050447
vt 0.580294 0.080294
vt 0.550447 0.116663
vt 0.528269 0.158156
vt 0.514612 0.203178
vt 0.510000 0.250000
vt 0.514612 0.296822
vt 0.528269 0.341844
vt 0.550447 0.383337
vt 0.580294 0.419706
vt 0.616663 0.449553
vt 0.658156 0.471731
vt 0.703178 0.485388
vt 0.203178 0.485388
s 0
f 2485/4874/2485 2517/4875/2485 2486/4876/2485
f 2486/4876/2486 2517/4875/2486 2487/4877/2486
f 2487/4877/2487 2517/4875/2487 2488/4878/2487
f 2488/4878/2488 2517/4875/2488 2489/4879/2488
f 2489/4879/2489 2517/4875/2489 2490/4880/2489
f 2490/4880/2490 2517/4875/2490 2491/4881/2490
f 2491/4881/2491 2517/4875/2491 2492/4882/2491
f 2492/4882/2492 2517/4875/2492 2493/4883/2492
f 2493/4883/2493 2517/4875/2493 2494/4884/2493
f 2494/4884/2494 2517/4875/2494 2495/4885/2494
f 2495/4885/2495 2517/4875/2495 2496/4886/2495
f 2496/4886/2496 2517/4875/2496 2497/4887/2496
f 2497/4887/2497 2517/4875/2497 2498/4888/2497
f 2498/4888/2498 2517/4875/2498 2499/4889/2498
f 2499/4889/2499 2517/4875/2499 2500/4890/2499
f 2500/4890/2500 2517/4875/2500 2501/4891/2500
f 2501/4891/2501 2517/4875/2501 2502/4892/2501
f 2502/4892/2502 2517/4875/2502 2503/4893/2502
f 2503/4893/2503 2517/4875/2503 2504/4894/2503
f 2504/4894/2504 2517/4875/2504 2505/4895/2504
f 2505/4895/2505 2517/4875/2505 2506/4896/2505
f 2506/4896/2506 2517/4875/2506 2507/4897/2506
f 2507/4897/2507 2517/4875/2507 2508/4898/2507
f 2508/4898/2508 2517/4875/2508 2509/4899/2508
f 2509/4899/2509 2517/4875/2509 2510/4900/2509
f 2510/4900/2510 2517/4875/2510 2511/4901/2510
f 2511/4901/2511 2517/4875/2511 2512/4902/2511
f 2512/4902/2512 2517/4875/2512 2513/4903/2512
f 2513/4903/2513 2517/4875/2513 2514/4904/2513
f 2514/4904/2514 2517/4875/2514 2515/4905/2514
f 2485/4906/2515 2486/4907/2515 2487/4908/2515 2488/4909/2515 2489/4910/2515 2490/4911/2515 2491/4912/2515 2492/4913/2515 2493/4914/2515 2494/4915/2515 2495/4916/2515 2496/4917/2515 2497/4918/2515 2498/4919/2515 2499/4920/2515 2500/4921/2515 2501/4922/2515 2502/4923/2515 2503/4924/2515 2504/4925/2515 2505/4926/2515 2506/4927/2515 2507/4928/2515 2508/4929/2515 2509/4930/2515 2510/4931/2515 2511/4932/2515 2512/4933/2515 2513/4934/2515 2514/4935/2515 2515/4936/2515 2516/4937/2515
f 2515/4905/2516 2517/4875/2516 2516/4938/2516
f 2516/4938/2517 2517/4875/2517 2485/4874/2517
o Cone
v 0.152299 1.594429 -0.838006
v 0.013326 1.480721 -0.920357
v -0.127662 1.350683 -0.967652
v -0.265247 1.209309 -0.978073
v -0.394141 1.062034 -0.951221
v -0.509390 0.914518 -0.888128
v -0.606567 0.772428 -0.791217
v -0.681936 0.641226 -0.664213
v -0.732601 0.525953 -0.511997
v -0.756616 0.431040 -0.340418
v -0.753056 0.360133 -0.156070
v -0.722060 0.315959 0.033963
v -0.664817 0.300213 0.222377
v -0.583529 0.313503 0.401932
v -0.481319 0.355315 0.565729
v -0.362114 0.424045 0.707471
v -0.230496 0.517051 0.821713
v -0.091523 0.630758 0.904064
v 0.049465 0.760797 0.951359
v 0.187050 0.902170 0.961781
v 0.315943 1.049445 0.934929
v 0.431193 1.196962 0.871835
v 0.528370 1.339051 0.774924
v 0.603739 1.470254 0.647920
v 0.654404 1.585526 0.495704
v 0.678418 1.680440 0.324125
v 0.674859 1.751346 0.139777
v 0.643862 1.795521 -0.050255
v 0.586620 1.811266 -0.238670
v 0.505332 1.797977 -0.418225
v 0.403122 1.756164 -0.582021
v 0.283917 1.687434 -0.723764
v 1.372150 -0.277865 -0.548345
vn 0.4208 0.1354 -0.8970
vn 0.2958 0.0266 -0.9549
vn 0.1715 -0.0946 -0.9806
vn 0.0525 -0.2234 -0.9733
vn -0.0565 -0.3550 -0.9332
vn -0.1513 -0.4843 -0.8617
vn -0.2283 -0.6063 -0.7618
vn -0.2846 -0.7163 -0.6372
vn -0.3179 -0.8101 -0.4926
vn -0.3270 -0.8841 -0.3337
vn -0.3116 -0.9355 -0.1666
vn -0.2722 -0.9622 0.0023
vn -0.2104 -0.9633 0.1665
vn -0.1285 -0.9387 0.3198
vn -0.0296 -0.8894 0.4562
vn 0.0823 -0.8172 0.5704
vn 0.2031 -0.7249 0.6582
vn 0.3281 -0.6161 0.7161
vn 0.4524 -0.4950 0.7418
vn 0.5714 -0.3661 0.7345
vn 0.6803 -0.2346 0.6943
vn 0.7752 -0.1053 0.6229
vn 0.8522 0.0167 0.5230
vn 0.9084 0.1267 0.3983
vn 0.9418 0.2205 0.2538
vn 0.9509 0.2946 0.0949
vn 0.9355 0.3459 -0.0722
vn 0.8961 0.3727 -0.2411
vn 0.8343 0.3738 -0.4053
vn 0.7524 0.3492 -0.5586
vn -0.7002 0.6617 0.2680
vn 0.6535 0.2998 -0.6950
vn 0.5416 0.2276 -0.8093
vt 0.250000 0.490000
vt 0.250000 0.250000
vt 0.296822 0.485388
vt 0.341844 0.471731
vt 0.383337 0.449553
vt 0.419706 0.419706
vt 0.449553 0.383337
vt 0.471731 0.341844
vt 0.485388 0.296822
vt 0.490000 0.250000
vt 0.485388 0.203178
vt 0.471731 0.158156
vt 0.449553 0.116663
vt 0.419706 0.080294
vt 0.383337 0.050447
vt 0.341844 0.028269
vt 0.296822 0.014612
vt 0.250000 0.010000
vt 0.203178 0.014612
vt 0.158156 0.028269
vt 0.116663 0.050447
vt 0.080294 0.080294
vt 0.050447 0.116663
vt 0.028269 0.158156
vt 0.014612 0.203178
vt 0.010000 0.250000
vt 0.014612 0.296822
vt 0.028269 0.341844
vt 0.050447 0.383337
vt 0.080294 0.419706
vt 0.116663 0.449553
vt 0.158156 0.471731
vt 0.750000 0.490000
vt 0.796822 0.485388
vt 0.841844 0.471731
vt 0.883337 0.449553
vt 0.919706 0.419706
vt 0.949553 0.383337
vt 0.971731 0.341844
vt 0.985388 0.296822
vt 0.990000 0.250000
vt 0.985388 0.203178
vt 0.971731 0.158156
vt 0.949553 0.116663
vt 0.919706 0.080294
vt 0.883337 0.050447
vt 0.841844 0.028269
vt 0.796822 0.014612
vt 0.750000 0.010000
vt 0.703178 0.014612
vt 0.658156 0.028269
vt 0.616663 0.050447
vt 0.580294 0.080294
vt 0.550447 0.116663
vt 0.528269 0.158156
vt 0.514612 0.203178
vt 0.510000 0.250000
vt 0.514612 0.296822
vt 0.528269 0.341844
vt 0.550447 0.383337
vt 0.580294 0.419706
vt 0.616663 0.449553
vt 0.658156 0.471731
vt 0.703178 0.485388
vt 0.203178 0.485388
s 0
f 2518/4939/2518 2550/4940/2518 2519/4941/2518
f 2519/4941/2519 2550/4940/2519 2520/4942/2519
f 2520/4942/2520 2550/4940/2520 2521/4943/2520
f 2521/4943/2521 2550/4940/2521 2522/4944/2521
f 2522/4944/2522 2550/4940/2522 2523/4945/2522
f 2523/4945/2523 2550/4940/2523 2524/4946/2523
f 2524/4946/2524 2550/4940/2524 2525/4947/2524
f 2525/4947/2525 2550/4940/2525 2526/4948/2525
f 2526/4948/2526 2550/4940/2526 2527/4949/2526
f 2527/4949/2527 2550/4940/2527 2528/4950/2527
f 2528/4950/2528 2550/4940/2528 2529/4951/2528
f 2529/4951/2529 2550/4940/2529 2530/4952/2529
f 2530/4952/2530 2550/4940/2530 2531/4953/2530
f 2531/4953/2531 2550/4940/2531 2532/4954/2531
f 2532/4954/2532 2550/4940/2532 2533/4955/2532
f 2533/4955/2533 2550/4940/2533 2534/4956/2533
f 2534/4956/2534 2550/4940/2534 2535/4957/2534
f 2535/4957/2535 2550/4940/2535 2536/4958/2535
f 2536/4958/2536 2550/4940/2536 2537/4959/2536
f 2537/4959/2537 2550/4940/2537 2538/4960/2537
f 2538/4960/2538 2550/4940/2538 2539/4961/2538
f 2539/4961/2539 2550/4940/2539 2540/4962/2539
f 2540/4962/2540 2550/4940/2540 2541/4963/2540
f 2541/4963/2541 2550/4940/2541 2542/4964/2541
f 2542/4964/2542 2550/4940/2542 2543/4965/2542
f 2543/4965/2543 2550/4940/2543 2544/4966/2543
f 2544/4966/2544 2550/4940/2544 2545/4967/2544
f 2545/4967/2545 2550/4940/2545 2546/4968/2545
f 2546/4968/2546 2550/4940/2546 2547/4969/2546
f 2547/4969/2547 2550/4940/2547 2548/4970/2547
f 2518/4971/2548 2519/4972/2548 2520/4973/2548 2521/4974/2548 2522/4975/2548 2523/4976/2548 2524/4977/2548 2525/4978/2548 2526/4979/2548 2527/4980/2548 2528/4981/2548 2529/4982/2548 2530/4983/2548 2531/4984/2548 2532/4985/2548 2533/4986/2548 2534/4987/2548 2535/4988/2548 2536/4989/2548 2537/4990/2548 2538/4991/2548 2539/4992/2548 2540/4993/2548 2541/4994/2548 2542/4995/2548 2543/4996/2548 2544/4997/2548 2545/4998/2548 2546/4999/2548 2547/5000/2548 2548/5001/2548 2549/5002/2548
f 2548/4970/2549 2550/4940/2549 2549/5003/2549
f 2549/5003/2550 2550/4940/2550 2518/4939/2550
o Cone
v -0.535765 0.793743 -0.950943
v -0.674806 0.687525 -0.825562
v -0.791738 0.598198 -0.668456
v -0.882068 0.529193 -0.485662
v -0.942322 0.483162 -0.284204
v -0.970187 0.461875 -0.071824
v -0.964592 0.466150 0.143317
v -0.925751 0.495822 0.352949
v -0.855157 0.549750 0.549018
v -0.755523 0.625864 0.723989
v -0.630677 0.721237 0.871137
v -0.485419 0.832204 0.984808
v -0.325329 0.954501 1.060633
v -0.156560 1.083429 1.095698
v 0.014403 1.214032 1.088657
v 0.180988 1.341292 1.039779
v 0.336795 1.460317 0.950943
v 0.475837 1.566535 0.825563
v 0.592769 1.655863 0.668456
v 0.683098 1.724868 0.485662
v 0.743353 1.770898 0.284204
v 0.771218 1.792185 0.071824
v 0.765622 1.787911 -0.143316
v 0.726781 1.758239 -0.352949
v 0.656187 1.704310 -0.549018
v 0.556553 1.628197 -0.723989
v 0.431708 1.532824 -0.871137
v 0.286449 1.421856 -0.984807
v 0.126359 1.299559 -1.060632
v -0.042410 1.170631 -1.095698
v -0.213372 1.040028 -1.088657
v -0.379958 0.912769 -1.039779
v 1.233680 -0.618112 0.000000
vn -0.1440 -0.6706 -0.7277
vn -0.2488 -0.7507 -0.6120
vn -0.3337 -0.8155 -0.4728
vn -0.3954 -0.8627 -0.3154
vn -0.4315 -0.8902 -0.1458
vn -0.4406 -0.8972 0.0293
vn -0.4224 -0.8833 0.2033
vn -0.3776 -0.8491 0.3695
vn -0.3079 -0.7958 0.5215
vn -0.2159 -0.7255 0.6534
vn -0.1053 -0.6410 0.7603
vn 0.0198 -0.5455 0.8379
vn 0.1545 -0.4425 0.8833
vn 0.2937 -0.3362 0.8948
vn 0.4320 -0.2306 0.8719
vn 0.5641 -0.1297 0.8155
vn 0.6848 -0.0374 0.7277
vn 0.7897 0.0427 0.6120
vn 0.8746 0.1075 0.4728
vn 0.9363 0.1546 0.3154
vn 0.9724 0.1822 0.1458
vn 0.9815 0.1892 -0.0293
vn 0.9633 0.1753 -0.2033
vn 0.9185 0.1410 -0.3695
vn 0.8487 0.0878 -0.5215
vn 0.7568 0.0175 -0.6534
vn 0.6461 -0.0670 -0.7603
vn 0.5210 -0.1626 -0.8379
vn 0.3863 -0.2655 -0.8833
vn 0.2472 -0.3718 -0.8948
vn -0.6071 0.7947 -0.0000
vn 0.1089 -0.4774 -0.8719
vn -0.0232 -0.5783 -0.8155
vt 0.250000 0.490000
vt 0.250000 0.250000
vt 0.296822 0.485388
vt 0.341844 0.471731
vt 0.383337 0.449553
vt 0.419706 0.419706
vt 0.449553 0.383337
vt 0.471731 0.341844
vt 0.485388 0.296822
vt 0.490000 0.250000
vt 0.485388 0.203178
vt 0.471731 0.158156
vt 0.449553 0.116663
vt 0.419706 0.080294
vt 0.383337 0.050447
vt 0.341844 0.028269
vt 0.296822 0.014612
vt 0.250000 0.010000
vt 0.203178 0.014612
vt 0.158156 0.028269
vt 0.116663 0.050447
vt 0.080294 0.080294
vt 0.050447 0.116663
vt 0.028269 0.158156
vt 0.014612 0.203178
vt 0.010000 0.250000
vt 0.014612 0.296822
vt 0.028269 0.341844
vt 0.050447 0.383337
vt 0.080294 0.419706
vt 0.116663 0.449553
vt 0.158156 0.471731
vt 0.750000 0.490000
vt 0.796822 0.485388
vt 0.841844 0.471731
vt 0.883337 0.449553
vt 0.919706 0.419706
vt 0.949553 0.383337
vt 0.971731 0.341844
vt 0.985388 0.296822
vt 0.990000 0.250000
vt 0.985388 0.203178
vt 0.971731 0.158156
vt 0.949553 0.116663
vt 0.919706 0.080294
vt 0.883337 0.050447
vt 0.841844 0.028269
vt 0.796822 0.014612
vt 0.750000 0.010000
vt 0.703178 0.014612
vt 0.658156 0.028269
vt 0.616663 0.050447
vt 0.580294 0.080294
vt 0.550447 0.116663
vt 0.528269 0.158156
vt 0.514612 0.203178
vt 0.510000 0.250000
vt 0.514612 0.296822
vt 0.528269 0.341844
vt 0.550447 0.383337
vt 0.580294 0.419706
vt 0.616663 0.449553
vt 0.658156 0.471731
vt 0.703178 0.485388
vt 0.203178 0.485388
s 0
f 2551/5004/2551 2583/5005/2551 2552/5006/2551
f 2552/5006/2552 2583/5005/2552 2553/5007/2552
f 2553/5007/2553 2583/5005/2553 2554/5008/2553
f 2554/5008/2554 2583/5005/2554 2555/5009/2554
f 2555/5009/2555 2583/5005/2555 2556/5010/2555
f 2556/5010/2556 2583/5005/2556 2557/5011/2556
f 2557/5011/2557 2583/5005/2557 2558/5012/2557
f 2558/5012/2558 2583/5005/2558 2559/5013/2558
f 2559/5013/2559 2583/5005/2559 2560/5014/2559
f 2560/5014/2560 2583/5005/2560 2561/5015/2560
f 2561/5015/2561 2583/5005/2561 2562/5016/2561
f 2562/5016/2562 2583/5005/2562 2563/5017/2562
f 2563/5017/2563 2583/5005/2563 2564/5018/2563
f 2564/5018/2564 2583/5005/2564 2565/5019/2564
f 2565/5019/2565 2583/5005/2565 2566/5020/2565
f 2566/5020/2566 2583/5005/2566 2567/5021/2566
f 2567/5021/2567 2583/5005/2567 2568/5022/2567
f 2568/5022/2568 2583/5005/2568 2569/5023/2568
f 2569/5023/2569 2583/5005/2569 2570/5024/2569
f 2570/5024/2570 2583/5005/2570 2571/5025/2570
f 2571/5025/2571 2583/5005/2571 2572/5026/2571
f 2572/5026/2572 2583/5005/2572 2573/5027/2572
f 2573/5027/2573 2583/5005/2573 2574/5028/2573
f 2574/5028/2574 2583/5005/2574 2575/5029/2574
f 2575/5029/2575 2583/5005/2575 2576/5030/2575
f 2576/5030/2576 2583/5005/2576 2577/5031/2576
f 2577/5031/2577 2583/5005/2577 2578/5032/2577
f 2578/5032/2578 2583/5005/2578 2579/5033/2578
f 2579/5033/2579 2583/5005/2579 2580/5034/2579
f 2580/5034/2580 2583/5005/2580 2581/5035/2580
f 2551/5036/2581 2552/5037/2581 2553/5038/2581 2554/5039/2581 2555/5040/2581 2556/5041/2581 2557/5042/2581 2558/5043/2581 2559/5044/2581 2560/5045/2581 2561/5046/2581 2562/5047/2581 2563/5048/2581 2564/5049/2581 2565/5050/2581 2566/5051/2581 2567/5052/2581 2568/5053/2581 2569/5054/2581 2570/5055/2581 2571/5056/2581 2572/5057/2581 2573/5058/2581 2574/5059/2581 2575/5060/2581 2576/5061/2581 2577/5062/2581 2578/5063/2581 2579/5064/2581 2580/5065/2581 2581/5066/2581 2582/5067/2581
f 2581/5035/2582 2583/5005/2582 2582/5068/2582
f 2582/5068/2583 2583/5005/2583 2551/5004/2583
o Cone
v 0.487279 1.235932 -0.831166
v 0.323955 1.178583 -0.926351
v 0.146247 1.116184 -0.985938
v -0.039013 1.051132 -1.007635
v -0.224708 0.985928 -0.990609
v -0.403701 0.923077 -0.935515
v -0.569113 0.864995 -0.844469
v -0.714588 0.813914 -0.720971
v -0.834535 0.771796 -0.569766
v -0.924344 0.740261 -0.396666
v -0.980565 0.720520 -0.208322
v -1.001037 0.713332 -0.011972
v -0.984972 0.718972 0.184838
v -0.932990 0.737225 0.374544
v -0.847086 0.767389 0.549857
v -0.730563 0.808305 0.704040
v -0.587897 0.858400 0.831166
v -0.424573 0.915748 0.926352
v -0.246866 0.978148 0.985938
v -0.061605 1.043199 1.007635
v 0.124090 1.108403 0.990609
v 0.303082 1.171254 0.935515
v 0.468494 1.229336 0.844469
v 0.613969 1.280417 0.720971
v 0.733916 1.322535 0.569767
v 0.823726 1.354070 0.396666
v 0.879947 1.373811 0.208322
v 0.900418 1.381000 0.011972
v 0.884354 1.375359 -0.184838
v 0.832371 1.357106 -0.374544
v 0.746468 1.326942 -0.549857
v 0.629944 1.286027 -0.704040
v 0.617406 -0.854424 0.000000
vn 0.5546 -0.2774 -0.7845
vn 0.4024 -0.3309 -0.8536
vn 0.2404 -0.3878 -0.8899
vn 0.0748 -0.4459 -0.8920
vn -0.0880 -0.5031 -0.8598
vn -0.2417 -0.5570 -0.7945
vn -0.3805 -0.6058 -0.6988
vn -0.4990 -0.6474 -0.5761
vn -0.5926 -0.6802 -0.4314
vn -0.6578 -0.7031 -0.2700
vn -0.6920 -0.7151 -0.0983
vn -0.6940 -0.7158 0.0772
vn -0.6636 -0.7052 0.2497
vn -0.6021 -0.6836 0.4126
vn -0.5117 -0.6518 0.5597
vn -0.3960 -0.6112 0.6853
vn -0.2594 -0.5632 0.7845
vn -0.1072 -0.5098 0.8536
vn 0.0548 -0.4529 0.8899
vn 0.2204 -0.3948 0.8920
vn 0.3832 -0.3376 0.8598
vn 0.5369 -0.2836 0.7945
vn 0.6757 -0.2349 0.6988
vn 0.7942 -0.1933 0.5761
vn 0.8878 -0.1604 0.4314
vn 0.9530 -0.1375 0.2700
vn 0.9872 -0.1255 0.0983
vn 0.9892 -0.1248 -0.0772
vn 0.9588 -0.1355 -0.2497
vn 0.8973 -0.1571 -0.4126
vn -0.3313 0.9435 -0.0000
vn 0.8069 -0.1888 -0.5597
vn 0.6912 -0.2294 -0.6853
vt 0.250000 0.490000
vt 0.250000 0.250000
vt 0.296822 0.485388
vt 0.341844 0.471731
vt 0.383337 0.449553
vt 0.419706 0.419706
vt 0.449553 0.383337
vt 0.471731 0.341844
vt 0.485388 0.296822
vt 0.490000 0.250000
vt 0.485388 0.203178
vt 0.471731 0.158156
vt 0.449553 0.116663
vt 0.419706 0.080294
vt 0.383337 0.050447
vt 0.341844 0.028269
vt 0.296822 0.014612
vt 0.250000 0.010000
vt 0.203178 0.014612
vt 0.158156 0.028269
vt 0.116663 0.050447
vt 0.080294 0.080294
vt 0.050447 0.116663
vt 0.028269 0.158156
vt 0.014612 0.203178
vt 0.010000 0.250000
vt 0.014612 0.296822
vt 0.028269 0.341844
vt 0.050447 0.383337
vt 0.080294 0.419706
vt 0.116663 0.449553
vt 0.158156 0.471731
vt 0.750000 0.490000
vt 0.796822 0.485388
vt 0.841844 0.471731
vt 0.883337 0.449553
vt 0.919706 0.419706
vt 0.949553 0.383337
vt 0.971731 0.341844
vt 0.985388 0.296822
vt 0.990000 0.250000
vt 0.985388 0.203178
vt 0.971731 0.158156
vt 0.949553 0.116663
vt 0.919706 0.080294
vt 0.883337 0.050447
vt 0.841844 0.028269
vt 0.796822 0.014612
vt 0.750000 0.010000
vt 0.703178 0.014612
vt 0.658156 0.028269
vt 0.616663 0.050447
vt 0.580294 0.080294
vt 0.550447 0.116663
vt 0.528269 0.158156
vt 0.514612 0.203178
vt 0.510000 0.250000
vt 0.514612 0.296822
vt 0.528269 0.341844
vt 0.550447 0.383337
vt 0.580294 0.419706
vt 0.616663 0.449553
vt 0.658156 0.471731
vt 0.703178 0.485388
vt 0.203178 0.485388
s 0
f 2584/5069/2584 2616/5070/2584 2585/5071/2584
f 2585/5071/2585 2616/5070/2585 2586/5072/2585
f 2586/5072/2586 2616/5070/2586 2587/5073/2586
f 2587/5073/2587 2616/5070/2587 2588/5074/2587
f 2588/5074/2588 2616/5070/2588 2589/5075/2588
f 2589/5075/2589 2616/5070/2589 2590/5076/2589
f 2590/5076/2590 2616/5070/2590 2591/5077/2590
f 2591/5077/2591 2616/5070/2591 2592/5078/2591
f 2592/5078/2592 2616/5070/2592 2593/5079/2592
f 2593/5079/2593 2616/5070/2593 2594/5080/2593
f 2594/5080/2594 2616/5070/2594 2595/5081/2594
f 2595/5081/2595 2616/5070/2595 2596/5082/2595
f 2596/5082/2596 2616/5070/2596 2597/5083/2596
f 2597/5083/2597 2616/5070/2597 2598/5084/2597
f 2598/5084/2598 2616/5070/2598 2599/5085/2598
f 2599/5085/2599 2616/5070/2599 2600/5086/2599
f 2600/5086/2600 2616/5070/2600 2601/5087/2600
f 2601/5087/2601 2616/5070/2601 2602/5088/2601
f 2602/5088/2602 2616/5070/2602 2603/5089/2602
f 2603/5089/2603 2616/5070/2603 2604/5090/2603
f 2604/5090/2604 2616/5070/2604 2605/5091/2604
f 2605/5091/2605 2616/5070/2605 2606/5092/2605
f 2606/5092/2606 2616/5070/2606 2607/5093/2606
f 2607/5093/2607 2616/5070/2607 2608/5094/2607
f 2608/5094/2608 2616/5070/2608 2609/5095/2608
f 2609/5095/2609 2616/5070/2609 2610/5096/2609
f 2610/5096/2610 2616/5070/2610 2611/5097/2610
f 2611/5097/2611 2616/5070/2611 2612/5098/2611
f 2612/5098/2612 2616/5070/2612 2613/5099/2612
f 2613/5099/2613 2616/5070/2613 2614/5100/2613
f 2584/5101/2614 2585/5102/2614 2586/5103/2614 2587/5104/2614 2588/5105/2614 2589/5106/2614 2590/5107/2614 2591/5108/2614 2592/5109/2614 2593/5110/2614 2594/5111/2614 2595/5112/2614 2596/5113/2614 2597/5114/2614 2598/5115/2614 2599/5116/2614 2600/5117/2614 2601/5118/2614 2602/5119/2614 2603/5120/2614 2604/5121/2614 2605/5122/2614 2606/5123/2614 2607/5124/2614 2608/5125/2614 2609/5126/2614 2610/5127/2614 2611/5128/2614 2612/5129/2614 2613/5130/2614 2614/5131/2614 2615/5132/2614
f 2614/5100/2615 2616/5070/2615 2615/5133/2615
f 2615/5133/2616 2616/5070/2616 2584/5069/2616
o Cone
v -0.749926 1.594436 0.403805
v -0.600601 1.687441 0.493678
v -0.428958 1.756170 0.563246
v -0.241593 1.797982 0.609837
v -0.045705 1.811271 0.631660
v 0.151177 1.795525 0.627876
v 0.341487 1.751349 0.598631
v 0.517913 1.680441 0.545048
v 0.673673 1.585527 0.469187
v 0.802782 1.470253 0.373963
v 0.900278 1.339050 0.263036
v 0.962416 1.196959 0.140667
v 0.986806 1.049442 0.011560
v 0.972512 0.902166 -0.119323
v 0.920082 0.760792 -0.246953
v 0.831532 0.630754 -0.366425
v 0.710265 0.517047 -0.473149
v 0.560941 0.424041 -0.563022
v 0.389298 0.355312 -0.632590
v 0.201932 0.313500 -0.679181
v 0.006045 0.300212 -0.701004
v -0.190838 0.315958 -0.697220
v -0.381148 0.360134 -0.667975
v -0.557573 0.431041 -0.614392
v -0.713333 0.525956 -0.538531
v -0.842442 0.641229 -0.443307
v -0.939939 0.772433 -0.332380
v -1.002076 0.914523 -0.210011
v -1.026466 1.062041 -0.080904
v -1.012172 1.209316 0.049979
v -0.959743 1.350690 0.177609
v -0.871193 1.480729 0.297081
v -0.097486 -0.277868 1.474443
vn -0.6023 0.2276 0.7651
vn -0.4590 0.2998 0.8363
vn -0.2988 0.3492 0.8881
vn -0.1277 0.3738 0.9187
vn 0.0476 0.3727 0.9267
vn 0.2204 0.3459 0.9120
vn 0.3841 0.2946 0.8750
vn 0.5324 0.2205 0.8172
vn 0.6596 0.1267 0.7409
vn 0.7607 0.0167 0.6489
vn 0.8320 -0.1053 0.5447
vn 0.8706 -0.2346 0.4325
vn 0.8751 -0.3661 0.3164
vn 0.8453 -0.4950 0.2010
vn 0.7824 -0.6161 0.0907
vn 0.6887 -0.7249 -0.0102
vn 0.5680 -0.8172 -0.0980
vn 0.4247 -0.8894 -0.1692
vn 0.2644 -0.9387 -0.2210
vn 0.0934 -0.9633 -0.2515
vn -0.0819 -0.9622 -0.2596
vn -0.2548 -0.9355 -0.2449
vn -0.4185 -0.8841 -0.2079
vn -0.5668 -0.8101 -0.1501
vn -0.6939 -0.7163 -0.0737
vn -0.7951 -0.6063 0.0183
vn -0.8663 -0.4843 0.1224
vn -0.9049 -0.3550 0.2347
vn -0.9094 -0.2234 0.3507
vn -0.8797 -0.0946 0.4661
vn 0.0385 0.6617 -0.7488
vn -0.8167 0.0266 0.5764
vn -0.7231 0.1354 0.6774
vt 0.250000 0.490000
vt 0.250000 0.250000
vt 0.296822 0.485388
vt 0.341844 0.471731
vt 0.383337 0.449553
vt 0.419706 0.419706
vt 0.449553 0.383337
vt 0.471731 0.341844
vt 0.485388 0.296822
vt 0.490000 0.250000
vt 0.485388 0.203178
vt 0.471731 0.158156
vt 0.449553 0.116663
vt 0.419706 0.080294
vt 0.383337 0.050447
vt 0.341844 0.028269
vt 0.296822 0.014612
vt 0.250000 0.010000
vt 0.203178 0.014612
vt 0.158156 0.028269
vt 0.116663 0.050447
vt 0.080294 0.080294
vt 0.050447 0.116663
vt 0.028269 0.158156
vt 0.014612 0.203178
vt 0.010000 0.250000
vt 0.014612 0.296822
vt 0.028269 0.341844
vt 0.050447 0.383337
vt 0.080294 0.419706
vt 0.116663 0.449553
vt 0.158156 0.471731
vt 0.750000 0.490000
vt 0.796822 0.485388
vt 0.841844 0.471731
vt 0.883337 0.449553
vt 0.919706 0.419706
vt 0.949553 0.383337
vt 0.971731 0.341844
vt 0.985388 0.296822
vt 0.990000 0.250000
vt 0.985388 0.203178
vt 0.971731 0.158156
vt 0.949553 0.116663
vt 0.919706 0.080294
vt 0.883337 0.050447
vt 0.841844 0.028269
vt 0.796822 0.014612
vt 0.750000 0.010000
vt 0.703178 0.014612
vt 0.658156 0.028269
vt 0.616663 0.050447
vt 0.580294 0.080294
vt 0.550447 0.116663
vt 0.528269 0.158156
vt 0.514612 0.203178
vt 0.510000 0.250000
vt 0.514612 0.296822
vt 0.528269 0.341844
vt 0.550447 0.383337
vt 0.580294 0.419706
vt 0.616663 0.449553
vt 0.658156 0.471731
vt 0.703178 0.485388
vt 0.203178 0.485388
s 0
f 2617/5134/2617 2649/5135/2617 2618/5136/2617
f 2618/5136/2618 2649/5135/2618 2619/5137/2618
f 2619/5137/2619 2649/5135/2619 2620/5138/2619
f 2620/5138/2620 2649/5135/2620 2621/5139/2620
f 2621/5139/2621 2649/5135/2621 2622/5140/2621
f 2622/5140/2622 2649/5135/2622 2623/5141/2622
f 2623/5141/2623 2649/5135/2623 2624/5142/2623
f 2624/5142/2624 2649/5135/2624 2625/5143/2624
f 2625/5143/2625 2649/5135/2625 2626/5144/2625
f 2626/5144/2626 2649/5135/2626 2627/5145/2626
f 2627/5145/2627 2649/5135/2627 2628/5146/2627
f 2628/5146/2628 2649/5135/2628 2629/5147/2628
f 2629/5147/2629 2649/5135/2629 2630/5148/2629
f 2630/5148/2630 2649/5135/2630 2631/5149/2630
f 2631/5149/2631 2649/5135/2631 2632/5150/2631
f 2632/5150/2632 2649/5135/2632 2633/5151/2632
f 2633/5151/2633 2649/5135/2633 2634/5152/2633
f 2634/5152/2634 2649/5135/2634 2635/5153/2634
f 2635/5153/2635 2649/5135/2635 2636/5154/2635
f 2636/5154/2636 2649/5135/2636 2637/5155/2636
f 2637/5155/2637 2649/5135/2637 2638/5156/2637
f 2638/5156/2638 2649/5135/2638 2639/5157/2638
f 2639/5157/2639 2649/5135/2639 2640/5158/2639
f 2640/5158/2640 2649/5135/2640 2641/5159/2640
f 2641/5159/2641 2649/5135/2641 2642/5160/2641
f 2642/5160/2642 2649/5135/2642 2643/5161/2642
f 2643/5161/2643 2649/5135/2643 2644/5162/2643
f 2644/5162/2644 2649/5135/2644 2645/5163/2644
f 2645/5163/2645 2649/5135/2645 2646/5164/2645
f 2646/5164/2646 2649/5135/2646 2647/5165/2646
f 2617/5166/2647 2618/5167/2647 2619/5168/2647 2620/5169/2647 2621/5170/2647 2622/5171/2647 2623/5172/2647 2624/5173/2647 2625/5174/2647 2626/5175/2647 2627/5176/2647 2628/5177/2647 2629/5178/2647 2630/5179/2647 2631/5180/2647 2632/5181/2647 2633/5182/2647 2634/5183/2647 2635/5184/2647 2636/5185/2647 2637/5186/2647 2638/5187/2647 2639/5188/2647 2640/5189/2647 2641/5190/2647 2642/5191/2647 2643/5192/2647 2644/5193/2647 2645/5194/2647 2646/5195/2647 2647/5196/2647 2648/5197/2647
f 2647/5165/2648 2649/5135/2648 2648/5198/2648
f 2648/5198/2649 2649/5135/2649 2617/5134/2649
o Cone
v 0.238902 1.793617 0.735252
v 0.437455 1.780809 0.653108
v 0.618016 1.742877 0.542229
v 0.773646 1.681278 0.406877
v 0.898363 1.598380 0.252252
v 0.987375 1.497369 0.084298
v 1.037262 1.382126 -0.090532
v 1.046105 1.257079 -0.265519
v 1.013566 1.127036 -0.433939
v 0.940895 0.996992 -0.589318
v 0.830884 0.871946 -0.725686
v 0.687762 0.756703 -0.837803
v 0.517027 0.655691 -0.921359
v 0.325243 0.572793 -0.973144
v 0.119777 0.511194 -0.991168
v -0.091472 0.473262 -0.974738
v -0.300388 0.460453 -0.924485
v -0.498941 0.473262 -0.842341
v -0.679502 0.511194 -0.731462
v -0.835132 0.572792 -0.596110
v -0.959849 0.655690 -0.441485
v -1.048862 0.756702 -0.273531
v -1.098748 0.871945 -0.098701
v -1.107592 0.996991 0.076286
v -1.075053 1.127035 0.244706
v -1.002381 1.257079 0.400085
v -0.892371 1.382125 0.536453
v -0.749248 1.497368 0.648570
v -0.578514 1.598380 0.732126
v -0.386729 1.681278 0.783912
v -0.181264 1.742877 0.801935
v 0.029986 1.780809 0.785505
v 0.381234 -0.618119 1.173296
vn 0.3858 0.1869 0.9035
vn 0.5411 0.1661 0.8244
vn 0.6788 0.1253 0.7235
vn 0.7937 0.0661 0.6047
vn 0.8812 -0.0092 0.4726
vn 0.9381 -0.0978 0.3322
vn 0.9622 -0.1962 0.1889
vn 0.9525 -0.3007 0.0482
vn 0.9094 -0.4073 -0.0845
vn 0.8346 -0.5118 -0.2040
vn 0.7309 -0.6102 -0.3058
vn 0.6023 -0.6988 -0.3859
vn 0.4538 -0.7741 -0.4414
vn 0.2911 -0.8333 -0.4699
vn 0.1204 -0.8741 -0.4706
vn -0.0518 -0.8949 -0.4433
vn -0.2187 -0.8949 -0.3890
vn -0.3740 -0.8741 -0.3100
vn -0.5117 -0.8333 -0.2091
vn -0.6265 -0.7741 -0.0903
vn -0.7141 -0.6988 0.0418
vn -0.7710 -0.6102 0.1822
vn -0.7951 -0.5118 0.3255
vn -0.7853 -0.4073 0.4662
vn -0.7422 -0.3007 0.5989
vn -0.6674 -0.1962 0.7184
vn -0.5637 -0.0978 0.8202
vn -0.4351 -0.0092 0.9003
vn -0.2866 0.0661 0.9558
vn -0.1239 0.1253 0.9843
vn -0.1876 0.7947 -0.5773
vn 0.0468 0.1661 0.9850
vn 0.2189 0.1869 0.9577
vt 0.250000 0.490000
vt 0.250000 0.250000
vt 0.296822 0.485388
vt 0.341844 0.471731
vt 0.383337 0.449553
vt 0.419706 0.419706
vt 0.449553 0.383337
vt 0.471731 0.341844
vt 0.485388 0.296822
vt 0.490000 0.250000
vt 0.485388 0.203178
vt 0.471731 0.158156
vt 0.449553 0.116663
vt 0.419706 0.080294
vt 0.383337 0.050447
vt 0.341844 0.028269
vt 0.296822 0.014612
vt 0.250000 0.010000
vt 0.203178 0.014612
vt 0.158156 0.028269
vt 0.116663 0.050447
vt 0.080294 0.080294
vt 0.050447 0.116663
vt 0.028269 0.158156
vt 0.014612 0.203178
vt 0.010000 0.250000
vt 0.014612 0.296822
vt 0.028269 0.341844
vt 0.050447 0.383337
vt 0.080294 0.419706
vt 0.116663 0.449553
vt 0.158156 0.471731
vt 0.750000 0.490000
vt 0.796822 0.485388
vt 0.841844 0.471731
vt 0.883337 0.449553
vt 0.919706 0.419706
vt 0.949553 0.383337
vt 0.971731 0.341844
vt 0.985388 0.296822
vt 0.990000 0.250000
vt 0.985388 0.203178
vt 0.971731 0.158156
vt 0.949553 0.116663
vt 0.919706 0.080294
vt 0.883337 0.050447
vt 0.841844 0.028269
vt 0.796822 0.014612
vt 0.750000 0.010000
vt 0.703178 0.014612
vt 0.658156 0.028269
vt 0.616663 0.050447
vt 0.580294 0.080294
vt 0.550447 0.116663
vt 0.528269 0.158156
vt 0.514612 0.203178
vt 0.510000 0.250000
vt 0.514612 0.296822
vt 0.528269 0.341844
vt 0.550447 0.383337
vt 0.580294 0.419706
vt 0.616663 0.449553
vt 0.658156 0.471731
vt 0.703178 0.485388
vt 0.203178 0.485388
s 0
f 2650/5199/2650 2682/5200/2650 2651/5201/2650
f 2651/5201/2651 2682/5200/2651 2652/5202/2651
f 2652/5202/2652 2682/5200/2652 2653/5203/2652
f 2653/5203/2653 2682/5200/2653 2654/5204/2653
f 2654/5204/2654 2682/5200/2654 2655/5205/2654
f 2655/5205/2655 2682/5200/2655 2656/5206/2655
f 2656/5206/2656 2682/5200/2656 2657/5207/2656
f 2657/5207/2657 2682/5200/2657 2658/5208/2657
f 2658/5208/2658 2682/5200/2658 2659/5209/2658
f 2659/5209/2659 2682/5200/2659 2660/5210/2659
f 2660/5210/2660 2682/5200/2660 2661/5211/2660
f 2661/5211/2661 2682/5200/2661 2662/5212/2661
f 2662/5212/2662 2682/5200/2662 2663/5213/2662
f 2663/5213/2663 2682/5200/2663 2664/5214/2663
f 2664/5214/2664 2682/5200/2664 2665/5215/2664
f 2665/5215/2665 2682/5200/2665 2666/5216/2665
f 2666/5216/2666 2682/5200/2666 2667/5217/2666
f 2667/5217/2667 2682/5200/2667 2668/5218/2667
f 2668/5218/2668 2682/5200/2668 2669/5219/2668
f 2669/5219/2669 2682/5200/2669 2670/5220/2669
f 2670/5220/2670 2682/5200/2670 2671/5221/2670
f 2671/5221/2671 2682/5200/2671 2672/5222/2671
f 2672/5222/2672 2682/5200/2672 2673/5223/2672
f 2673/5223/2673 2682/5200/2673 2674/5224/2673
f 2674/5224/2674 2682/5200/2674 2675/5225/2674
f 2675/5225/2675 2682/5200/2675 2676/5226/2675
f 2676/5226/2676 2682/5200/2676 2677/5227/2676
f 2677/5227/2677 2682/5200/2677 2678/5228/2677
f 2678/5228/2678 2682/5200/2678 2679/5229/2678
f 2679/5229/2679 2682/5200/2679 2680/5230/2679
f 2650/5231/2680 2651/5232/2680 2652/5233/2680 2653/5234/2680 2654/5235/2680 2655/5236/2680 2656/5237/2680 2657/5238/2680 2658/5239/2680 2659/5240/2680 2660/5241/2680 2661/5242/2680 2662/5243/2680 2663/5244/2680 2664/5245/2680 2665/5246/2680 2666/5247/2680 2667/5248/2680 2668/5249/2680 2669/5250/2680 2670/5251/2680 2671/5252/2680 2672/5253/2680 2673/5254/2680 2674/5255/2680 2675/5256/2680 2676/5257/2680 2677/5258/2680 2678/5259/2680 2679/5260/2680 2680/5261/2680 2681/5262/2680
f 2680/5230/2681 2682/5200/2681 2681/5263/2681
f 2681/5263/2682 2682/5200/2682 2650/5199/2682
o Cone
v -0.702507 1.188127 0.674805
v -0.581795 1.330704 0.739031
v -0.438891 1.462715 0.773330
v -0.279287 1.579086 0.776386
v -0.109118 1.675345 0.748079
v 0.065078 1.747794 0.689498
v 0.236607 1.793647 0.602894
v 0.398876 1.811142 0.491595
v 0.545650 1.799608 0.359879
v 0.671289 1.759488 0.212807
v 0.770963 1.692323 0.056031
v 0.840843 1.600695 -0.104424
v 0.878244 1.488124 -0.262392
v 0.881727 1.358937 -0.411802
v 0.851159 1.218098 -0.546912
v 0.787715 1.071021 -0.662532
v 0.693833 0.923356 -0.754216
v 0.573121 0.780778 -0.818442
v 0.430217 0.648767 -0.852741
v 0.270613 0.532396 -0.855797
v 0.100444 0.436137 -0.827490
v -0.073752 0.363689 -0.768909
v -0.245281 0.317836 -0.682305
v -0.407550 0.300340 -0.571006
v -0.554324 0.311874 -0.439290
v -0.679963 0.351995 -0.292218
v -0.779637 0.419159 -0.135442
v -0.849517 0.510788 0.025013
v -0.886918 0.623359 0.182980
v -0.890401 0.752545 0.332391
v -0.859833 0.893384 0.467501
v -0.796389 1.040462 0.583121
v 0.945536 -0.277868 1.135538
vn -0.3594 -0.1130 0.9263
vn -0.2418 0.0096 0.9703
vn -0.1067 0.1205 0.9870
vn 0.0405 0.2154 0.9757
vn 0.1942 0.2907 0.9369
vn 0.3485 0.3435 0.8721
vn 0.4975 0.3718 0.7838
vn 0.6354 0.3744 0.6753
vn 0.7570 0.3514 0.5508
vn 0.8576 0.3035 0.4152
vn 0.9333 0.2326 0.2736
vn 0.9812 0.1415 0.1315
vn 0.9994 0.0336 -0.0057
vn 0.9873 -0.0870 -0.1327
vn 0.9454 -0.2155 -0.2446
vn 0.8751 -0.3471 -0.3372
vn 0.7794 -0.4766 -0.4068
vn 0.6617 -0.5992 -0.4507
vn 0.5267 -0.7100 -0.4674
vn 0.3795 -0.8050 -0.4561
vn 0.2257 -0.8803 -0.4174
vn 0.0714 -0.9331 -0.3526
vn -0.0776 -0.9613 -0.2642
vn -0.2155 -0.9640 -0.1557
vn -0.3371 -0.9409 -0.0313
vn -0.4377 -0.8931 0.1043
vn -0.5134 -0.8222 0.2459
vn -0.5613 -0.7310 0.3881
vn -0.5795 -0.6231 0.5253
vn -0.5674 -0.5026 0.6523
vn -0.4713 0.6617 -0.5831
vn -0.5255 -0.3741 0.7642
vn -0.4552 -0.2425 0.8567
vt 0.250000 0.490000
vt 0.250000 0.250000
vt 0.296822 0.485388
vt 0.341844 0.471731
vt 0.383337 0.449553
vt 0.419706 0.419706
vt 0.449553 0.383337
vt 0.471731 0.341844
vt 0.485388 0.296822
vt 0.490000 0.250000
vt 0.485388 0.203178
vt 0.471731 0.158156
vt 0.449553 0.116663
vt 0.419706 0.080294
vt 0.383337 0.050447
vt 0.341844 0.028269
vt 0.296822 0.014612
vt 0.250000 0.010000
vt 0.203178 0.014612
vt 0.158156 0.028269
vt 0.116663 0.050447
vt 0.080294 0.080294
vt 0.050447 0.116663
vt 0.028269 0.158156
vt 0.014612 0.203178
vt 0.010000 0.250000
vt 0.014612 0.296822
vt 0.028269 0.341844
vt 0.050447 0.383337
vt 0.080294 0.419706
vt 0.116663 0.449553
vt 0.158156 0.471731
vt 0.750000 0.490000
vt 0.796822 0.485388
vt 0.841844 0.471731
vt 0.883337 0.449553
vt 0.919706 0.419706
vt 0.949553 0.383337
vt 0.971731 0.341844
vt 0.985388 0.296822
vt 0.990000 0.250000
vt 0.985388 0.203178
vt 0.971731 0.158156
vt 0.949553 0.116663
vt 0.919706 0.080294
vt 0.883337 0.050447
vt 0.841844 0.028269
vt 0.796822 0.014612
vt 0.750000 0.010000
vt 0.703178 0.014612
vt 0.658156 0.028269
vt 0.616663 0.050447
vt 0.580294 0.080294
vt 0.550447 0.116663
vt 0.528269 0.158156
vt 0.514612 0.203178
vt 0.510000 0.250000
vt 0.514612 0.296822
vt 0.528269 0.341844
vt 0.550447 0.383337
vt 0.580294 0.419706
vt 0.616663 0.449553
vt 0.658156 0.471731
vt 0.703178 0.485388
vt 0.203178 0.485388
s 0
f 2683/5264/2683 2715/5265/2683 2684/5266/2683
f 2684/5266/2684 2715/5265/2684 2685/5267/2684
f 2685/5267/2685 2715/5265/2685 2686/5268/2685
f 2686/5268/2686 2715/5265/2686 2687/5269/2686
f 2687/5269/2687 2715/5265/2687 2688/5270/2687
f 2688/5270/2688 2715/5265/2688 2689/5271/2688
f 2689/5271/2689 2715/5265/2689 2690/5272/2689
f 2690/5272/2690 2715/5265/2690 2691/5273/2690
f 2691/5273/2691 2715/5265/2691 2692/5274/2691
f 2692/5274/2692 2715/5265/2692 2693/5275/2692
f 2693/5275/2693 2715/5265/2693 2694/5276/2693
f 2694/5276/2694 2715/5265/2694 2695/5277/2694
f 2695/5277/2695 2715/5265/2695 2696/5278/2695
f 2696/5278/2696 2715/5265/2696 2697/5279/2696
f 2697/5279/2697 2715/5265/2697 2698/5280/2697
f 2698/5280/2698 2715/5265/2698 2699/5281/2698
f 2699/5281/2699 2715/5265/2699 2700/5282/2699
f 2700/5282/2700 2715/5265/2700 2701/5283/2700
f 2701/5283/2701 2715/5265/2701 2702/5284/2701
f 2702/5284/2702 2715/5265/2702 2703/5285/2702
f 2703/5285/2703 2715/5265/2703 2704/5286/2703
f 2704/5286/2704 2715/5265/2704 2705/5287/2704
f 2705/5287/2705 2715/5265/2705 2706/5288/2705
f 2706/5288/2706 2715/5265/2706 2707/5289/2706
f 2707/5289/2707 2715/5265/2707 2708/5290/2707
f 2708/5290/2708 2715/5265/2708 2709/5291/2708
f 2709/5291/2709 2715/5265/2709 2710/5292/2709
f 2710/5292/2710 2715/5265/2710 2711/5293/2710
f 2711/5293/2711 2715/5265/2711 2712/5294/2711
f 2712/5294/2712 2715/5265/2712 2713/5295/2712
f 2683/5296/2713 2684/5297/2713 2685/5298/2713 2686/5299/2713 2687/5300/2713 2688/5301/2713 2689/5302/2713 2690/5303/2713 2691/5304/2713 2692/5305/2713 2693/5306/2713 2694/5307/2713 2695/5308/2713 2696/5309/2713 2697/5310/2713 2698/5311/2713 2699/5312/2713 2700/5313/2713 2701/5314/2713 2702/5315/2713 2703/5316/2713 2704/5317/2713 2705/5318/2713 2706/5319/2713 2707/5320/2713 2708/5321/2713 2709/5322/2713 2710/5323/2713 2711/5324/2713 2712/5325/2713 2713/5326/2713 2714/5327/2713
f 2713/5295/2714 2715/5265/2714 2714/5328/2714
f 2714/5328/2715 2715/5265/2715 2683/5264/2715
