# Blender 4.5.3 LTS
# www.blender.org
mtllib esfera3.mtl
o Sphere
v 0.000000 0.826144 -0.548476
v 0.000000 0.552012 -0.820853
v 0.000000 0.193841 -0.968262
v 0.000000 -0.193841 -0.968262
v 0.000000 -0.552012 -0.820853
v 0.073705 0.917962 -0.370538
v 0.136188 0.702578 -0.684665
v 0.177939 0.380232 -0.894557
v 0.192599 0.000000 -0.968262
v 0.177939 -0.380232 -0.894557
v 0.136188 -0.702578 -0.684664
v 0.073705 -0.917962 -0.370538
v 0.076443 0.973792 -0.184550
v 0.209893 0.826144 -0.506726
v 0.314127 0.552012 -0.758369
v 0.370538 0.193841 -0.894557
v 0.370538 -0.193841 -0.894557
v 0.314127 -0.552012 -0.758369
v 0.209893 -0.826144 -0.506726
v 0.076443 -0.973792 -0.184550
v 0.209893 0.917962 -0.314127
v 0.387831 0.702578 -0.580431
v 0.506726 0.380232 -0.758369
v 0.548476 0.000000 -0.820853
v 0.506726 -0.380232 -0.758369
v 0.387831 -0.702578 -0.580431
v 0.209893 -0.917962 -0.314127
v 0.141248 0.973792 -0.141248
v 0.387831 0.826144 -0.387831
v 0.580431 0.552012 -0.580431
v 0.684665 0.193841 -0.684664
v 0.684665 -0.193841 -0.684664
v 0.580431 -0.552012 -0.580431
v 0.387831 -0.826144 -0.387831
v 0.141248 -0.973792 -0.141248
v 0.314127 0.917962 -0.209893
v 0.580431 0.702578 -0.387831
v 0.758369 0.380232 -0.506726
v 0.820853 0.000000 -0.548476
v 0.758369 -0.380232 -0.506726
v 0.580431 -0.702578 -0.387831
v 0.314127 -0.917962 -0.209893
v 0.000000 0.997577 0.000000
v 0.184550 0.973792 -0.076443
v 0.506726 0.826144 -0.209893
v 0.758369 0.552012 -0.314127
v 0.894557 0.193841 -0.370538
v 0.894557 -0.193841 -0.370538
v 0.758369 -0.552012 -0.314127
v 0.506726 -0.826144 -0.209893
v 0.184550 -0.973792 -0.076443
v 0.370538 0.917962 -0.073705
v 0.684664 0.702578 -0.136188
v 0.894557 0.380232 -0.177939
v 0.968262 0.000000 -0.192599
v 0.894557 -0.380232 -0.177938
v 0.684664 -0.702578 -0.136188
v 0.370538 -0.917962 -0.073705
v 0.199755 0.973792 0.000000
v 0.548476 0.826144 0.000000
v 0.820853 0.552012 0.000000
v 0.968262 0.193841 0.000000
v 0.968262 -0.193841 0.000000
v 0.820853 -0.552012 0.000000
v 0.548476 -0.826144 0.000000
v 0.199755 -0.973792 0.000000
v 0.370538 0.917962 0.073705
v 0.684664 0.702578 0.136188
v 0.894557 0.380232 0.177939
v 0.968262 0.000000 0.192599
v 0.894557 -0.380232 0.177939
v 0.684664 -0.702578 0.136188
v 0.370538 -0.917962 0.073705
v 0.184550 0.973792 0.076443
v 0.506726 0.826144 0.209893
v 0.758369 0.552012 0.314127
v 0.894557 0.193841 0.370538
v 0.894557 -0.193841 0.370538
v 0.758369 -0.552012 0.314127
v 0.506726 -0.826144 0.209893
v 0.184550 -0.973792 0.076443
v 0.314127 0.917962 0.209893
v 0.580431 0.702578 0.387831
v 0.758369 0.380232 0.506726
v 0.820852 0.000000 0.548476
v 0.758369 -0.380232 0.506726
v 0.580430 -0.702578 0.387831
v 0.314127 -0.917962 0.209893
v 0.141248 0.973792 0.141248
v 0.387831 0.826144 0.387831
v 0.580430 0.552012 0.580430
v 0.684664 0.193841 0.684664
v 0.684664 -0.193841 0.684664
v 0.580430 -0.552012 0.580430
v 0.387831 -0.826144 0.387831
v 0.141248 -0.973792 0.141248
v 0.209893 0.917962 0.314127
v 0.387831 0.702578 0.580430
v 0.506726 0.380232 0.758369
v 0.548476 0.000000 0.820853
v 0.506726 -0.380232 0.758369
v 0.387831 -0.702578 0.580430
v 0.209893 -0.917962 0.314127
v 0.076443 0.973792 0.184550
v 0.209893 0.826144 0.506726
v 0.314127 0.552012 0.758369
v 0.370538 0.193841 0.894557
v 0.370538 -0.193841 0.894557
v 0.314127 -0.552012 0.758369
v 0.209893 -0.826144 0.506726
v 0.076443 -0.973792 0.184550
v 0.073704 0.917962 0.370538
v 0.136188 0.702578 0.684664
v 0.177938 0.380232 0.894557
v 0.192599 0.000000 0.968261
v 0.177938 -0.380232 0.894557
v 0.136188 -0.702578 0.684664
v 0.073704 -0.917962 0.370538
v -0.000000 0.973792 0.199755
v -0.000000 0.826144 0.548476
v -0.000000 0.552012 0.820853
v -0.000000 0.193841 0.968262
v -0.000000 -0.193841 0.968262
v -0.000000 -0.552012 0.820853
v -0.000000 -0.826144 0.548476
v -0.000000 -0.973792 0.199755
v -0.073705 0.917962 0.370538
v -0.136188 0.702578 0.684664
v -0.177938 0.380232 0.894557
v -0.192599 0.000000 0.968261
v -0.177938 -0.380232 0.894557
v -0.136188 -0.702578 0.684664
v -0.073705 -0.917962 0.370538
v -0.076443 0.973792 0.184550
v -0.209893 0.826144 0.506726
v -0.314127 0.552012 0.758369
v -0.370538 0.193841 0.894557
v -0.370538 -0.193841 0.894557
v -0.314127 -0.552012 0.758369
v -0.209893 -0.826144 0.506726
v -0.076443 -0.973792 0.184550
v -0.209893 0.917962 0.314127
v -0.387831 0.702578 0.580430
v -0.506726 0.380232 0.758369
v -0.548476 0.000000 0.820852
v -0.506726 -0.380232 0.758369
v -0.387831 -0.702578 0.580430
v -0.209893 -0.917962 0.314127
v -0.141248 0.973792 0.141248
v -0.387831 0.826144 0.387831
v -0.580430 0.552012 0.580430
v -0.684664 0.193841 0.684664
v -0.684664 -0.193841 0.684664
v -0.580430 -0.552012 0.580430
v -0.387831 -0.826144 0.387831
v -0.141248 -0.973792 0.141248
v 0.000000 -0.997577 0.000000
v -0.314127 0.917962 0.209893
v -0.580430 0.702578 0.387831
v -0.758369 0.380232 0.506726
v -0.820852 0.000000 0.548476
v -0.758369 -0.380232 0.506726
v -0.580430 -0.702578 0.387831
v -0.314127 -0.917962 0.209893
v -0.184550 0.973792 0.076443
v -0.506726 0.826144 0.209893
v -0.758369 0.552012 0.314126
v -0.894557 0.193841 0.370537
v -0.894557 -0.193841 0.370537
v -0.758369 -0.552012 0.314127
v -0.506726 -0.826144 0.209893
v -0.184550 -0.973792 0.076443
v -0.370538 0.917962 0.073704
v -0.684664 0.702578 0.136188
v -0.894557 0.380232 0.177938
v -0.968261 0.000000 0.192599
v -0.894557 -0.380232 0.177938
v -0.684664 -0.702578 0.136188
v -0.370538 -0.917962 0.073704
v -0.199755 0.973792 -0.000000
v -0.548476 0.826144 -0.000000
v -0.820852 0.552012 -0.000000
v -0.968261 0.193841 -0.000000
v -0.968261 -0.193841 -0.000000
v -0.820852 -0.552012 -0.000000
v -0.548476 -0.826144 -0.000000
v -0.199755 -0.973792 -0.000000
v -0.370538 0.917962 -0.073705
v -0.684664 0.702578 -0.136188
v -0.894557 0.380232 -0.177939
v -0.968261 0.000000 -0.192600
v -0.894557 -0.380232 -0.177938
v -0.684664 -0.702578 -0.136188
v -0.370538 -0.917962 -0.073705
v -0.184550 0.973792 -0.076443
v -0.506726 0.826144 -0.209893
v -0.758369 0.552012 -0.314127
v -0.894557 0.193841 -0.370538
v -0.894557 -0.193841 -0.370538
v -0.758369 -0.552012 -0.314127
v -0.506726 -0.826144 -0.209893
v -0.184550 -0.973792 -0.076443
v -0.314126 0.917962 -0.209893
v -0.580430 0.702578 -0.387831
v -0.758369 0.380232 -0.506726
v -0.820852 0.000000 -0.548476
v -0.758369 -0.380232 -0.506726
v -0.580430 -0.702578 -0.387831
v -0.314126 -0.917962 -0.209893
v -0.141248 0.973792 -0.141248
v -0.387831 0.826144 -0.387831
v -0.580430 0.552012 -0.580430
v -0.684664 0.193841 -0.684664
v -0.684664 -0.193841 -0.684664
v -0.580430 -0.552012 -0.580430
v -0.387831 -0.826144 -0.387831
v -0.141248 -0.973792 -0.141248
v -0.209893 0.917962 -0.314127
v -0.387831 0.702578 -0.580430
v -0.506726 0.380232 -0.758369
v -0.548475 0.000000 -0.820852
v -0.506726 -0.380232 -0.758369
v -0.387831 -0.702578 -0.580430
v -0.209893 -0.917962 -0.314127
v -0.076443 0.973792 -0.184550
v -0.209892 0.826144 -0.506726
v -0.314126 0.552012 -0.758369
v -0.370537 0.193841 -0.894557
v -0.370537 -0.193841 -0.894557
v -0.314126 -0.552012 -0.758369
v -0.209892 -0.826144 -0.506726
v -0.076443 -0.973792 -0.184550
v -0.073704 0.917962 -0.370538
v -0.136188 0.702578 -0.684664
v -0.177938 0.380232 -0.894557
v -0.192599 0.000000 -0.968261
v -0.177938 -0.380232 -0.894557
v -0.136188 -0.702578 -0.684664
v -0.073704 -0.917962 -0.370538
v 0.000000 0.973792 -0.199755
v 0.000000 -0.826144 -0.548476
v 0.000000 -0.973792 -0.199755
v 0.343585 -0.825559 -0.418442
v 0.253053 -0.865719 -0.378721
v 0.255106 -0.825559 -0.477562
v 0.341531 -0.758621 -0.511138
v 0.306132 0.193233 -0.907491
v 0.190025 0.066754 -0.955322
v 0.064453 0.193233 -0.955564
v 0.180463 0.314756 -0.907249
v -0.023218 0.917599 -0.371395
v 0.000000 0.925614 -0.313543
v 0.023219 0.917599 -0.371395
v 0.000000 0.879102 -0.423397
v 0.029344 -0.973827 -0.193747
v 0.046185 -0.947688 -0.232189
v 0.047034 -0.973827 -0.190228
v 0.029129 -0.966112 -0.146443
v 0.000000 -0.127102 -0.968262
v -0.126288 0.000000 -0.968261
v 0.000000 0.127102 -0.968262
v 0.126288 0.000000 -0.968262
v 0.352010 0.917599 -0.120676
v 0.391168 0.879102 -0.162027
v 0.334239 0.917599 -0.163578
v 0.289676 0.925615 -0.119988
v 0.101254 -0.973827 -0.167770
v 0.131525 -0.947688 -0.196840
v 0.116251 -0.973827 -0.157749
v 0.082953 -0.966112 -0.124148
v 0.447861 0.379205 -0.783209
v 0.360219 0.259359 -0.869645
v 0.237127 0.379205 -0.870498
v 0.324063 0.488926 -0.782356
v 0.773964 0.000000 -0.595365
v 0.684665 -0.127102 -0.684664
v 0.595365 0.000000 -0.773964
v 0.684665 0.127102 -0.684664
v -0.114048 -0.379205 -0.894980
v 0.000000 -0.259359 -0.941297
v 0.114048 -0.379205 -0.894980
v 0.000000 -0.488926 -0.846816
v -0.078623 0.701624 -0.685612
v 0.000000 0.770125 -0.604136
v 0.078623 0.701624 -0.685612
v 0.000000 0.611865 -0.761382
v 0.447861 -0.379205 -0.783209
v 0.324063 -0.488926 -0.782356
v 0.237127 -0.379205 -0.870498
v 0.360219 -0.259359 -0.869645
v -0.078623 -0.701624 -0.685612
v 0.000000 -0.611865 -0.761383
v 0.078623 -0.701624 -0.685612
v 0.000000 -0.770125 -0.604136
v 0.157749 -0.973827 -0.116251
v 0.196840 -0.947688 -0.131524
v 0.167770 -0.973827 -0.101254
v 0.124148 -0.966112 -0.082953
v 0.157300 0.825559 -0.518075
v 0.119930 0.758621 -0.602928
v 0.052932 0.825559 -0.538834
v 0.088860 0.865719 -0.446731
v 0.254369 -0.550869 -0.771029
v 0.143935 -0.642770 -0.723608
v 0.060054 -0.550869 -0.809681
v 0.169761 -0.443371 -0.853445
v 0.942886 -0.000000 -0.253862
v 0.894557 -0.127102 -0.370538
v 0.846229 -0.000000 -0.487213
v 0.894557 0.127102 -0.370538
v 0.541147 -0.066754 -0.809883
v 0.630111 -0.193233 -0.721261
v 0.513915 -0.314756 -0.769129
v 0.425225 -0.193233 -0.858161
v 0.254369 0.550869 -0.771029
v 0.169761 0.443371 -0.853445
v 0.060054 0.550869 -0.809681
v 0.143935 0.642770 -0.723608
v 0.157300 -0.825559 -0.518075
v 0.088860 -0.865719 -0.446731
v 0.052933 -0.825559 -0.538834
v 0.119930 -0.758621 -0.602928
v 0.540396 0.701624 -0.429206
v 0.538379 0.611865 -0.538379
v 0.429206 0.701624 -0.540396
v 0.427189 0.770125 -0.427189
v 0.487213 0.000000 -0.846229
v 0.370538 -0.127102 -0.894557
v 0.253863 0.000000 -0.942886
v 0.370538 0.127102 -0.894557
v 0.530066 -0.550869 -0.614995
v 0.409891 -0.642770 -0.613445
v 0.365334 -0.550869 -0.725066
v 0.483438 -0.443371 -0.723516
v 0.598790 0.488926 -0.598790
v 0.713491 0.379205 -0.552202
v 0.665598 0.259359 -0.665598
v 0.552202 0.379205 -0.713491
v 0.477562 -0.825559 -0.255106
v 0.378721 -0.865719 -0.253053
v 0.418442 -0.825559 -0.343585
v 0.511138 -0.758621 -0.341531
v -0.023218 -0.917599 -0.371395
v 0.000000 -0.879102 -0.423397
v 0.023219 -0.917599 -0.371395
v 0.000000 -0.925615 -0.313542
v 0.101254 0.973827 -0.167770
v 0.082953 0.966112 -0.124148
v 0.116251 0.973827 -0.157749
v 0.131524 0.947688 -0.196840
v 0.279034 -0.917599 -0.246198
v 0.221708 -0.925615 -0.221708
v 0.246198 -0.917599 -0.279034
v 0.299387 -0.879102 -0.299387
v 0.540396 -0.701624 -0.429206
v 0.427189 -0.770125 -0.427189
v 0.429206 -0.701624 -0.540396
v 0.538379 -0.611865 -0.538379
v 0.685612 -0.701624 0.078623
v 0.604136 -0.770125 0.000000
v 0.685612 -0.701624 -0.078623
v 0.761383 -0.611865 0.000000
v 0.713491 -0.379205 -0.552202
v 0.598790 -0.488926 -0.598790
v 0.552202 -0.379205 -0.713491
v 0.665598 -0.259359 -0.665598
v 0.725066 0.550869 -0.365334
v 0.723516 0.443371 -0.483438
v 0.614995 0.550869 -0.530066
v 0.613445 0.642770 -0.409891
v 0.870498 -0.379205 -0.237127
v 0.782356 -0.488926 -0.324063
v 0.783209 -0.379205 -0.447861
v 0.869645 -0.259359 -0.360219
v 0.968262 0.000000 0.126288
v 0.968262 -0.127102 0.000000
v 0.968262 -0.000000 -0.126288
v 0.968262 0.127102 0.000000
v 0.518074 0.825559 0.157300
v 0.602928 0.758621 0.119930
v 0.538834 0.825559 0.052932
v 0.446731 0.865719 0.088860
v 0.391168 -0.879102 -0.162027
v 0.352010 -0.917599 -0.120676
v 0.289676 -0.925615 -0.119988
v 0.334239 -0.917599 -0.163578
v 0.725066 -0.550869 -0.365334
v 0.613445 -0.642770 -0.409891
v 0.614995 -0.550869 -0.530066
v 0.723516 -0.443371 -0.483438
v 0.663511 -0.701624 -0.189734
v 0.558149 -0.770125 -0.231193
v 0.603336 -0.701624 -0.335011
v 0.703426 -0.611865 -0.291368
v 0.477562 0.825559 -0.255106
v 0.511138 0.758621 -0.341531
v 0.418442 0.825559 -0.343585
v 0.378721 0.865719 -0.253053
v 0.858161 0.193233 -0.425225
v 0.809883 0.066754 -0.541146
v 0.721261 0.193233 -0.630110
v 0.769129 0.314756 -0.513915
v 0.907491 0.193233 0.306132
v 0.955322 0.066754 0.190025
v 0.955564 0.193233 0.064453
v 0.907249 0.314756 0.180463
v 0.167770 0.973827 -0.101254
v 0.196840 0.947688 -0.131524
v 0.157749 0.973827 -0.116251
v 0.124148 0.966112 -0.082953
v 0.782356 0.488926 -0.324063
v 0.870498 0.379205 -0.237127
v 0.869645 0.259359 -0.360219
v 0.783209 0.379205 -0.447861
v 0.538834 -0.825559 -0.052932
v 0.446731 -0.865719 -0.088860
v 0.518074 -0.825559 -0.157300
v 0.602928 -0.758621 -0.119930
v 0.809681 0.550869 -0.060054
v 0.853445 0.443371 -0.169761
v 0.771029 0.550869 -0.254368
v 0.723608 0.642770 -0.143935
v 0.858161 -0.193233 -0.425225
v 0.769129 -0.314756 -0.513915
v 0.721261 -0.193233 -0.630110
v 0.809883 -0.066754 -0.541146
v 0.894980 -0.379205 0.114048
v 0.846816 -0.488926 0.000000
v 0.894980 -0.379205 -0.114048
v 0.941297 -0.259359 0.000000
v 0.771029 0.550869 0.254369
v 0.853445 0.443371 0.169761
v 0.809681 0.550869 0.060054
v 0.723608 0.642770 0.143935
v 0.663511 0.701624 -0.189734
v 0.703426 0.611865 -0.291368
v 0.603336 0.701624 -0.335011
v 0.558149 0.770125 -0.231193
v 0.685612 0.701624 0.078623
v 0.761383 0.611865 0.000000
v 0.685612 0.701624 -0.078623
v 0.604136 0.770125 0.000000
v 0.809681 -0.550869 -0.060054
v 0.723608 -0.642770 -0.143935
v 0.771029 -0.550869 -0.254368
v 0.853445 -0.443371 -0.169761
v 0.423397 -0.879102 -0.000000
v 0.371395 -0.917599 0.023219
v 0.313543 -0.925615 0.000000
v 0.371395 -0.917599 -0.023219
v 0.955564 0.193233 -0.064453
v 0.955322 0.066754 -0.190025
v 0.907491 0.193233 -0.306132
v 0.907249 0.314756 -0.180463
v 0.190228 -0.973827 -0.047034
v 0.232189 -0.947688 -0.046185
v 0.193747 -0.973827 -0.029344
v 0.146443 -0.966112 -0.029129
v 0.193747 0.973827 -0.029344
v 0.232189 0.947688 -0.046185
v 0.190228 0.973827 -0.047034
v 0.146443 0.966112 -0.029129
v 0.446731 0.865719 -0.088860
v 0.538834 0.825559 -0.052932
v 0.602928 0.758621 -0.119930
v 0.518074 0.825559 -0.157300
v 0.603335 0.701624 0.335011
v 0.703426 0.611865 0.291368
v 0.663511 0.701624 0.189734
v 0.558149 0.770125 0.231193
v 0.518074 -0.825559 0.157300
v 0.446731 -0.865719 0.088860
v 0.538834 -0.825559 0.052932
v 0.602928 -0.758621 0.119930
v 0.907491 -0.193233 0.306132
v 0.907249 -0.314756 0.180463
v 0.955564 -0.193233 0.064453
v 0.955322 -0.066754 0.190025
v 0.955564 -0.193233 -0.064453
v 0.907249 -0.314756 -0.180463
v 0.907491 -0.193233 -0.306132
v 0.955322 -0.066754 -0.190025
v 0.371395 0.917599 0.023219
v 0.423397 0.879102 0.000000
v 0.371395 0.917599 -0.023219
v 0.313543 0.925615 0.000000
v 0.614995 0.550869 0.530066
v 0.723516 0.443371 0.483438
v 0.725065 0.550869 0.365334
v 0.613445 0.642770 0.409891
v 0.425225 0.193233 0.858161
v 0.541146 0.066754 0.809883
v 0.630110 0.193233 0.721261
v 0.513915 0.314756 0.769129
v 0.429206 0.701624 0.540396
v 0.538379 0.611865 0.538379
v 0.540396 0.701624 0.429206
v 0.427189 0.770125 0.427189
v 0.783209 -0.379205 0.447861
v 0.782356 -0.488926 0.324063
v 0.870498 -0.379205 0.237127
v 0.869645 -0.259359 0.360219
v 0.246198 0.917599 0.279034
v 0.299387 0.879102 0.299387
v 0.279034 0.917599 0.246198
v 0.221708 0.925615 0.221708
v 0.193747 -0.973827 0.029344
v 0.232189 -0.947688 0.046185
v 0.190228 -0.973827 0.047034
v 0.146443 -0.966112 0.029129
v 0.894980 0.379205 0.114048
v 0.941297 0.259359 0.000000
v 0.894980 0.379205 -0.114048
v 0.846816 0.488926 0.000000
v 0.853445 -0.443371 0.169761
v 0.771029 -0.550869 0.254369
v 0.723608 -0.642770 0.143935
v 0.809681 -0.550869 0.060054
v 0.783209 0.379205 0.447861
v 0.869645 0.259359 0.360219
v 0.870498 0.379205 0.237127
v 0.782356 0.488926 0.324063
v 0.167769 -0.973827 0.101254
v 0.196840 -0.947688 0.131524
v 0.157749 -0.973827 0.116251
v 0.124148 -0.966112 0.082953
v 0.418442 -0.825559 0.343585
v 0.378720 -0.865719 0.253053
v 0.477562 -0.825559 0.255106
v 0.511138 -0.758621 0.341531
v 0.064453 0.193233 0.955563
v 0.190025 0.066754 0.955322
v 0.306131 0.193233 0.907491
v 0.180463 0.314756 0.907249
v 0.552202 0.379205 0.713491
v 0.665597 0.259359 0.665597
v 0.713491 0.379205 0.552202
v 0.598790 0.488926 0.598790
v 0.193747 0.973827 0.029344
v 0.146442 0.966112 0.029129
v 0.190228 0.973827 0.047034
v 0.232189 0.947688 0.046185
v 0.334239 0.917599 0.163578
v 0.391168 0.879102 0.162027
v 0.352010 0.917599 0.120676
v 0.289676 0.925615 0.119988
v 0.603335 -0.701624 0.335011
v 0.558149 -0.770125 0.231193
v 0.663511 -0.701624 0.189734
v 0.703426 -0.611865 0.291369
v 0.894557 0.127102 0.370538
v 0.846229 0.000000 0.487213
v 0.894557 -0.127102 0.370538
v 0.942886 -0.000000 0.253863
v 0.429206 -0.701624 0.540396
v 0.427189 -0.770125 0.427189
v 0.540396 -0.701624 0.429206
v 0.538379 -0.611865 0.538379
v 0.552202 -0.379205 0.713491
v 0.598790 -0.488926 0.598790
v 0.713491 -0.379205 0.552202
v 0.665597 -0.259359 0.665597
v 0.409891 0.642770 0.613445
v 0.365334 0.550869 0.725066
v 0.483438 0.443371 0.723516
v 0.530066 0.550869 0.614995
v 0.418442 0.825559 0.343585
v 0.511138 0.758621 0.341531
v 0.477562 0.825559 0.255106
v 0.378720 0.865719 0.253053
v 0.120676 0.917599 0.352010
v 0.162027 0.879102 0.391168
v 0.163578 0.917599 0.334239
v 0.119987 0.925615 0.289675
v 0.334239 -0.917599 0.163578
v 0.289675 -0.925615 0.119988
v 0.352010 -0.917599 0.120676
v 0.391168 -0.879102 0.162027
v 0.721261 -0.193233 0.630111
v 0.769129 -0.314756 0.513915
v 0.858161 -0.193233 0.425225
v 0.809883 -0.066754 0.541147
v 0.246198 -0.917599 0.279034
v 0.221708 -0.925615 0.221708
v 0.279034 -0.917599 0.246198
v 0.299387 -0.879102 0.299387
v 0.120676 -0.917599 0.352010
v 0.119987 -0.925615 0.289675
v 0.163578 -0.917599 0.334239
v 0.162027 -0.879102 0.391168
v 0.255106 -0.825559 0.477562
v 0.253053 -0.865719 0.378720
v 0.343585 -0.825559 0.418442
v 0.341531 -0.758621 0.511138
v 0.060054 -0.550869 0.809680
v 0.143935 -0.642770 0.723608
v 0.254368 -0.550869 0.771029
v 0.169761 -0.443371 0.853445
v 0.167769 0.973827 0.101254
v 0.124148 0.966112 0.082953
v 0.157749 0.973827 0.116251
v 0.196841 0.947688 0.131525
v 0.684664 0.127102 0.684664
v 0.595365 0.000000 0.773964
v 0.684664 -0.127102 0.684664
v 0.773964 -0.000000 0.595365
v 0.143935 0.642770 0.723608
v 0.060054 0.550869 0.809680
v 0.169761 0.443371 0.853445
v 0.254368 0.550869 0.771029
v 0.116251 -0.973827 0.157749
v 0.131524 -0.947688 0.196840
v 0.101254 -0.973827 0.167769
v 0.082953 -0.966112 0.124148
v 0.237127 0.379205 0.870498
v 0.360219 0.259359 0.869645
v 0.447861 0.379205 0.783209
v 0.324062 0.488926 0.782356
v 0.614995 -0.550869 0.530066
v 0.613445 -0.642770 0.409891
v 0.725065 -0.550869 0.365334
v 0.723516 -0.443371 0.483438
v 0.189734 -0.701624 0.663511
v 0.231193 -0.770125 0.558149
v 0.335011 -0.701624 0.603335
v 0.291368 -0.611865 0.703426
v 0.237127 -0.379205 0.870498
v 0.324062 -0.488926 0.782356
v 0.447861 -0.379205 0.783209
v 0.360219 -0.259359 0.869645
v 0.255106 0.825559 0.477562
v 0.341531 0.758621 0.511138
v 0.343585 0.825559 0.418442
v 0.253053 0.865719 0.378720
v -0.114048 0.379205 0.894980
v -0.000000 0.259359 0.941297
v 0.114048 0.379205 0.894980
v -0.000000 0.488926 0.846816
v 0.425225 -0.193233 0.858161
v 0.513915 -0.314756 0.769129
v 0.630110 -0.193233 0.721261
v 0.541146 -0.066754 0.809883
v 0.189734 0.701624 0.663511
v 0.291368 0.611865 0.703426
v 0.335011 0.701624 0.603335
v 0.231193 0.770125 0.558149
v 0.064453 -0.193233 0.955563
v 0.180463 -0.314756 0.907249
v 0.306132 -0.193233 0.907491
v 0.190025 -0.066754 0.955322
v 0.116251 0.973827 0.157749
v 0.082953 0.966112 0.124148
v 0.101254 0.973827 0.167769
v 0.131524 0.947688 0.196840
v 0.047034 -0.973827 0.190228
v 0.046185 -0.947688 0.232189
v 0.029344 -0.973827 0.193747
v 0.029129 -0.966112 0.146442
v 0.365334 -0.550869 0.725066
v 0.409891 -0.642770 0.613445
v 0.530066 -0.550869 0.614995
v 0.483438 -0.443371 0.723516
v -0.306132 0.193233 0.907490
v -0.190026 0.066754 0.955322
v -0.064453 0.193233 0.955563
v -0.180463 0.314756 0.907249
v -0.114048 -0.379205 0.894980
v -0.000000 -0.488926 0.846816
v 0.114048 -0.379205 0.894980
v -0.000000 -0.259359 0.941297
v -0.000000 0.925615 0.313542
v -0.023219 0.917599 0.371395
v -0.000000 0.879102 0.423397
v 0.023218 0.917599 0.371395
v 0.052932 0.825559 0.538834
v 0.119930 0.758621 0.602928
v 0.157300 0.825559 0.518074
v 0.088860 0.865719 0.446731
v 0.119930 -0.758621 0.602928
v 0.052932 -0.825559 0.538834
v 0.088860 -0.865719 0.446731
v 0.157300 -0.825559 0.518074
v -0.023219 -0.917599 0.371395
v -0.000000 -0.925615 0.313542
v 0.023218 -0.917599 0.371395
v -0.000000 -0.879102 0.423397
v -0.078623 -0.701624 0.685612
v -0.000000 -0.770125 0.604136
v 0.078623 -0.701624 0.685612
v -0.000000 -0.611865 0.761382
v -0.078623 0.701624 0.685612
v -0.000000 0.611865 0.761382
v 0.078623 0.701624 0.685612
v -0.000000 0.770125 0.604136
v 0.253862 0.000000 0.942885
v 0.370538 -0.127102 0.894557
v 0.487213 -0.000000 0.846229
v 0.370538 0.127102 0.894557
v -0.306132 -0.193233 0.907491
v -0.180463 -0.314756 0.907249
v -0.064453 -0.193233 0.955563
v -0.190026 -0.066754 0.955322
v 0.047034 0.973827 0.190228
v 0.029129 0.966112 0.146443
v 0.029344 0.973827 0.193747
v 0.046185 0.947688 0.232189
v -0.029344 -0.973827 0.193747
v -0.046185 -0.947688 0.232189
v -0.047034 -0.973827 0.190228
v -0.029129 -0.966112 0.146442
v -0.360219 -0.259359 0.869645
v -0.447861 -0.379205 0.783209
v -0.324063 -0.488926 0.782356
v -0.237127 -0.379205 0.870498
v -0.254368 -0.550869 0.771029
v -0.143935 -0.642770 0.723608
v -0.060054 -0.550869 0.809680
v -0.169761 -0.443371 0.853445
v -0.530066 0.550869 0.614995
v -0.483438 0.443371 0.723515
v -0.365334 0.550869 0.725065
v -0.409891 0.642770 0.613445
v -0.163578 -0.917599 0.334239
v -0.119988 -0.925615 0.289675
v -0.120676 -0.917599 0.352010
v -0.162027 -0.879102 0.391168
v -0.157300 0.825559 0.518074
v -0.119930 0.758621 0.602928
v -0.052932 0.825559 0.538834
v -0.088860 0.865719 0.446731
v -0.119930 -0.758621 0.602928
v -0.157300 -0.825559 0.518074
v -0.088860 -0.865719 0.446731
v -0.052932 -0.825559 0.538834
v -0.335011 0.701624 0.603335
v -0.291368 0.611865 0.703426
v -0.189734 0.701624 0.663511
v -0.231193 0.770125 0.558149
v -0.335011 -0.701624 0.603335
v -0.231193 -0.770125 0.558149
v -0.189734 -0.701624 0.663511
v -0.291368 -0.611865 0.703426
v -0.487213 -0.000000 0.846228
v -0.370538 -0.127102 0.894557
v -0.253863 0.000000 0.942885
v -0.370538 0.127102 0.894557
v -0.126289 0.000000 0.968261
v -0.000000 -0.127102 0.968262
v 0.126288 0.000000 0.968261
v -0.000000 0.127102 0.968262
v -0.163578 0.917599 0.334239
v -0.162027 0.879102 0.391168
v -0.120676 0.917599 0.352010
v -0.119988 0.925615 0.289675
v -0.540396 0.701624 0.429206
v -0.538379 0.611865 0.538379
v -0.429206 0.701624 0.540396
v -0.427189 0.770125 0.427189
v -0.352010 0.917599 0.120676
v -0.391168 0.879102 0.162027
v -0.334239 0.917599 0.163578
v -0.289675 0.925615 0.119987
v -0.029344 0.973827 0.193747
v -0.029129 0.966112 0.146442
v -0.047034 0.973827 0.190228
v -0.046185 0.947688 0.232189
v -0.082953 -0.966112 0.124148
v -0.101254 -0.973827 0.167769
v -0.131525 -0.947688 0.196840
v -0.116251 -0.973827 0.157749
v -0.101254 0.973827 0.167769
v -0.082953 0.966112 0.124148
v -0.116251 0.973827 0.157749
v -0.131524 0.947688 0.196840
v -0.630110 -0.193233 0.721260
v -0.513915 -0.314756 0.769129
v -0.425225 -0.193233 0.858160
v -0.541146 -0.066754 0.809882
v -0.447861 0.379205 0.783209
v -0.360219 0.259359 0.869645
v -0.237127 0.379205 0.870498
v -0.324063 0.488926 0.782356
v -0.254368 0.550869 0.771029
v -0.169761 0.443371 0.853445
v -0.060054 0.550869 0.809680
v -0.143935 0.642770 0.723608
v -0.513915 0.314756 0.769129
v -0.630110 0.193233 0.721260
v -0.541146 0.066754 0.809882
v -0.425225 0.193233 0.858160
v -0.725065 0.550869 0.365334
v -0.723515 0.443371 0.483437
v -0.614995 0.550869 0.530066
v -0.613445 0.642770 0.409891
v -0.343585 0.825559 0.418442
v -0.341531 0.758621 0.511138
v -0.255106 0.825559 0.477562
v -0.253053 0.865719 0.378720
v -0.540396 -0.701624 0.429206
v -0.427189 -0.770125 0.427189
v -0.429206 -0.701624 0.540396
v -0.538379 -0.611865 0.538379
v -0.538834 -0.825559 0.052932
v -0.446731 -0.865719 0.088860
v -0.518074 -0.825559 0.157300
v -0.602928 -0.758621 0.119930
v -0.279034 0.917599 0.246198
v -0.299387 0.879102 0.299387
v -0.246198 0.917599 0.279034
v -0.221708 0.925615 0.221708
v -0.530066 -0.550869 0.614995
v -0.409891 -0.642770 0.613445
v -0.365334 -0.550869 0.725065
v -0.483438 -0.443371 0.723515
v -0.725065 -0.550869 0.365334
v -0.613445 -0.642770 0.409891
v -0.614995 -0.550869 0.530066
v -0.723515 -0.443371 0.483437
v -0.538834 0.825559 0.052932
v -0.602928 0.758621 0.119930
v -0.518074 0.825559 0.157300
v -0.446731 0.865719 0.088860
v -0.858161 -0.193233 0.425225
v -0.769129 -0.314756 0.513915
v -0.721261 -0.193233 0.630110
v -0.809883 -0.066754 0.541146
v -0.558149 0.770125 0.231193
v -0.663511 0.701624 0.189734
v -0.703426 0.611865 0.291368
v -0.603335 0.701624 0.335011
v -0.279034 -0.917599 0.246198
v -0.221708 -0.925615 0.221708
v -0.246198 -0.917599 0.279034
v -0.299387 -0.879102 0.299387
v -0.713491 0.379205 0.552202
v -0.665597 0.259359 0.665597
v -0.552202 0.379205 0.713491
v -0.598790 0.488926 0.598789
v -0.477562 -0.825559 0.255106
v -0.378720 -0.865719 0.253053
v -0.418442 -0.825559 0.343584
v -0.511138 -0.758621 0.341531
v -0.343585 -0.825559 0.418442
v -0.253053 -0.865719 0.378720
v -0.255106 -0.825559 0.477562
v -0.341531 -0.758621 0.511138
v -0.773964 0.000000 0.595365
v -0.684664 -0.127102 0.684664
v -0.595365 0.000000 0.773963
v -0.684664 0.127102 0.684664
v -0.809680 0.550869 0.060054
v -0.853445 0.443371 0.169761
v -0.771029 0.550869 0.254368
v -0.723608 0.642770 0.143935
v -0.477562 0.825559 0.255106
v -0.511138 0.758621 0.341531
v -0.418442 0.825559 0.343584
v -0.378720 0.865719 0.253053
v -0.663511 -0.701624 0.189734
v -0.558149 -0.770125 0.231193
v -0.603335 -0.701624 0.335011
v -0.703426 -0.611865 0.291368
v -0.968261 0.000000 -0.126289
v -0.968261 -0.127102 -0.000000
v -0.968261 0.000000 0.126288
v -0.968261 0.127102 -0.000000
v -0.769128 0.314756 0.513915
v -0.858160 0.193233 0.425225
v -0.809883 0.066754 0.541146
v -0.721261 0.193233 0.630110
v -0.196840 -0.947688 0.131524
v -0.167769 -0.973827 0.101254
v -0.124148 -0.966112 0.082953
v -0.157749 -0.973827 0.116251
v -0.157749 0.973827 0.116251
v -0.124148 0.966112 0.082953
v -0.167769 0.973827 0.101254
v -0.196840 0.947688 0.131524
v -0.713491 -0.379205 0.552202
v -0.598790 -0.488926 0.598789
v -0.552202 -0.379205 0.713491
v -0.665597 -0.259359 0.665597
v -0.809680 -0.550869 0.060054
v -0.723608 -0.642770 0.143935
v -0.771029 -0.550869 0.254368
v -0.853445 -0.443371 0.169761
v -0.955563 -0.193233 0.064453
v -0.907249 -0.314756 0.180463
v -0.907491 -0.193233 0.306131
v -0.955322 -0.066754 0.190025
v -0.761382 -0.611865 -0.000000
v -0.685612 -0.701624 -0.078623
v -0.604136 -0.770125 -0.000000
v -0.685612 -0.701624 0.078623
v -0.870498 0.379205 0.237127
v -0.869645 0.259359 0.360218
v -0.783209 0.379205 0.447861
v -0.782356 0.488926 0.324062
v -0.352010 -0.917599 0.120676
v -0.289676 -0.925615 0.119987
v -0.334239 -0.917599 0.163578
v -0.391168 -0.879102 0.162027
v -0.942885 -0.000000 0.253862
v -0.894557 -0.127102 0.370537
v -0.846228 0.000000 0.487212
v -0.894557 0.127102 0.370537
v -0.371395 0.917599 -0.023219
v -0.423397 0.879102 -0.000000
v -0.371395 0.917599 0.023218
v -0.313542 0.925615 -0.000000
v -0.190228 0.973827 0.047034
v -0.146442 0.966112 0.029129
v -0.193747 0.973827 0.029344
v -0.232189 0.947688 0.046185
v -0.190228 -0.973827 0.047034
v -0.232189 -0.947688 0.046185
v -0.193747 -0.973827 0.029344
v -0.146442 -0.966112 0.029129
v -0.846228 -0.000000 -0.487213
v -0.894557 -0.127102 -0.370538
v -0.942885 0.000000 -0.253863
v -0.894557 0.127102 -0.370538
v -0.771029 0.550869 -0.254369
v -0.853445 0.443371 -0.169761
v -0.809680 0.550869 -0.060054
v -0.723608 0.642770 -0.143935
v -0.894980 -0.379205 -0.114048
v -0.846816 -0.488926 -0.000000
v -0.894980 -0.379205 0.114048
v -0.941297 -0.259359 -0.000000
v -0.246198 0.917599 -0.279034
v -0.299387 0.879102 -0.299387
v -0.279034 0.917599 -0.246198
v -0.221708 0.925615 -0.221708
v -0.870498 -0.379205 0.237127
v -0.782356 -0.488926 0.324062
v -0.783209 -0.379205 0.447861
v -0.869645 -0.259359 0.360218
v -0.894980 0.379205 -0.114048
v -0.941297 0.259359 -0.000000
v -0.894980 0.379205 0.114048
v -0.846816 0.488926 -0.000000
v -0.783209 -0.379205 -0.447861
v -0.782356 -0.488926 -0.324063
v -0.870498 -0.379205 -0.237127
v -0.869645 -0.259359 -0.360219
v -0.907490 -0.193233 -0.306132
v -0.907249 -0.314756 -0.180463
v -0.955563 -0.193233 -0.064453
v -0.955321 -0.066754 -0.190026
v -0.232189 0.947688 -0.046185
v -0.193747 0.973827 -0.029344
v -0.146442 0.966112 -0.029129
v -0.190228 0.973827 -0.047034
v -0.371395 -0.917599 -0.023219
v -0.313542 -0.925615 -0.000000
v -0.371395 -0.917599 0.023218
v -0.423397 -0.879102 -0.000000
v -0.771029 -0.550869 -0.254368
v -0.723608 -0.642770 -0.143935
v -0.809680 -0.550869 -0.060054
v -0.853445 -0.443371 -0.169761
v -0.604136 0.770125 -0.000000
v -0.685612 0.701624 -0.078623
v -0.761382 0.611865 -0.000000
v -0.685612 0.701624 0.078623
v -0.334239 0.917599 -0.163578
v -0.391168 0.879102 -0.162027
v -0.352010 0.917599 -0.120676
v -0.289675 0.925615 -0.119988
v -0.955563 0.193233 0.064453
v -0.955322 0.066754 0.190025
v -0.907491 0.193233 0.306131
v -0.907249 0.314756 0.180463
v -0.429206 0.701624 -0.540396
v -0.538378 0.611865 -0.538379
v -0.540396 0.701624 -0.429206
v -0.427188 0.770125 -0.427189
v -0.595364 0.000000 -0.773963
v -0.684664 -0.127102 -0.684664
v -0.773963 -0.000000 -0.595365
v -0.684664 0.127102 -0.684664
v -0.809882 -0.066754 -0.541146
v -0.721260 -0.193233 -0.630110
v -0.769128 -0.314756 -0.513915
v -0.858160 -0.193233 -0.425225
v -0.418442 0.825559 -0.343585
v -0.511138 0.758621 -0.341531
v -0.477561 0.825559 -0.255106
v -0.378720 0.865719 -0.253053
v -0.614995 0.550869 -0.530066
v -0.723515 0.443371 -0.483438
v -0.725065 0.550869 -0.365334
v -0.613445 0.642770 -0.409891
v -0.518074 0.825559 -0.157300
v -0.602928 0.758621 -0.119930
v -0.538834 0.825559 -0.052932
v -0.446731 0.865719 -0.088860
v -0.518074 -0.825559 -0.157300
v -0.446731 -0.865719 -0.088860
v -0.538834 -0.825559 -0.052932
v -0.602928 -0.758621 -0.119930
v -0.334239 -0.917599 -0.163578
v -0.289675 -0.925615 -0.119988
v -0.352010 -0.917599 -0.120676
v -0.391168 -0.879102 -0.162027
v -0.703425 -0.611865 -0.291368
v -0.603335 -0.701624 -0.335011
v -0.558149 -0.770125 -0.231193
v -0.663511 -0.701624 -0.189734
v -0.783209 0.379205 -0.447861
v -0.869645 0.259359 -0.360219
v -0.870498 0.379205 -0.237127
v -0.782356 0.488926 -0.324063
v -0.614995 -0.550869 -0.530066
v -0.613445 -0.642770 -0.409891
v -0.725065 -0.550869 -0.365334
v -0.723515 -0.443371 -0.483438
v -0.721260 0.193233 -0.630110
v -0.809882 0.066754 -0.541146
v -0.858160 0.193233 -0.425225
v -0.769128 0.314756 -0.513915
v -0.907490 0.193233 -0.306132
v -0.955321 0.066754 -0.190026
v -0.955563 0.193233 -0.064453
v -0.907249 0.314756 -0.180463
v -0.193747 -0.973827 -0.029344
v -0.232189 -0.947688 -0.046185
v -0.190228 -0.973827 -0.047034
v -0.146443 -0.966112 -0.029129
v -0.120676 0.917599 -0.352010
v -0.162027 0.879102 -0.391168
v -0.163578 0.917599 -0.334239
v -0.119987 0.925615 -0.289675
v -0.116251 -0.973827 -0.157749
v -0.131524 -0.947688 -0.196840
v -0.101254 -0.973827 -0.167769
v -0.082953 -0.966112 -0.124148
v -0.603335 0.701624 -0.335011
v -0.703425 0.611865 -0.291368
v -0.663511 0.701624 -0.189734
v -0.558149 0.770125 -0.231193
v -0.253862 0.000000 -0.942885
v -0.370537 -0.127102 -0.894557
v -0.487212 0.000000 -0.846228
v -0.370537 0.127102 -0.894557
v -0.365334 0.550869 -0.725065
v -0.483437 0.443371 -0.723515
v -0.530066 0.550869 -0.614995
v -0.409891 0.642770 -0.613445
v -0.418442 -0.825559 -0.343585
v -0.378720 -0.865719 -0.253053
v -0.477561 -0.825559 -0.255106
v -0.511138 -0.758621 -0.341531
v -0.189734 0.701624 -0.663511
v -0.291368 0.611865 -0.703425
v -0.335011 0.701624 -0.603335
v -0.231193 0.770125 -0.558149
v -0.255106 -0.825559 -0.477562
v -0.253053 -0.865719 -0.378720
v -0.343584 -0.825559 -0.418442
v -0.341531 -0.758621 -0.511138
v -0.598789 0.488926 -0.598789
v -0.552202 0.379205 -0.713491
v -0.665597 0.259359 -0.665597
v -0.713490 0.379205 -0.552202
v -0.246198 -0.917599 -0.279034
v -0.221708 -0.925615 -0.221708
v -0.279034 -0.917599 -0.246198
v -0.299387 -0.879102 -0.299387
v -0.429206 -0.701624 -0.540396
v -0.427188 -0.770125 -0.427189
v -0.540396 -0.701624 -0.429206
v -0.538378 -0.611865 -0.538379
v -0.167769 -0.973827 -0.101254
v -0.196840 -0.947688 -0.131525
v -0.157749 -0.973827 -0.116251
v -0.124148 -0.966112 -0.082953
v -0.167769 0.973827 -0.101254
v -0.124148 0.966112 -0.082953
v -0.157749 0.973827 -0.116251
v -0.196840 0.947688 -0.131524
v -0.552202 -0.379205 -0.713490
v -0.598789 -0.488926 -0.598790
v -0.713490 -0.379205 -0.552202
v -0.665597 -0.259359 -0.665597
v -0.237127 -0.379205 -0.870498
v -0.324062 -0.488926 -0.782356
v -0.447861 -0.379205 -0.783209
v -0.360218 -0.259359 -0.869645
v -0.162027 -0.879102 -0.391168
v -0.120676 -0.917599 -0.352010
v -0.119987 -0.925615 -0.289675
v -0.163578 -0.917599 -0.334239
v -0.365334 -0.550869 -0.725065
v -0.409891 -0.642770 -0.613445
v -0.530066 -0.550869 -0.614995
v -0.483437 -0.443371 -0.723515
v -0.189734 -0.701624 -0.663511
v -0.231193 -0.770125 -0.558149
v -0.335011 -0.701624 -0.603335
v -0.291368 -0.611865 -0.703425
v -0.255106 0.825559 -0.477562
v -0.341531 0.758621 -0.511138
v -0.343584 0.825559 -0.418442
v -0.253053 0.865719 -0.378720
v -0.425225 0.193233 -0.858160
v -0.541146 0.066754 -0.809883
v -0.630110 0.193233 -0.721260
v -0.513915 0.314756 -0.769128
v -0.116251 0.973827 -0.157749
v -0.082953 0.966112 -0.124148
v -0.101254 0.973827 -0.167769
v -0.131524 0.947688 -0.196840
v -0.324062 0.488926 -0.782356
v -0.237127 0.379205 -0.870498
v -0.360218 0.259359 -0.869645
v -0.447861 0.379205 -0.783209
v -0.052932 -0.825559 -0.538834
v -0.088860 -0.865719 -0.446731
v -0.157300 -0.825559 -0.518074
v -0.119930 -0.758621 -0.602928
v -0.060054 0.550869 -0.809680
v -0.169761 0.443371 -0.853444
v -0.254368 0.550869 -0.771029
v -0.143934 0.642770 -0.723608
v -0.425225 -0.193233 -0.858160
v -0.513915 -0.314756 -0.769128
v -0.630110 -0.193233 -0.721260
v -0.541146 -0.066754 -0.809883
v -0.060054 -0.550869 -0.809681
v -0.143934 -0.642770 -0.723608
v -0.254368 -0.550869 -0.771029
v -0.169761 -0.443371 -0.853445
v -0.064453 0.193233 -0.955564
v -0.190025 0.066754 -0.955321
v -0.306131 0.193233 -0.907490
v -0.180463 0.314756 -0.907249
v -0.047034 -0.973827 -0.190228
v -0.046185 -0.947688 -0.232189
v -0.029344 -0.973827 -0.193747
v -0.029129 -0.966112 -0.146442
v -0.047034 0.973827 -0.190228
v -0.029129 0.966112 -0.146443
v -0.029344 0.973827 -0.193747
v -0.046185 0.947688 -0.232189
v 0.114048 0.379205 -0.894980
v 0.000000 0.259359 -0.941297
v -0.114048 0.379205 -0.894980
v 0.000000 0.488926 -0.846816
v -0.052932 0.825559 -0.538834
v -0.119930 0.758621 -0.602928
v -0.157300 0.825559 -0.518074
v -0.088860 0.865719 -0.446731
v 0.306132 -0.193233 -0.907491
v 0.180463 -0.314756 -0.907249
v 0.064453 -0.193233 -0.955564
v 0.190025 -0.066754 -0.955322
v -0.064453 -0.193233 -0.955564
v -0.180463 -0.314756 -0.907249
v -0.306131 -0.193233 -0.907490
v -0.190025 -0.066754 -0.955321
v 0.335011 -0.701624 -0.603336
v 0.231193 -0.770125 -0.558149
v 0.189734 -0.701624 -0.663511
v 0.291368 -0.611865 -0.703426
v 0.630111 0.193233 -0.721261
v 0.541147 0.066754 -0.809883
v 0.425225 0.193233 -0.858161
v 0.513915 0.314756 -0.769129
v 0.029344 0.973827 -0.193747
v 0.029129 0.966112 -0.146442
v 0.047034 0.973827 -0.190228
v 0.046185 0.947688 -0.232189
v 0.163578 0.917599 -0.334239
v 0.162027 0.879102 -0.391168
v 0.120676 0.917599 -0.352010
v 0.119988 0.925615 -0.289676
v 0.343585 0.825559 -0.418442
v 0.341531 0.758621 -0.511138
v 0.255106 0.825559 -0.477562
v 0.253053 0.865719 -0.378721
v 0.279034 0.917599 -0.246198
v 0.299387 0.879102 -0.299387
v 0.246198 0.917599 -0.279034
v 0.221708 0.925615 -0.221708
v 0.335011 0.701624 -0.603336
v 0.291369 0.611865 -0.703426
v 0.189734 0.701624 -0.663511
v 0.231193 0.770125 -0.558149
v 0.530066 0.550869 -0.614995
v 0.483438 0.443371 -0.723516
v 0.365334 0.550869 -0.725066
v 0.409891 0.642770 -0.613445
v 0.163578 -0.917599 -0.334239
v 0.119988 -0.925615 -0.289676
v 0.120676 -0.917599 -0.352010
v 0.162027 -0.879102 -0.391168
v 0.721260 0.193233 0.630110
v 0.809883 0.066754 0.541147
v 0.858161 0.193233 0.425225
v 0.769129 0.314756 0.513915
v 0.379587 -0.921920 -0.472323
v 0.289055 -0.962081 -0.432601
v 0.291108 -0.921920 -0.531442
v 0.377533 -0.854982 -0.565019
v 0.328356 0.215748 -1.019222
v 0.212250 0.089269 -1.067053
v 0.086678 0.215748 -1.067295
v 0.202688 0.337271 -1.018981
v -0.023219 1.024533 -0.416671
v -0.000000 1.032548 -0.358818
v 0.023218 1.024533 -0.416671
v 0.000000 0.986036 -0.468673
v 0.034015 -1.087456 -0.217232
v 0.050857 -1.061316 -0.255674
v 0.051705 -1.087456 -0.213713
v 0.033801 -1.079740 -0.169928
v -0.000000 -0.127102 -1.084386
v -0.126288 -0.000000 -1.084385
v -0.000000 0.127102 -1.084386
v 0.126288 -0.000000 -1.084386
v 0.393839 1.024533 -0.138002
v 0.432997 0.986036 -0.179353
v 0.376069 1.024533 -0.180904
v 0.331505 1.032549 -0.137314
v 0.114557 -1.087456 -0.187679
v 0.144828 -1.061316 -0.216750
v 0.129554 -1.087456 -0.177659
v 0.096257 -1.079740 -0.144058
v 0.488955 0.423401 -0.882420
v 0.401313 0.303554 -0.968856
v 0.278222 0.423401 -0.969709
v 0.365157 0.533121 -0.881567
v 0.856076 0.000000 -0.677477
v 0.766777 -0.127102 -0.766776
v 0.677477 0.000000 -0.856076
v 0.766777 0.127102 -0.766776
v -0.114048 -0.423400 -1.002365
v -0.000000 -0.303554 -1.048682
v 0.114048 -0.423400 -1.002365
v -0.000000 -0.533121 -0.954201
v -0.078623 0.783472 -0.767988
v -0.000000 0.851973 -0.686512
v 0.078623 0.783472 -0.767988
v 0.000000 0.693713 -0.843758
v 0.488955 -0.423401 -0.882420
v 0.365157 -0.533121 -0.881567
v 0.278222 -0.423401 -0.969709
v 0.401313 -0.303554 -0.968856
v -0.078623 -0.783472 -0.767988
v -0.000000 -0.693713 -0.843758
v 0.078623 -0.783472 -0.767988
v 0.000000 -0.851973 -0.686511
v 0.177659 -1.087456 -0.129554
v 0.216750 -1.061316 -0.144828
v 0.187679 -1.087456 -0.114557
v 0.144058 -1.079740 -0.096256
v 0.169942 0.921920 -0.581631
v 0.132572 0.854982 -0.666485
v 0.065575 0.921920 -0.602391
v 0.101503 0.962081 -0.510288
v 0.273242 -0.615098 -0.865914
v 0.162809 -0.706998 -0.818493
v 0.078928 -0.615098 -0.904566
v 0.188635 -0.507600 -0.948330
v 1.050170 0.000000 -0.298301
v 1.001842 -0.127102 -0.414976
v 0.953513 0.000000 -0.531651
v 1.001842 0.127102 -0.414976
v 0.604437 -0.089269 -0.904604
v 0.693401 -0.215748 -0.815982
v 0.577206 -0.337271 -0.863850
v 0.488516 -0.215748 -0.952882
v 0.273242 0.615098 -0.865914
v 0.188635 0.507600 -0.948330
v 0.078928 0.615098 -0.904566
v 0.162808 0.706998 -0.818493
v 0.169942 -0.921920 -0.581631
v 0.101502 -0.962081 -0.510288
v 0.065575 -0.921920 -0.602391
v 0.132572 -0.854982 -0.666485
v 0.598644 0.783472 -0.487454
v 0.596627 0.693713 -0.596627
v 0.487454 0.783472 -0.598644
v 0.485437 0.851973 -0.485437
v 0.531652 0.000000 -0.953513
v 0.414976 -0.127102 -1.001842
v 0.298301 0.000000 -1.050170
v 0.414976 0.127102 -1.001842
v 0.583814 -0.615098 -0.695435
v 0.463639 -0.706998 -0.693885
v 0.419082 -0.615098 -0.805506
v 0.537186 -0.507600 -0.803956
v 0.674722 0.533121 -0.674722
v 0.789423 0.423401 -0.628135
v 0.741530 0.303554 -0.741530
v 0.628135 0.423401 -0.789423
v 0.531442 -0.921920 -0.291108
v 0.432601 -0.962081 -0.289055
v 0.472323 -0.921920 -0.379586
v 0.565019 -0.854983 -0.377533
v -0.023218 -1.024533 -0.416671
v 0.000000 -0.986036 -0.468672
v 0.023218 -1.024533 -0.416671
v -0.000000 -1.032549 -0.358818
v 0.114557 1.087456 -0.187679
v 0.096256 1.079740 -0.144058
v 0.129554 1.087456 -0.177659
v 0.144828 1.061316 -0.216750
v 0.311049 -1.024533 -0.278213
v 0.253723 -1.032549 -0.253723
v 0.278213 -1.024533 -0.311049
v 0.331402 -0.986036 -0.331402
v 0.598644 -0.783472 -0.487454
v 0.485437 -0.851973 -0.485437
v 0.487454 -0.783472 -0.598644
v 0.596627 -0.693713 -0.596627
v 0.767988 -0.783472 0.078623
v 0.686512 -0.851973 -0.000000
v 0.767988 -0.783472 -0.078623
v 0.843758 -0.693713 0.000000
v 0.789423 -0.423401 -0.628135
v 0.674722 -0.533121 -0.674722
v 0.628135 -0.423401 -0.789423
v 0.741530 -0.303554 -0.741530
v 0.805506 0.615098 -0.419082
v 0.803955 0.507600 -0.537186
v 0.695435 0.615098 -0.583814
v 0.693885 0.706998 -0.463639
v 0.969709 -0.423401 -0.278222
v 0.881567 -0.533121 -0.365157
v 0.882420 -0.423401 -0.488955
v 0.968856 -0.303554 -0.401313
v 1.084386 0.000000 0.126288
v 1.084386 -0.127102 0.000000
v 1.084386 0.000000 -0.126288
v 1.084386 0.127102 0.000000
v 0.581631 0.921920 0.169942
v 0.666485 0.854982 0.132572
v 0.602391 0.921920 0.065575
v 0.510288 0.962081 0.101503
v 0.432997 -0.986036 -0.179353
v 0.393839 -1.024533 -0.138002
v 0.331505 -1.032549 -0.137314
v 0.376069 -1.024533 -0.180904
v 0.805506 -0.615098 -0.419082
v 0.693885 -0.706998 -0.463639
v 0.695435 -0.615098 -0.583814
v 0.803956 -0.507600 -0.537186
v 0.739616 -0.783472 -0.221258
v 0.634254 -0.851973 -0.262717
v 0.679440 -0.783472 -0.366535
v 0.779531 -0.693713 -0.322892
v 0.531442 0.921920 -0.291108
v 0.565019 0.854982 -0.377533
v 0.472323 0.921920 -0.379586
v 0.432601 0.962081 -0.289055
v 0.952882 0.215748 -0.488516
v 0.904604 0.089269 -0.604437
v 0.815982 0.215748 -0.693401
v 0.863850 0.337271 -0.577206
v 1.019222 0.215748 0.328357
v 1.067053 0.089269 0.212250
v 1.067295 0.215748 0.086678
v 1.018981 0.337271 0.202688
v 0.187679 1.087456 -0.114557
v 0.216750 1.061316 -0.144828
v 0.177659 1.087456 -0.129554
v 0.144058 1.079740 -0.096256
v 0.881567 0.533121 -0.365157
v 0.969709 0.423401 -0.278222
v 0.968856 0.303554 -0.401313
v 0.882420 0.423401 -0.488955
v 0.602391 -0.921920 -0.065575
v 0.510288 -0.962081 -0.101503
v 0.581631 -0.921920 -0.169942
v 0.666485 -0.854982 -0.132572
v 0.904566 0.615098 -0.078928
v 0.948330 0.507600 -0.188635
v 0.865914 0.615098 -0.273242
v 0.818494 0.706998 -0.162808
v 0.952882 -0.215748 -0.488516
v 0.863850 -0.337271 -0.577206
v 0.815982 -0.215748 -0.693401
v 0.904604 -0.089269 -0.604437
v 1.002365 -0.423401 0.114048
v 0.954201 -0.533121 0.000000
v 1.002365 -0.423401 -0.114048
v 1.048682 -0.303554 0.000000
v 0.865914 0.615098 0.273242
v 0.948330 0.507600 0.188635
v 0.904566 0.615098 0.078928
v 0.818493 0.706998 0.162809
v 0.739616 0.783472 -0.221258
v 0.779531 0.693713 -0.322892
v 0.679440 0.783472 -0.366535
v 0.634254 0.851973 -0.262717
v 0.767988 0.783472 0.078623
v 0.843758 0.693713 0.000000
v 0.767988 0.783472 -0.078623
v 0.686512 0.851973 0.000000
v 0.904566 -0.615098 -0.078928
v 0.818493 -0.706998 -0.162808
v 0.865914 -0.615098 -0.273242
v 0.948330 -0.507600 -0.188635
v 0.468673 -0.986036 -0.000000
v 0.416671 -1.024533 0.023219
v 0.358818 -1.032549 0.000000
v 0.416671 -1.024533 -0.023219
v 1.067295 0.215748 -0.086678
v 1.067053 0.089269 -0.212250
v 1.019222 0.215748 -0.328356
v 1.018980 0.337271 -0.202688
v 0.213714 -1.087456 -0.051705
v 0.255674 -1.061316 -0.050857
v 0.217232 -1.087456 -0.034015
v 0.169928 -1.079740 -0.033801
v 0.217232 1.087456 -0.034015
v 0.255674 1.061316 -0.050857
v 0.213714 1.087456 -0.051705
v 0.169928 1.079740 -0.033801
v 0.510288 0.962081 -0.101503
v 0.602391 0.921920 -0.065575
v 0.666485 0.854982 -0.132572
v 0.581631 0.921920 -0.169942
v 0.679440 0.783472 0.366535
v 0.779531 0.693713 0.322892
v 0.739616 0.783472 0.221258
v 0.634254 0.851973 0.262717
v 0.581631 -0.921920 0.169942
v 0.510288 -0.962081 0.101503
v 0.602391 -0.921920 0.065575
v 0.666485 -0.854982 0.132572
v 1.019222 -0.215748 0.328357
v 1.018981 -0.337271 0.202688
v 1.067295 -0.215748 0.086678
v 1.067053 -0.089269 0.212250
v 1.067295 -0.215748 -0.086678
v 1.018981 -0.337271 -0.202688
v 1.019222 -0.215748 -0.328356
v 1.067053 -0.089269 -0.212250
v 0.416671 1.024533 0.023218
v 0.468673 0.986036 -0.000000
v 0.416671 1.024533 -0.023219
v 0.358818 1.032549 -0.000000
v 0.695435 0.615098 0.583814
v 0.803955 0.507600 0.537186
v 0.805505 0.615098 0.419082
v 0.693885 0.706998 0.463639
v 0.488516 0.215748 0.952882
v 0.604437 0.089269 0.904604
v 0.693401 0.215748 0.815982
v 0.577206 0.337271 0.863850
v 0.487454 0.783472 0.598644
v 0.596627 0.693713 0.596627
v 0.598644 0.783472 0.487454
v 0.485437 0.851973 0.485437
v 0.882420 -0.423401 0.488955
v 0.881567 -0.533121 0.365157
v 0.969709 -0.423401 0.278222
v 0.968856 -0.303554 0.401313
v 0.278213 1.024533 0.311049
v 0.331402 0.986036 0.331402
v 0.311049 1.024533 0.278213
v 0.253723 1.032549 0.253723
v 0.217232 -1.087456 0.034016
v 0.255674 -1.061316 0.050857
v 0.213713 -1.087455 0.051705
v 0.169928 -1.079740 0.033801
v 1.002365 0.423400 0.114048
v 1.048682 0.303554 0.000000
v 1.002365 0.423400 -0.114048
v 0.954201 0.533121 0.000000
v 0.948330 -0.507600 0.188635
v 0.865914 -0.615098 0.273242
v 0.818493 -0.706998 0.162809
v 0.904566 -0.615098 0.078928
v 0.882420 0.423401 0.488955
v 0.968856 0.303554 0.401313
v 0.969709 0.423401 0.278222
v 0.881567 0.533121 0.365157
v 0.187679 -1.087456 0.114557
v 0.216750 -1.061316 0.144828
v 0.177659 -1.087456 0.129554
v 0.144058 -1.079740 0.096256
v 0.472323 -0.921920 0.379587
v 0.432601 -0.962081 0.289055
v 0.531442 -0.921920 0.291108
v 0.565018 -0.854982 0.377533
v 0.086677 0.215748 1.067295
v 0.212250 0.089269 1.067053
v 0.328356 0.215748 1.019222
v 0.202688 0.337271 1.018980
v 0.628135 0.423401 0.789423
v 0.741530 0.303554 0.741530
v 0.789423 0.423401 0.628135
v 0.674722 0.533121 0.674722
v 0.217232 1.087456 0.034015
v 0.169927 1.079740 0.033801
v 0.213713 1.087456 0.051705
v 0.255674 1.061316 0.050857
v 0.376068 1.024533 0.180904
v 0.432997 0.986036 0.179353
v 0.393839 1.024533 0.138002
v 0.331505 1.032549 0.137314
v 0.679440 -0.783472 0.366535
v 0.634254 -0.851973 0.262717
v 0.739616 -0.783472 0.221258
v 0.779531 -0.693713 0.322892
v 1.001842 0.127102 0.414977
v 0.953513 0.000000 0.531652
v 1.001842 -0.127102 0.414977
v 1.050170 0.000000 0.298301
v 0.487454 -0.783472 0.598644
v 0.485437 -0.851973 0.485437
v 0.598644 -0.783472 0.487454
v 0.596627 -0.693713 0.596627
v 0.628135 -0.423401 0.789423
v 0.674722 -0.533121 0.674722
v 0.789423 -0.423401 0.628135
v 0.741530 -0.303554 0.741530
v 0.463639 0.706998 0.693885
v 0.419082 0.615098 0.805505
v 0.537186 0.507600 0.803955
v 0.583814 0.615098 0.695435
v 0.472323 0.921920 0.379587
v 0.565018 0.854982 0.377533
v 0.531442 0.921920 0.291108
v 0.432601 0.962081 0.289055
v 0.138002 1.024533 0.393839
v 0.179353 0.986036 0.432997
v 0.180904 1.024533 0.376069
v 0.137314 1.032549 0.331505
v 0.376068 -1.024533 0.180904
v 0.331505 -1.032549 0.137314
v 0.393839 -1.024533 0.138002
v 0.432997 -0.986036 0.179353
v 0.815982 -0.215748 0.693401
v 0.863850 -0.337271 0.577206
v 0.952882 -0.215748 0.488516
v 0.904604 -0.089269 0.604437
v 0.278213 -1.024533 0.311049
v 0.253723 -1.032549 0.253723
v 0.311049 -1.024533 0.278213
v 0.331402 -0.986036 0.331402
v 0.138002 -1.024533 0.393839
v 0.137314 -1.032549 0.331505
v 0.180904 -1.024533 0.376068
v 0.179353 -0.986036 0.432997
v 0.291108 -0.921920 0.531442
v 0.289055 -0.962081 0.432601
v 0.379586 -0.921920 0.472323
v 0.377533 -0.854982 0.565018
v 0.078928 -0.615098 0.904566
v 0.162808 -0.706998 0.818493
v 0.273242 -0.615098 0.865914
v 0.188635 -0.507600 0.948330
v 0.187679 1.087456 0.114557
v 0.144058 1.079740 0.096256
v 0.177659 1.087456 0.129554
v 0.216750 1.061316 0.144828
v 0.766776 0.127102 0.766776
v 0.677477 0.000000 0.856076
v 0.766776 -0.127102 0.766776
v 0.856075 0.000000 0.677477
v 0.162808 0.706998 0.818493
v 0.078928 0.615098 0.904566
v 0.188635 0.507600 0.948330
v 0.273242 0.615098 0.865914
v 0.129554 -1.087456 0.177659
v 0.144828 -1.061316 0.216750
v 0.114557 -1.087456 0.187679
v 0.096256 -1.079740 0.144057
v 0.278221 0.423400 0.969709
v 0.401313 0.303554 0.968856
v 0.488955 0.423400 0.882420
v 0.365157 0.533121 0.881567
v 0.695435 -0.615098 0.583814
v 0.693885 -0.706998 0.463639
v 0.805505 -0.615098 0.419082
v 0.803955 -0.507600 0.537186
v 0.221258 -0.783472 0.739616
v 0.262717 -0.851973 0.634254
v 0.366534 -0.783472 0.679440
v 0.322892 -0.693713 0.779531
v 0.278221 -0.423400 0.969709
v 0.365157 -0.533121 0.881567
v 0.488955 -0.423400 0.882420
v 0.401313 -0.303554 0.968856
v 0.291108 0.921920 0.531442
v 0.377533 0.854982 0.565018
v 0.379586 0.921920 0.472323
v 0.289055 0.962081 0.432601
v -0.114048 0.423400 1.002365
v -0.000000 0.303554 1.048682
v 0.114048 0.423400 1.002365
v -0.000000 0.533121 0.954201
v 0.488516 -0.215748 0.952882
v 0.577206 -0.337271 0.863850
v 0.693401 -0.215748 0.815982
v 0.604437 -0.089269 0.904604
v 0.221258 0.783472 0.739616
v 0.322892 0.693713 0.779531
v 0.366534 0.783472 0.679440
v 0.262716 0.851973 0.634254
v 0.086677 -0.215748 1.067295
v 0.202688 -0.337271 1.018980
v 0.328356 -0.215748 1.019222
v 0.212250 -0.089269 1.067053
v 0.129554 1.087456 0.177659
v 0.096256 1.079740 0.144058
v 0.114557 1.087456 0.187679
v 0.144828 1.061316 0.216750
v 0.051705 -1.087456 0.213713
v 0.050857 -1.061316 0.255674
v 0.034015 -1.087456 0.217232
v 0.033801 -1.079740 0.169927
v 0.419082 -0.615098 0.805505
v 0.463639 -0.706998 0.693885
v 0.583814 -0.615098 0.695435
v 0.537186 -0.507600 0.803955
v -0.328356 0.215748 1.019222
v -0.212250 0.089269 1.067053
v -0.086678 0.215748 1.067295
v -0.202688 0.337271 1.018980
v -0.114048 -0.423400 1.002365
v -0.000000 -0.533121 0.954201
v 0.114048 -0.423400 1.002365
v -0.000000 -0.303554 1.048682
v -0.000000 1.032549 0.358818
v -0.023219 1.024533 0.416671
v -0.000000 0.986036 0.468673
v 0.023218 1.024533 0.416671
v 0.065574 0.921920 0.602391
v 0.132572 0.854982 0.666485
v 0.169942 0.921920 0.581631
v 0.101502 0.962081 0.510288
v 0.132572 -0.854982 0.666485
v 0.065574 -0.921920 0.602391
v 0.101502 -0.962081 0.510288
v 0.169942 -0.921920 0.581631
v -0.023219 -1.024533 0.416671
v -0.000000 -1.032549 0.358818
v 0.023218 -1.024533 0.416671
v -0.000000 -0.986036 0.468673
v -0.078623 -0.783472 0.767988
v -0.000000 -0.851973 0.686511
v 0.078623 -0.783472 0.767988
v -0.000000 -0.693713 0.843758
v -0.078623 0.783472 0.767988
v -0.000000 0.693713 0.843758
v 0.078623 0.783472 0.767988
v -0.000000 0.851973 0.686511
v 0.298301 0.000000 1.050170
v 0.414976 -0.127102 1.001842
v 0.531651 0.000000 0.953513
v 0.414976 0.127102 1.001842
v -0.328356 -0.215748 1.019222
v -0.202688 -0.337271 1.018980
v -0.086678 -0.215748 1.067295
v -0.212250 -0.089269 1.067053
v 0.051705 1.087456 0.213713
v 0.033801 1.079740 0.169928
v 0.034015 1.087456 0.217232
v 0.050857 1.061316 0.255674
v -0.034015 -1.087456 0.217232
v -0.050857 -1.061316 0.255674
v -0.051705 -1.087456 0.213713
v -0.033801 -1.079740 0.169928
v -0.401313 -0.303554 0.968856
v -0.488955 -0.423401 0.882420
v -0.365157 -0.533121 0.881567
v -0.278222 -0.423401 0.969709
v -0.273242 -0.615098 0.865914
v -0.162808 -0.706998 0.818493
v -0.078928 -0.615098 0.904566
v -0.188635 -0.507600 0.948330
v -0.583814 0.615098 0.695435
v -0.537186 0.507600 0.803955
v -0.419082 0.615098 0.805505
v -0.463639 0.706998 0.693885
v -0.180904 -1.024533 0.376068
v -0.137314 -1.032549 0.331505
v -0.138002 -1.024533 0.393839
v -0.179353 -0.986036 0.432997
v -0.169942 0.921920 0.581631
v -0.132572 0.854982 0.666485
v -0.065575 0.921920 0.602391
v -0.101503 0.962081 0.510288
v -0.132572 -0.854982 0.666485
v -0.169942 -0.921920 0.581631
v -0.101503 -0.962081 0.510288
v -0.065575 -0.921920 0.602391
v -0.366535 0.783472 0.679440
v -0.322892 0.693713 0.779530
v -0.221258 0.783472 0.739616
v -0.262717 0.851973 0.634254
v -0.366535 -0.783472 0.679440
v -0.262717 -0.851973 0.634254
v -0.221258 -0.783472 0.739616
v -0.322892 -0.693713 0.779530
v -0.531652 0.000000 0.953513
v -0.414977 -0.127102 1.001841
v -0.298301 0.000000 1.050170
v -0.414977 0.127102 1.001841
v -0.126289 0.000000 1.084385
v -0.000000 -0.127102 1.084385
v 0.126288 0.000000 1.084385
v -0.000000 0.127102 1.084385
v -0.180904 1.024533 0.376068
v -0.179353 0.986036 0.432997
v -0.138002 1.024533 0.393839
v -0.137314 1.032549 0.331505
v -0.598644 0.783472 0.487454
v -0.596627 0.693713 0.596627
v -0.487454 0.783472 0.598644
v -0.485437 0.851973 0.485437
v -0.393839 1.024533 0.138002
v -0.432997 0.986036 0.179353
v -0.376068 1.024533 0.180904
v -0.331505 1.032549 0.137314
v -0.034015 1.087456 0.217232
v -0.033801 1.079740 0.169927
v -0.051705 1.087456 0.213713
v -0.050857 1.061316 0.255674
v -0.096257 -1.079740 0.144058
v -0.114557 -1.087456 0.187679
v -0.144828 -1.061316 0.216750
v -0.129554 -1.087456 0.177659
v -0.114557 1.087456 0.187679
v -0.096256 1.079740 0.144058
v -0.129554 1.087456 0.177659
v -0.144828 1.061316 0.216750
v -0.693401 -0.215748 0.815982
v -0.577206 -0.337271 0.863850
v -0.488516 -0.215748 0.952882
v -0.604437 -0.089269 0.904604
v -0.488955 0.423400 0.882420
v -0.401313 0.303554 0.968856
v -0.278222 0.423400 0.969709
v -0.365157 0.533121 0.881567
v -0.273242 0.615098 0.865914
v -0.188635 0.507600 0.948330
v -0.078928 0.615098 0.904566
v -0.162809 0.706998 0.818493
v -0.577206 0.337271 0.863850
v -0.693401 0.215748 0.815982
v -0.604437 0.089269 0.904604
v -0.488516 0.215748 0.952882
v -0.805505 0.615098 0.419082
v -0.803955 0.507600 0.537186
v -0.695435 0.615098 0.583814
v -0.693885 0.706998 0.463639
v -0.379586 0.921920 0.472323
v -0.377533 0.854982 0.565018
v -0.291108 0.921920 0.531442
v -0.289055 0.962081 0.432601
v -0.598644 -0.783472 0.487454
v -0.485437 -0.851973 0.485437
v -0.487454 -0.783472 0.598644
v -0.596627 -0.693713 0.596627
v -0.602391 -0.921920 0.065574
v -0.510288 -0.962081 0.101502
v -0.581631 -0.921920 0.169942
v -0.666485 -0.854982 0.132572
v -0.311049 1.024533 0.278213
v -0.331402 0.986036 0.331402
v -0.278213 1.024533 0.311049
v -0.253723 1.032549 0.253723
v -0.583814 -0.615098 0.695435
v -0.463639 -0.706998 0.693885
v -0.419082 -0.615098 0.805505
v -0.537186 -0.507600 0.803955
v -0.805505 -0.615098 0.419082
v -0.693885 -0.706998 0.463639
v -0.695435 -0.615098 0.583814
v -0.803955 -0.507600 0.537186
v -0.602391 0.921920 0.065574
v -0.666485 0.854983 0.132572
v -0.581631 0.921920 0.169942
v -0.510288 0.962081 0.101502
v -0.952882 -0.215748 0.488515
v -0.863850 -0.337271 0.577206
v -0.815982 -0.215748 0.693401
v -0.904604 -0.089269 0.604437
v -0.634254 0.851973 0.262716
v -0.739616 0.783472 0.221258
v -0.779530 0.693713 0.322892
v -0.679440 0.783472 0.366534
v -0.311049 -1.024533 0.278213
v -0.253723 -1.032549 0.253723
v -0.278213 -1.024533 0.311049
v -0.331402 -0.986036 0.331401
v -0.789423 0.423400 0.628135
v -0.741530 0.303554 0.741530
v -0.628135 0.423400 0.789423
v -0.674722 0.533121 0.674722
v -0.531442 -0.921920 0.291108
v -0.432601 -0.962081 0.289055
v -0.472323 -0.921920 0.379586
v -0.565018 -0.854983 0.377533
v -0.379586 -0.921920 0.472323
v -0.289055 -0.962081 0.432601
v -0.291108 -0.921920 0.531442
v -0.377533 -0.854983 0.565018
v -0.856076 -0.000000 0.677477
v -0.766776 -0.127102 0.766776
v -0.677477 -0.000000 0.856075
v -0.766776 0.127102 0.766776
v -0.904566 0.615098 0.078928
v -0.948330 0.507600 0.188634
v -0.865914 0.615098 0.273242
v -0.818493 0.706998 0.162808
v -0.531442 0.921920 0.291108
v -0.565018 0.854982 0.377533
v -0.472323 0.921920 0.379586
v -0.432601 0.962081 0.289055
v -0.739616 -0.783472 0.221258
v -0.634254 -0.851973 0.262716
v -0.679440 -0.783472 0.366534
v -0.779530 -0.693713 0.322892
v -1.084385 -0.000000 -0.126289
v -1.084385 -0.127102 -0.000000
v -1.084385 -0.000000 0.126288
v -1.084385 0.127102 -0.000000
v -0.863850 0.337271 0.577206
v -0.952882 0.215748 0.488515
v -0.904604 0.089269 0.604437
v -0.815982 0.215748 0.693401
v -0.216750 -1.061316 0.144828
v -0.187679 -1.087456 0.114557
v -0.144058 -1.079740 0.096256
v -0.177659 -1.087456 0.129554
v -0.177659 1.087456 0.129554
v -0.144058 1.079740 0.096256
v -0.187679 1.087456 0.114557
v -0.216750 1.061316 0.144827
v -0.789423 -0.423400 0.628134
v -0.674722 -0.533121 0.674722
v -0.628135 -0.423400 0.789423
v -0.741530 -0.303554 0.741530
v -0.904566 -0.615098 0.078928
v -0.818493 -0.706998 0.162808
v -0.865914 -0.615098 0.273242
v -0.948330 -0.507600 0.188634
v -1.067295 -0.215748 0.086677
v -1.018980 -0.337271 0.202688
v -1.019222 -0.215748 0.328356
v -1.067053 -0.089269 0.212250
v -0.843758 -0.693713 -0.000000
v -0.767988 -0.783471 -0.078623
v -0.686511 -0.851973 -0.000000
v -0.767988 -0.783472 0.078623
v -0.969709 0.423400 0.278221
v -0.968856 0.303554 0.401313
v -0.882420 0.423400 0.488955
v -0.881567 0.533121 0.365157
v -0.393839 -1.024533 0.138002
v -0.331505 -1.032549 0.137314
v -0.376068 -1.024533 0.180904
v -0.432997 -0.986036 0.179353
v -1.050170 0.000000 0.298301
v -1.001842 -0.127102 0.414976
v -0.953513 0.000000 0.531651
v -1.001841 0.127102 0.414976
v -0.416671 1.024533 -0.023219
v -0.468673 0.986036 -0.000000
v -0.416671 1.024533 0.023218
v -0.358818 1.032549 -0.000000
v -0.213713 1.087456 0.051705
v -0.169927 1.079740 0.033801
v -0.217232 1.087456 0.034015
v -0.255674 1.061316 0.050857
v -0.213713 -1.087456 0.051705
v -0.255674 -1.061316 0.050857
v -0.217232 -1.087456 0.034015
v -0.169927 -1.079740 0.033801
v -0.953512 -0.000000 -0.531652
v -1.001841 -0.127102 -0.414977
v -1.050169 -0.000000 -0.298301
v -1.001841 0.127102 -0.414977
v -0.865914 0.615098 -0.273242
v -0.948330 0.507600 -0.188635
v -0.904566 0.615098 -0.078928
v -0.818493 0.706998 -0.162809
v -1.002365 -0.423400 -0.114048
v -0.954201 -0.533121 -0.000000
v -1.002365 -0.423400 0.114048
v -1.048682 -0.303554 -0.000000
v -0.278213 1.024533 -0.311049
v -0.331401 0.986036 -0.331402
v -0.311049 1.024533 -0.278213
v -0.253723 1.032548 -0.253723
v -0.969709 -0.423401 0.278221
v -0.881567 -0.533121 0.365157
v -0.882420 -0.423401 0.488955
v -0.968856 -0.303554 0.401313
v -1.002365 0.423401 -0.114048
v -1.048682 0.303554 -0.000000
v -1.002365 0.423401 0.114048
v -0.954201 0.533121 -0.000000
v -0.882420 -0.423400 -0.488955
v -0.881567 -0.533121 -0.365157
v -0.969709 -0.423400 -0.278222
v -0.968855 -0.303554 -0.401313
v -1.019222 -0.215748 -0.328357
v -1.018980 -0.337271 -0.202688
v -1.067295 -0.215748 -0.086678
v -1.067053 -0.089269 -0.212250
v -0.255674 1.061316 -0.050857
v -0.217232 1.087456 -0.034015
v -0.169928 1.079740 -0.033801
v -0.213713 1.087456 -0.051705
v -0.416671 -1.024533 -0.023219
v -0.358818 -1.032549 -0.000000
v -0.416671 -1.024533 0.023218
v -0.468673 -0.986036 -0.000000
v -0.865914 -0.615098 -0.273242
v -0.818493 -0.706998 -0.162809
v -0.904566 -0.615098 -0.078928
v -0.948330 -0.507600 -0.188635
v -0.686511 0.851973 -0.000000
v -0.767988 0.783471 -0.078623
v -0.843758 0.693713 -0.000000
v -0.767988 0.783472 0.078623
v -0.376068 1.024533 -0.180904
v -0.432997 0.986036 -0.179353
v -0.393839 1.024533 -0.138002
v -0.331505 1.032549 -0.137314
v -1.067295 0.215748 0.086677
v -1.067053 0.089269 0.212250
v -1.019222 0.215748 0.328356
v -1.018980 0.337271 0.202688
v -0.487454 0.783472 -0.598644
v -0.596627 0.693713 -0.596627
v -0.598644 0.783472 -0.487454
v -0.485437 0.851973 -0.485437
v -0.677476 0.000000 -0.856075
v -0.766776 -0.127102 -0.766776
v -0.856075 0.000000 -0.677477
v -0.766776 0.127102 -0.766776
v -0.904603 -0.089269 -0.604437
v -0.815981 -0.215748 -0.693401
v -0.863850 -0.337271 -0.577206
v -0.952881 -0.215748 -0.488516
v -0.472323 0.921920 -0.379586
v -0.565018 0.854982 -0.377533
v -0.531442 0.921920 -0.291108
v -0.432601 0.962081 -0.289055
v -0.695435 0.615098 -0.583814
v -0.803955 0.507600 -0.537186
v -0.805505 0.615098 -0.419082
v -0.693885 0.706998 -0.463639
v -0.581631 0.921920 -0.169942
v -0.666485 0.854982 -0.132572
v -0.602391 0.921920 -0.065575
v -0.510288 0.962081 -0.101503
v -0.581631 -0.921920 -0.169942
v -0.510288 -0.962081 -0.101503
v -0.602391 -0.921920 -0.065575
v -0.666485 -0.854982 -0.132572
v -0.376068 -1.024533 -0.180904
v -0.331505 -1.032549 -0.137314
v -0.393839 -1.024533 -0.138002
v -0.432997 -0.986036 -0.179353
v -0.779530 -0.693713 -0.322892
v -0.679440 -0.783472 -0.366535
v -0.634254 -0.851973 -0.262717
v -0.739616 -0.783471 -0.221258
v -0.882420 0.423400 -0.488955
v -0.968855 0.303554 -0.401313
v -0.969709 0.423400 -0.278222
v -0.881567 0.533121 -0.365157
v -0.695435 -0.615098 -0.583814
v -0.693885 -0.706998 -0.463639
v -0.805505 -0.615098 -0.419082
v -0.803955 -0.507600 -0.537186
v -0.815981 0.215748 -0.693401
v -0.904603 0.089269 -0.604437
v -0.952881 0.215748 -0.488516
v -0.863850 0.337271 -0.577206
v -1.019222 0.215748 -0.328357
v -1.067053 0.089269 -0.212250
v -1.067295 0.215748 -0.086678
v -1.018980 0.337271 -0.202688
v -0.217232 -1.087456 -0.034015
v -0.255674 -1.061316 -0.050857
v -0.213713 -1.087456 -0.051705
v -0.169928 -1.079740 -0.033801
v -0.138002 1.024533 -0.393839
v -0.179353 0.986036 -0.432997
v -0.180904 1.024533 -0.376068
v -0.137314 1.032549 -0.331505
v -0.129554 -1.087456 -0.177659
v -0.144828 -1.061316 -0.216750
v -0.114557 -1.087456 -0.187679
v -0.096256 -1.079740 -0.144057
v -0.679440 0.783472 -0.366534
v -0.779530 0.693713 -0.322892
v -0.739616 0.783471 -0.221258
v -0.634254 0.851973 -0.262717
v -0.298301 0.000000 -1.050169
v -0.414976 -0.127102 -1.001841
v -0.531651 0.000000 -0.953513
v -0.414976 0.127102 -1.001841
v -0.419082 0.615098 -0.805505
v -0.537186 0.507600 -0.803955
v -0.583814 0.615098 -0.695435
v -0.463639 0.706998 -0.693885
v -0.472323 -0.921920 -0.379586
v -0.432601 -0.962081 -0.289055
v -0.531442 -0.921920 -0.291108
v -0.565018 -0.854982 -0.377533
v -0.221258 0.783472 -0.739616
v -0.322892 0.693713 -0.779530
v -0.366534 0.783472 -0.679440
v -0.262716 0.851973 -0.634254
v -0.291108 -0.921920 -0.531442
v -0.289055 -0.962081 -0.432601
v -0.379586 -0.921920 -0.472323
v -0.377533 -0.854982 -0.565018
v -0.674722 0.533121 -0.674722
v -0.628134 0.423401 -0.789423
v -0.741530 0.303554 -0.741530
v -0.789423 0.423401 -0.628135
v -0.278213 -1.024533 -0.311049
v -0.253723 -1.032549 -0.253723
v -0.311049 -1.024533 -0.278213
v -0.331401 -0.986036 -0.331401
v -0.487454 -0.783472 -0.598644
v -0.485437 -0.851973 -0.485437
v -0.598644 -0.783472 -0.487454
v -0.596627 -0.693713 -0.596627
v -0.187679 -1.087456 -0.114557
v -0.216750 -1.061316 -0.144828
v -0.177659 -1.087456 -0.129554
v -0.144058 -1.079740 -0.096256
v -0.187679 1.087456 -0.114557
v -0.144057 1.079740 -0.096256
v -0.177659 1.087456 -0.129554
v -0.216750 1.061316 -0.144828
v -0.628134 -0.423400 -0.789423
v -0.674722 -0.533121 -0.674722
v -0.789423 -0.423401 -0.628135
v -0.741530 -0.303554 -0.741530
v -0.278221 -0.423400 -0.969709
v -0.365157 -0.533121 -0.881567
v -0.488955 -0.423400 -0.882420
v -0.401313 -0.303554 -0.968856
v -0.179353 -0.986036 -0.432997
v -0.138002 -1.024533 -0.393839
v -0.137314 -1.032549 -0.331505
v -0.180904 -1.024533 -0.376068
v -0.419082 -0.615098 -0.805505
v -0.463639 -0.706998 -0.693885
v -0.583814 -0.615098 -0.695435
v -0.537186 -0.507600 -0.803955
v -0.221258 -0.783472 -0.739616
v -0.262716 -0.851973 -0.634254
v -0.366534 -0.783472 -0.679440
v -0.322892 -0.693713 -0.779530
v -0.291108 0.921920 -0.531442
v -0.377533 0.854982 -0.565018
v -0.379586 0.921920 -0.472323
v -0.289055 0.962081 -0.432601
v -0.488515 0.215748 -0.952882
v -0.604436 0.089269 -0.904604
v -0.693401 0.215748 -0.815982
v -0.577206 0.337271 -0.863850
v -0.129554 1.087456 -0.177659
v -0.096256 1.079740 -0.144057
v -0.114557 1.087456 -0.187679
v -0.144828 1.061316 -0.216750
v -0.365157 0.533121 -0.881567
v -0.278221 0.423400 -0.969709
v -0.401313 0.303554 -0.968856
v -0.488955 0.423400 -0.882420
v -0.065574 -0.921920 -0.602391
v -0.101502 -0.962081 -0.510288
v -0.169942 -0.921920 -0.581631
v -0.132572 -0.854982 -0.666484
v -0.078928 0.615098 -0.904566
v -0.188634 0.507600 -0.948330
v -0.273242 0.615098 -0.865914
v -0.162808 0.706998 -0.818493
v -0.488515 -0.215748 -0.952882
v -0.577206 -0.337271 -0.863850
v -0.693401 -0.215748 -0.815982
v -0.604436 -0.089269 -0.904604
v -0.078928 -0.615098 -0.904566
v -0.162808 -0.706998 -0.818493
v -0.273242 -0.615098 -0.865914
v -0.188635 -0.507600 -0.948330
v -0.086678 0.215748 -1.067295
v -0.212250 0.089269 -1.067053
v -0.328356 0.215748 -1.019222
v -0.202688 0.337271 -1.018980
v -0.051705 -1.087456 -0.213713
v -0.050857 -1.061316 -0.255674
v -0.034015 -1.087456 -0.217232
v -0.033801 -1.079740 -0.169928
v -0.051705 1.087456 -0.213713
v -0.033801 1.079740 -0.169928
v -0.034015 1.087456 -0.217232
v -0.050857 1.061316 -0.255674
v 0.114048 0.423401 -1.002365
v -0.000000 0.303554 -1.048682
v -0.114048 0.423401 -1.002365
v -0.000000 0.533121 -0.954201
v -0.065575 0.921920 -0.602391
v -0.132572 0.854982 -0.666485
v -0.169942 0.921920 -0.581631
v -0.101503 0.962081 -0.510288
v 0.328356 -0.215748 -1.019222
v 0.202688 -0.337271 -1.018981
v 0.086678 -0.215748 -1.067295
v 0.212250 -0.089269 -1.067053
v -0.086678 -0.215748 -1.067295
v -0.202688 -0.337271 -1.018980
v -0.328356 -0.215748 -1.019222
v -0.212250 -0.089269 -1.067053
v 0.366535 -0.783472 -0.679440
v 0.262717 -0.851973 -0.634254
v 0.221258 -0.783472 -0.739616
v 0.322892 -0.693713 -0.779531
v 0.693401 0.215748 -0.815982
v 0.604437 0.089269 -0.904604
v 0.488516 0.215748 -0.952882
v 0.577206 0.337271 -0.863850
v 0.034015 1.087455 -0.217232
v 0.033801 1.079740 -0.169927
v 0.051705 1.087456 -0.213713
v 0.050857 1.061316 -0.255675
v 0.180904 1.024533 -0.376069
v 0.179353 0.986036 -0.432997
v 0.138002 1.024533 -0.393839
v 0.137314 1.032549 -0.331505
v 0.379587 0.921920 -0.472323
v 0.377533 0.854982 -0.565019
v 0.291108 0.921920 -0.531442
v 0.289055 0.962081 -0.432601
v 0.311049 1.024533 -0.278213
v 0.331402 0.986036 -0.331402
v 0.278213 1.024533 -0.311049
v 0.253723 1.032549 -0.253723
v 0.366535 0.783472 -0.679440
v 0.322892 0.693713 -0.779531
v 0.221258 0.783472 -0.739616
v 0.262717 0.851973 -0.634254
v 0.583814 0.615098 -0.695435
v 0.537186 0.507600 -0.803956
v 0.419082 0.615098 -0.805506
v 0.463639 0.706998 -0.693885
v 0.180904 -1.024533 -0.376069
v 0.137314 -1.032549 -0.331505
v 0.138002 -1.024533 -0.393839
v 0.179353 -0.986036 -0.432997
v 0.815982 0.215748 0.693401
v 0.904604 0.089269 0.604437
v 0.952882 0.215748 0.488516
v 0.863850 0.337271 0.577206
vn -0.0000 0.8286 -0.5598
vn -0.0000 0.5469 -0.8372
vn -0.0000 0.1904 -0.9817
vn -0.0000 -0.1904 -0.9817
vn -0.0000 -0.5469 -0.8372
vn 0.0744 0.9244 -0.3740
vn 0.1393 0.7003 -0.7001
vn 0.1809 0.3748 -0.9093
vn 0.1951 -0.0000 -0.9808
vn 0.1809 -0.3748 -0.9093
vn 0.1393 -0.7003 -0.7001
vn 0.0744 -0.9244 -0.3740
vn 0.0493 0.9917 -0.1190
vn 0.2142 0.8286 -0.5172
vn 0.3204 0.5469 -0.7735
vn 0.3757 0.1904 -0.9070
vn 0.3757 -0.1904 -0.9070
vn 0.3204 -0.5469 -0.7735
vn 0.2142 -0.8286 -0.5172
vn 0.0493 -0.9917 -0.1190
vn 0.2119 0.9244 -0.3171
vn 0.3966 0.7003 -0.5935
vn 0.5151 0.3748 -0.7709
vn 0.5556 -0.0000 -0.8315
vn 0.5151 -0.3748 -0.7709
vn 0.3966 -0.7003 -0.5935
vn 0.2119 -0.9244 -0.3171
vn 0.0911 0.9917 -0.0911
vn 0.3959 0.8286 -0.3959
vn 0.5920 0.5469 -0.5920
vn 0.6942 0.1904 -0.6942
vn 0.6942 -0.1904 -0.6942
vn 0.5920 -0.5469 -0.5920
vn 0.3959 -0.8286 -0.3959
vn 0.0911 -0.9917 -0.0911
vn 0.3171 0.9244 -0.2119
vn 0.5935 0.7003 -0.3966
vn 0.7709 0.3748 -0.5151
vn 0.8315 -0.0000 -0.5556
vn 0.7709 -0.3748 -0.5151
vn 0.5935 -0.7003 -0.3966
vn 0.3171 -0.9244 -0.2119
vn -0.0000 1.0000 -0.0000
vn 0.1190 0.9917 -0.0493
vn 0.5172 0.8286 -0.2142
vn 0.7735 0.5469 -0.3204
vn 0.9070 0.1904 -0.3757
vn 0.9070 -0.1904 -0.3757
vn 0.7735 -0.5469 -0.3204
vn 0.5172 -0.8286 -0.2142
vn 0.1190 -0.9917 -0.0493
vn 0.3740 0.9244 -0.0744
vn 0.7001 0.7003 -0.1393
vn 0.9093 0.3748 -0.1809
vn 0.9808 -0.0000 -0.1951
vn 0.9093 -0.3748 -0.1809
vn 0.7001 -0.7003 -0.1393
vn 0.3740 -0.9244 -0.0744
vn 0.1288 0.9917 -0.0000
vn 0.5598 0.8286 -0.0000
vn 0.8372 0.5469 -0.0000
vn 0.9817 0.1904 -0.0000
vn 0.9817 -0.1904 -0.0000
vn 0.8372 -0.5469 -0.0000
vn 0.5598 -0.8286 -0.0000
vn 0.1288 -0.9917 -0.0000
vn 0.3740 0.9244 0.0744
vn 0.7001 0.7003 0.1393
vn 0.9093 0.3748 0.1809
vn 0.9808 -0.0000 0.1951
vn 0.9093 -0.3748 0.1809
vn 0.7001 -0.7003 0.1393
vn 0.3740 -0.9244 0.0744
vn 0.1190 0.9917 0.0493
vn 0.5172 0.8286 0.2142
vn 0.7735 0.5469 0.3204
vn 0.9070 0.1904 0.3757
vn 0.9070 -0.1904 0.3757
vn 0.7735 -0.5469 0.3204
vn 0.5172 -0.8286 0.2142
vn 0.1190 -0.9917 0.0493
vn 0.3171 0.9244 0.2119
vn 0.5935 0.7003 0.3966
vn 0.7709 0.3748 0.5151
vn 0.8315 -0.0000 0.5556
vn 0.7709 -0.3748 0.5151
vn 0.5935 -0.7003 0.3966
vn 0.3171 -0.9244 0.2119
vn 0.0911 0.9917 0.0911
vn 0.3959 0.8286 0.3959
vn 0.5920 0.5469 0.5920
vn 0.6942 0.1904 0.6942
vn 0.6942 -0.1904 0.6942
vn 0.5920 -0.5469 0.5920
vn 0.3959 -0.8286 0.3959
vn 0.0911 -0.9917 0.0911
vn 0.2119 0.9244 0.3171
vn 0.3966 0.7003 0.5935
vn 0.5151 0.3748 0.7709
vn 0.5556 -0.0000 0.8315
vn 0.5151 -0.3748 0.7709
vn 0.3966 -0.7003 0.5935
vn 0.2119 -0.9244 0.3171
vn 0.0493 0.9917 0.1190
vn 0.2142 0.8286 0.5172
vn 0.3204 0.5469 0.7735
vn 0.3757 0.1904 0.9070
vn 0.3757 -0.1904 0.9070
vn 0.3204 -0.5469 0.7735
vn 0.2142 -0.8286 0.5172
vn 0.0493 -0.9917 0.1190
vn 0.0744 0.9244 0.3740
vn 0.1393 0.7003 0.7001
vn 0.1809 0.3748 0.9093
vn 0.1951 -0.0000 0.9808
vn 0.1809 -0.3748 0.9093
vn 0.1393 -0.7003 0.7001
vn 0.0744 -0.9244 0.3740
vn -0.0000 0.9917 0.1288
vn -0.0000 0.8286 0.5598
vn -0.0000 0.5469 0.8372
vn -0.0000 0.1904 0.9817
vn -0.0000 -0.1904 0.9817
vn -0.0000 -0.5469 0.8372
vn -0.0000 -0.8286 0.5598
vn -0.0000 -0.9917 0.1288
vn -0.0744 0.9244 0.3740
vn -0.1393 0.7003 0.7001
vn -0.1809 0.3748 0.9093
vn -0.1951 -0.0000 0.9808
vn -0.1809 -0.3748 0.9093
vn -0.1393 -0.7003 0.7001
vn -0.0744 -0.9244 0.3740
vn -0.0493 0.9917 0.1190
vn -0.2142 0.8286 0.5172
vn -0.3204 0.5469 0.7735
vn -0.3757 0.1904 0.9070
vn -0.3757 -0.1904 0.9070
vn -0.3204 -0.5469 0.7735
vn -0.2142 -0.8286 0.5172
vn -0.0493 -0.9917 0.1190
vn -0.2119 0.9244 0.3171
vn -0.3966 0.7003 0.5935
vn -0.5151 0.3748 0.7709
vn -0.5556 -0.0000 0.8315
vn -0.5151 -0.3748 0.7709
vn -0.3966 -0.7003 0.5935
vn -0.2119 -0.9244 0.3171
vn -0.0911 0.9917 0.0911
vn -0.3959 0.8286 0.3959
vn -0.5920 0.5469 0.5920
vn -0.6942 0.1904 0.6942
vn -0.6942 -0.1904 0.6942
vn -0.5920 -0.5469 0.5920
vn -0.3959 -0.8286 0.3959
vn -0.0911 -0.9917 0.0911
vn -0.0000 -1.0000 -0.0000
vn -0.3171 0.9244 0.2119
vn -0.5935 0.7003 0.3966
vn -0.7709 0.3748 0.5151
vn -0.8315 -0.0000 0.5556
vn -0.7709 -0.3748 0.5151
vn -0.5935 -0.7003 0.3966
vn -0.3171 -0.9244 0.2119
vn -0.1190 0.9917 0.0493
vn -0.5172 0.8286 0.2142
vn -0.7735 0.5469 0.3204
vn -0.9070 0.1904 0.3757
vn -0.9070 -0.1904 0.3757
vn -0.7735 -0.5469 0.3204
vn -0.5172 -0.8286 0.2142
vn -0.1190 -0.9917 0.0493
vn -0.3740 0.9244 0.0744
vn -0.7001 0.7003 0.1393
vn -0.9093 0.3748 0.1809
vn -0.9808 -0.0000 0.1951
vn -0.9093 -0.3748 0.1809
vn -0.7001 -0.7003 0.1393
vn -0.3740 -0.9244 0.0744
vn -0.1288 0.9917 -0.0000
vn -0.5598 0.8286 -0.0000
vn -0.8372 0.5469 -0.0000
vn -0.9817 0.1904 -0.0000
vn -0.9817 -0.1904 -0.0000
vn -0.8372 -0.5469 -0.0000
vn -0.5598 -0.8286 -0.0000
vn -0.1288 -0.9917 -0.0000
vn -0.3740 0.9244 -0.0744
vn -0.7001 0.7003 -0.1393
vn -0.9093 0.3748 -0.1809
vn -0.9808 -0.0000 -0.1951
vn -0.9093 -0.3748 -0.1809
vn -0.7001 -0.7003 -0.1393
vn -0.3740 -0.9244 -0.0744
vn -0.1190 0.9917 -0.0493
vn -0.5172 0.8286 -0.2142
vn -0.7735 0.5469 -0.3204
vn -0.9070 0.1904 -0.3757
vn -0.9070 -0.1904 -0.3757
vn -0.7735 -0.5469 -0.3204
vn -0.5172 -0.8286 -0.2142
vn -0.1190 -0.9917 -0.0493
vn -0.3171 0.9244 -0.2119
vn -0.5935 0.7003 -0.3966
vn -0.7709 0.3748 -0.5151
vn -0.8315 -0.0000 -0.5556
vn -0.7709 -0.3748 -0.5151
vn -0.5935 -0.7003 -0.3966
vn -0.3171 -0.9244 -0.2119
vn -0.0911 0.9917 -0.0911
vn -0.3959 0.8286 -0.3959
vn -0.5920 0.5469 -0.5920
vn -0.6942 0.1904 -0.6942
vn -0.6942 -0.1904 -0.6942
vn -0.5920 -0.5469 -0.5920
vn -0.3959 -0.8286 -0.3959
vn -0.0911 -0.9917 -0.0911
vn -0.2119 0.9244 -0.3171
vn -0.3966 0.7003 -0.5935
vn -0.5151 0.3748 -0.7709
vn -0.5556 -0.0000 -0.8315
vn -0.5151 -0.3748 -0.7709
vn -0.3966 -0.7003 -0.5935
vn -0.2119 -0.9244 -0.3171
vn -0.0493 0.9917 -0.1190
vn -0.2142 0.8286 -0.5172
vn -0.3204 0.5469 -0.7735
vn -0.3757 0.1904 -0.9070
vn -0.3757 -0.1904 -0.9070
vn -0.3204 -0.5469 -0.7735
vn -0.2142 -0.8286 -0.5172
vn -0.0493 -0.9917 -0.1190
vn -0.0744 0.9244 -0.3740
vn -0.1393 0.7003 -0.7001
vn -0.1809 0.3748 -0.9093
vn -0.1951 -0.0000 -0.9808
vn -0.1809 -0.3748 -0.9093
vn -0.1393 -0.7003 -0.7001
vn -0.0744 -0.9244 -0.3740
vn -0.0000 0.9917 -0.1288
vn -0.0000 -0.8286 -0.5598
vn -0.0000 -0.9917 -0.1288
vn 0.7003 -0.7088 -0.0851
vn 0.1509 -0.9624 -0.2259
vn -0.1894 -0.7088 -0.6796
vn 0.4305 -0.6322 -0.6442
vn 0.5961 0.1789 -0.7828
vn 0.1898 -0.2319 -0.9540
vn -0.2511 0.1789 -0.9513
vn 0.1571 0.5929 -0.7898
vn -0.5869 0.7521 -0.2998
vn -0.0000 0.9886 -0.1504
vn 0.5869 0.7521 -0.2998
vn -0.0000 0.8090 -0.5878
vn -0.8730 -0.4124 -0.2603
vn 0.1292 -0.7492 -0.6496
vn 0.9062 -0.4124 0.0936
vn -0.0580 -0.9547 0.2918
vn -0.0000 -0.4248 -0.9053
vn -0.4280 -0.0000 -0.9038
vn -0.0000 0.4248 -0.9053
vn 0.4280 -0.0000 -0.9038
vn 0.5016 0.7521 0.4275
vn 0.5430 0.8090 -0.2249
vn 0.0524 0.7521 -0.6570
vn 0.1390 0.9886 -0.0576
vn -0.7070 -0.4124 -0.5745
vn 0.3680 -0.7492 -0.5507
vn 0.8013 -0.4124 0.4333
vn -0.1653 -0.9547 0.2474
vn 0.7260 0.3485 -0.5928
vn 0.3826 -0.0207 -0.9237
vn -0.0942 0.3485 -0.9326
vn 0.2608 0.7317 -0.6297
vn 0.9417 -0.0000 -0.3364
vn 0.6401 -0.4248 -0.6401
vn 0.3364 -0.0000 -0.9417
vn 0.6401 0.4248 -0.6401
vn -0.4439 -0.3485 -0.8255
vn -0.0000 0.0207 -0.9998
vn 0.4439 -0.3485 -0.8255
vn -0.0000 -0.7317 -0.6816
vn -0.4952 0.6221 -0.6064
vn -0.0000 0.9144 -0.4048
vn 0.4952 0.6221 -0.6064
vn -0.0000 0.4231 -0.9061
vn 0.7260 -0.3485 -0.5928
vn 0.2608 -0.7317 -0.6297
vn -0.0942 -0.3485 -0.9326
vn 0.3826 0.0207 -0.9237
vn -0.4952 -0.6221 -0.6064
vn -0.0000 -0.4231 -0.9061
vn 0.4952 -0.6221 -0.6064
vn -0.0000 -0.9144 -0.4048
vn -0.4333 -0.4124 -0.8013
vn 0.5507 -0.7492 -0.3680
vn 0.5745 -0.4124 0.7070
vn -0.2474 -0.9547 0.1653
vn 0.6144 0.7088 -0.3466
vn 0.1512 0.6322 -0.7599
vn -0.4350 0.7088 -0.5554
vn 0.0530 0.9624 -0.2665
vn 0.5985 -0.4994 -0.6265
vn 0.1062 -0.8387 -0.5341
vn -0.3132 -0.4994 -0.8078
vn 0.1911 -0.2010 -0.9608
vn 0.9988 -0.0000 0.0496
vn 0.8364 -0.4248 -0.3464
vn 0.6712 -0.0000 -0.7413
vn 0.8364 0.4248 -0.3464
vn 0.5404 0.2319 -0.8088
vn 0.8502 -0.1789 -0.4951
vn 0.4474 -0.5929 -0.6695
vn 0.1320 -0.1789 -0.9750
vn 0.5985 0.4994 -0.6265
vn 0.1911 0.2010 -0.9608
vn -0.3132 0.4994 -0.8078
vn 0.1062 0.8387 -0.5341
vn 0.6144 -0.7088 -0.3466
vn 0.0530 -0.9624 -0.2665
vn -0.4350 -0.7088 -0.5554
vn 0.1512 -0.6322 -0.7599
vn 0.7790 0.6221 -0.0787
vn 0.6407 0.4231 -0.6407
vn 0.0787 0.6221 -0.7790
vn 0.2862 0.9144 -0.2862
vn 0.7413 -0.0000 -0.6712
vn 0.3464 -0.4248 -0.8364
vn -0.0496 -0.0000 -0.9988
vn 0.3464 0.4248 -0.8364
vn 0.7926 -0.4994 -0.3498
vn 0.3026 -0.8387 -0.4528
vn 0.0198 -0.4994 -0.8662
vn 0.5442 -0.2010 -0.8145
vn 0.4820 0.7317 -0.4820
vn 0.8976 0.3485 -0.2699
vn 0.7070 -0.0207 -0.7070
vn 0.2699 0.3485 -0.8976
vn 0.6796 -0.7088 0.1894
vn 0.2259 -0.9624 -0.1509
vn 0.0851 -0.7088 -0.7003
vn 0.6442 -0.6322 -0.4305
vn -0.5869 -0.7521 -0.2998
vn -0.0000 -0.8090 -0.5878
vn 0.5869 -0.7521 -0.2998
vn -0.0000 -0.9886 -0.1504
vn -0.7070 0.4124 -0.5745
vn -0.1653 0.9547 0.2474
vn 0.8013 0.4124 0.4333
vn 0.3680 0.7492 -0.5507
vn 0.6271 -0.7521 0.2030
vn 0.1064 -0.9886 -0.1064
vn -0.2030 -0.7521 -0.6270
vn 0.4156 -0.8090 -0.4156
vn 0.7790 -0.6221 -0.0787
vn 0.2862 -0.9144 -0.2862
vn 0.0787 -0.6221 -0.7790
vn 0.6407 -0.4231 -0.6407
vn 0.6064 -0.6221 0.4952
vn 0.4048 -0.9144 -0.0000
vn 0.6064 -0.6221 -0.4952
vn 0.9061 -0.4231 -0.0000
vn 0.8976 -0.3485 -0.2699
vn 0.4820 -0.7317 -0.4820
vn 0.2699 -0.3485 -0.8976
vn 0.7070 0.0207 -0.7070
vn 0.8662 0.4994 -0.0198
vn 0.8145 0.2010 -0.5442
vn 0.3498 0.4994 -0.7926
vn 0.4528 0.8387 -0.3026
vn 0.9326 -0.3485 0.0942
vn 0.6297 -0.7317 -0.2608
vn 0.5928 -0.3485 -0.7260
vn 0.9237 0.0207 -0.3826
vn 0.9038 -0.0000 0.4280
vn 0.9053 -0.4248 -0.0000
vn 0.9038 -0.0000 -0.4280
vn 0.9053 0.4248 -0.0000
vn 0.3466 0.7088 0.6144
vn 0.7599 0.6322 0.1512
vn 0.5554 0.7088 -0.4350
vn 0.2665 0.9624 0.0530
vn 0.5430 -0.8090 -0.2249
vn 0.5016 -0.7521 0.4275
vn 0.1390 -0.9886 -0.0576
vn 0.0524 -0.7521 -0.6570
vn 0.8662 -0.4994 -0.0198
vn 0.4528 -0.8387 -0.3026
vn 0.3498 -0.4994 -0.7926
vn 0.8145 -0.2010 -0.5442
vn 0.7498 -0.6221 0.2254
vn 0.3740 -0.9144 -0.1549
vn 0.3708 -0.6221 -0.6896
vn 0.8371 -0.4231 -0.3468
vn 0.6796 0.7088 0.1894
vn 0.6442 0.6322 -0.4305
vn 0.0851 0.7088 -0.7003
vn 0.2259 0.9624 -0.1509
vn 0.9750 0.1789 -0.1320
vn 0.8088 -0.2319 -0.5404
vn 0.4951 0.1789 -0.8502
vn 0.6695 0.5929 -0.4474
vn 0.7828 0.1789 0.5961
vn 0.9540 -0.2319 0.1898
vn 0.9513 0.1789 -0.2511
vn 0.7898 0.5929 0.1571
vn 0.5745 0.4124 0.7070
vn 0.5507 0.7492 -0.3680
vn -0.4333 0.4124 -0.8013
vn -0.2474 0.9547 0.1653
vn 0.6297 0.7317 -0.2608
vn 0.9326 0.3485 0.0942
vn 0.9237 -0.0207 -0.3826
vn 0.5928 0.3485 -0.7260
vn 0.5554 -0.7088 0.4350
vn 0.2665 -0.9624 -0.0530
vn 0.3466 -0.7088 -0.6144
vn 0.7599 -0.6322 -0.1512
vn 0.8078 0.4994 0.3131
vn 0.9608 0.2010 -0.1911
vn 0.6265 0.4994 -0.5985
vn 0.5341 0.8387 -0.1062
vn 0.9750 -0.1789 -0.1320
vn 0.6695 -0.5929 -0.4474
vn 0.4951 -0.1789 -0.8502
vn 0.8088 0.2319 -0.5404
vn 0.8255 -0.3485 0.4439
vn 0.6816 -0.7317 -0.0000
vn 0.8255 -0.3485 -0.4439
vn 0.9998 0.0207 -0.0000
vn 0.6265 0.4994 0.5985
vn 0.9608 0.2010 0.1911
vn 0.8078 0.4994 -0.3131
vn 0.5341 0.8387 0.1062
vn 0.7498 0.6221 0.2254
vn 0.8371 0.4231 -0.3468
vn 0.3708 0.6221 -0.6896
vn 0.3740 0.9144 -0.1549
vn 0.6064 0.6221 0.4952
vn 0.9061 0.4231 -0.0000
vn 0.6064 0.6221 -0.4952
vn 0.4048 0.9144 -0.0000
vn 0.8078 -0.4994 0.3131
vn 0.5341 -0.8387 -0.1062
vn 0.6265 -0.4994 -0.5985
vn 0.9608 -0.2010 -0.1911
vn 0.5878 -0.8090 -0.0000
vn 0.2998 -0.7521 0.5869
vn 0.1504 -0.9886 -0.0000
vn 0.2998 -0.7521 -0.5869
vn 0.9513 0.1789 0.2511
vn 0.9540 -0.2319 -0.1898
vn 0.7828 0.1789 -0.5961
vn 0.7898 0.5929 -0.1571
vn -0.0936 -0.4124 -0.9062
vn 0.6496 -0.7492 -0.1292
vn 0.2603 -0.4124 0.8730
vn -0.2918 -0.9547 0.0580
vn 0.2603 0.4124 0.8730
vn 0.6496 0.7492 -0.1292
vn -0.0936 0.4124 -0.9062
vn -0.2918 0.9547 0.0580
vn 0.2665 0.9624 -0.0530
vn 0.5554 0.7088 0.4350
vn 0.7599 0.6322 -0.1512
vn 0.3466 0.7088 -0.6144
vn 0.3708 0.6221 0.6896
vn 0.8371 0.4231 0.3468
vn 0.7498 0.6221 -0.2254
vn 0.3740 0.9144 0.1549
vn 0.3466 -0.7088 0.6144
vn 0.2665 -0.9624 0.0530
vn 0.5554 -0.7088 -0.4350
vn 0.7599 -0.6322 0.1512
vn 0.7828 -0.1789 0.5961
vn 0.7898 -0.5929 0.1571
vn 0.9513 -0.1789 -0.2511
vn 0.9540 0.2319 0.1898
vn 0.9513 -0.1789 0.2511
vn 0.7898 -0.5929 -0.1571
vn 0.7828 -0.1789 -0.5961
vn 0.9540 0.2319 -0.1898
vn 0.2998 0.7521 0.5869
vn 0.5878 0.8090 -0.0000
vn 0.2998 0.7521 -0.5869
vn 0.1504 0.9886 -0.0000
vn 0.3498 0.4994 0.7926
vn 0.8145 0.2010 0.5442
vn 0.8662 0.4994 0.0198
vn 0.4528 0.8387 0.3026
vn 0.1320 0.1789 0.9750
vn 0.5404 -0.2319 0.8088
vn 0.8502 0.1789 0.4951
vn 0.4474 0.5929 0.6695
vn 0.0787 0.6221 0.7790
vn 0.6407 0.4231 0.6407
vn 0.7790 0.6221 0.0787
vn 0.2862 0.9144 0.2862
vn 0.5928 -0.3485 0.7260
vn 0.6297 -0.7317 0.2609
vn 0.9326 -0.3485 -0.0942
vn 0.9237 0.0207 0.3826
vn -0.2030 0.7521 0.6270
vn 0.4156 0.8090 0.4156
vn 0.6270 0.7521 -0.2030
vn 0.1064 0.9886 0.1064
vn 0.2603 -0.4124 -0.8730
vn 0.6496 -0.7492 0.1292
vn -0.0936 -0.4124 0.9062
vn -0.2918 -0.9547 -0.0580
vn 0.8255 0.3485 0.4439
vn 0.9998 -0.0207 -0.0000
vn 0.8255 0.3485 -0.4439
vn 0.6816 0.7317 -0.0000
vn 0.9608 -0.2010 0.1911
vn 0.6265 -0.4994 0.5985
vn 0.5341 -0.8387 0.1062
vn 0.8078 -0.4994 -0.3131
vn 0.5928 0.3485 0.7260
vn 0.9237 -0.0207 0.3826
vn 0.9326 0.3485 -0.0942
vn 0.6297 0.7317 0.2608
vn 0.5745 -0.4124 -0.7070
vn 0.5507 -0.7492 0.3680
vn -0.4333 -0.4124 0.8013
vn -0.2474 -0.9547 -0.1653
vn 0.0851 -0.7088 0.7003
vn 0.2259 -0.9624 0.1509
vn 0.6796 -0.7088 -0.1894
vn 0.6442 -0.6322 0.4305
vn -0.2511 0.1789 0.9513
vn 0.1898 -0.2319 0.9540
vn 0.5961 0.1789 0.7828
vn 0.1571 0.5929 0.7898
vn 0.2699 0.3485 0.8976
vn 0.7070 -0.0207 0.7070
vn 0.8976 0.3485 0.2699
vn 0.4820 0.7317 0.4820
vn 0.2603 0.4124 -0.8730
vn -0.2918 0.9547 -0.0580
vn -0.0936 0.4124 0.9062
vn 0.6496 0.7492 0.1292
vn 0.0524 0.7521 0.6570
vn 0.5430 0.8090 0.2249
vn 0.5016 0.7521 -0.4275
vn 0.1390 0.9886 0.0576
vn 0.3708 -0.6221 0.6896
vn 0.3740 -0.9144 0.1549
vn 0.7498 -0.6221 -0.2254
vn 0.8371 -0.4231 0.3468
vn 0.8364 0.4248 0.3464
vn 0.6712 -0.0000 0.7413
vn 0.8364 -0.4248 0.3464
vn 0.9988 -0.0000 -0.0496
vn 0.0787 -0.6221 0.7790
vn 0.2862 -0.9144 0.2862
vn 0.7790 -0.6221 0.0787
vn 0.6407 -0.4231 0.6407
vn 0.2699 -0.3485 0.8976
vn 0.4820 -0.7317 0.4820
vn 0.8976 -0.3485 0.2699
vn 0.7070 0.0207 0.7070
vn 0.3026 0.8387 0.4528
vn 0.0198 0.4994 0.8662
vn 0.5442 0.2010 0.8145
vn 0.7926 0.4994 0.3498
vn 0.0851 0.7088 0.7003
vn 0.6442 0.6322 0.4305
vn 0.6796 0.7088 -0.1894
vn 0.2259 0.9624 0.1509
vn -0.4275 0.7521 0.5016
vn 0.2249 0.8090 0.5430
vn 0.6570 0.7521 0.0524
vn 0.0576 0.9886 0.1390
vn 0.0524 -0.7521 0.6570
vn 0.1390 -0.9886 0.0576
vn 0.5016 -0.7521 -0.4275
vn 0.5430 -0.8090 0.2249
vn 0.4951 -0.1789 0.8502
vn 0.6695 -0.5929 0.4474
vn 0.9750 -0.1789 0.1320
vn 0.8088 0.2319 0.5404
vn -0.2030 -0.7521 0.6270
vn 0.1064 -0.9886 0.1064
vn 0.6270 -0.7521 -0.2030
vn 0.4156 -0.8090 0.4156
vn -0.4275 -0.7521 0.5016
vn 0.0576 -0.9886 0.1390
vn 0.6570 -0.7521 0.0524
vn 0.2249 -0.8090 0.5430
vn -0.1894 -0.7088 0.6796
vn 0.1509 -0.9624 0.2259
vn 0.7003 -0.7088 0.0851
vn 0.4305 -0.6322 0.6442
vn -0.3132 -0.4994 0.8078
vn 0.1062 -0.8387 0.5341
vn 0.5985 -0.4994 0.6265
vn 0.1911 -0.2010 0.9608
vn 0.5745 0.4124 -0.7070
vn -0.2474 0.9547 -0.1653
vn -0.4333 0.4124 0.8013
vn 0.5507 0.7492 0.3680
vn 0.6401 0.4248 0.6401
vn 0.3364 -0.0000 0.9417
vn 0.6401 -0.4248 0.6401
vn 0.9417 -0.0000 0.3364
vn 0.1062 0.8387 0.5341
vn -0.3132 0.4994 0.8078
vn 0.1911 0.2010 0.9608
vn 0.5985 0.4994 0.6265
vn 0.8013 -0.4124 -0.4333
vn 0.3680 -0.7492 0.5507
vn -0.7070 -0.4124 0.5745
vn -0.1653 -0.9547 -0.2474
vn -0.0942 0.3485 0.9326
vn 0.3826 -0.0207 0.9237
vn 0.7260 0.3485 0.5928
vn 0.2608 0.7317 0.6297
vn 0.3498 -0.4994 0.7926
vn 0.4528 -0.8387 0.3026
vn 0.8662 -0.4994 0.0198
vn 0.8145 -0.2010 0.5442
vn -0.2254 -0.6221 0.7498
vn 0.1549 -0.9144 0.3740
vn 0.6896 -0.6221 0.3708
vn 0.3468 -0.4231 0.8371
vn -0.0942 -0.3485 0.9326
vn 0.2608 -0.7317 0.6297
vn 0.7260 -0.3485 0.5928
vn 0.3826 0.0207 0.9237
vn -0.1894 0.7088 0.6796
vn 0.4305 0.6322 0.6442
vn 0.7003 0.7088 0.0851
vn 0.1509 0.9624 0.2259
vn -0.4439 0.3485 0.8255
vn -0.0000 -0.0207 0.9998
vn 0.4439 0.3485 0.8255
vn -0.0000 0.7317 0.6816
vn 0.1320 -0.1789 0.9750
vn 0.4474 -0.5929 0.6695
vn 0.8502 -0.1789 0.4951
vn 0.5404 0.2319 0.8088
vn -0.2254 0.6221 0.7498
vn 0.3468 0.4231 0.8371
vn 0.6896 0.6221 0.3708
vn 0.1549 0.9144 0.3740
vn -0.2511 -0.1789 0.9513
vn 0.1571 -0.5929 0.7898
vn 0.5961 -0.1789 0.7828
vn 0.1898 0.2319 0.9540
vn 0.8013 0.4124 -0.4333
vn -0.1653 0.9547 -0.2474
vn -0.7070 0.4124 0.5745
vn 0.3680 0.7492 0.5507
vn 0.9062 -0.4124 -0.0936
vn 0.1292 -0.7492 0.6496
vn -0.8730 -0.4124 0.2603
vn -0.0580 -0.9547 -0.2918
vn 0.0198 -0.4994 0.8662
vn 0.3026 -0.8387 0.4528
vn 0.7926 -0.4994 0.3498
vn 0.5442 -0.2010 0.8145
vn -0.5961 0.1789 0.7828
vn -0.1898 -0.2319 0.9540
vn 0.2511 0.1789 0.9513
vn -0.1571 0.5929 0.7898
vn -0.4439 -0.3485 0.8255
vn -0.0000 -0.7317 0.6816
vn 0.4439 -0.3485 0.8255
vn -0.0000 0.0207 0.9998
vn -0.0000 0.9886 0.1504
vn -0.5869 0.7521 0.2998
vn -0.0000 0.8090 0.5878
vn 0.5869 0.7521 0.2998
vn -0.4350 0.7088 0.5554
vn 0.1512 0.6322 0.7599
vn 0.6144 0.7088 0.3466
vn 0.0530 0.9624 0.2665
vn 0.1512 -0.6322 0.7599
vn -0.4350 -0.7088 0.5554
vn 0.0530 -0.9624 0.2665
vn 0.6144 -0.7088 0.3466
vn -0.5869 -0.7521 0.2998
vn -0.0000 -0.9886 0.1504
vn 0.5869 -0.7521 0.2998
vn -0.0000 -0.8090 0.5878
vn -0.4952 -0.6221 0.6064
vn -0.0000 -0.9144 0.4048
vn 0.4952 -0.6221 0.6064
vn -0.0000 -0.4231 0.9061
vn -0.4952 0.6221 0.6064
vn -0.0000 0.4231 0.9061
vn 0.4952 0.6221 0.6064
vn -0.0000 0.9144 0.4048
vn -0.0496 -0.0000 0.9988
vn 0.3464 -0.4248 0.8364
vn 0.7413 -0.0000 0.6712
vn 0.3464 0.4248 0.8364
vn -0.5961 -0.1789 0.7828
vn -0.1571 -0.5929 0.7898
vn 0.2511 -0.1789 0.9513
vn -0.1898 0.2319 0.9540
vn 0.9062 0.4124 -0.0936
vn -0.0580 0.9547 -0.2918
vn -0.8730 0.4124 0.2603
vn 0.1292 0.7492 0.6496
vn 0.8730 -0.4124 0.2603
vn -0.1292 -0.7492 0.6496
vn -0.9062 -0.4124 -0.0936
vn 0.0580 -0.9547 -0.2918
vn -0.3826 0.0207 0.9237
vn -0.7260 -0.3485 0.5928
vn -0.2609 -0.7317 0.6297
vn 0.0942 -0.3485 0.9326
vn -0.5985 -0.4994 0.6265
vn -0.1062 -0.8387 0.5341
vn 0.3132 -0.4994 0.8078
vn -0.1911 -0.2010 0.9608
vn -0.7926 0.4994 0.3498
vn -0.5442 0.2010 0.8145
vn -0.0198 0.4994 0.8662
vn -0.3026 0.8387 0.4528
vn -0.6570 -0.7521 0.0524
vn -0.0576 -0.9886 0.1390
vn 0.4275 -0.7521 0.5016
vn -0.2249 -0.8090 0.5430
vn -0.6144 0.7088 0.3466
vn -0.1512 0.6322 0.7599
vn 0.4350 0.7088 0.5554
vn -0.0530 0.9624 0.2665
vn -0.1512 -0.6322 0.7599
vn -0.6144 -0.7088 0.3466
vn -0.0530 -0.9624 0.2665
vn 0.4350 -0.7088 0.5554
vn -0.6896 0.6221 0.3708
vn -0.3468 0.4231 0.8371
vn 0.2254 0.6221 0.7498
vn -0.1549 0.9144 0.3740
vn -0.6896 -0.6221 0.3708
vn -0.1549 -0.9144 0.3740
vn 0.2254 -0.6221 0.7498
vn -0.3468 -0.4231 0.8371
vn -0.7413 -0.0000 0.6712
vn -0.3464 -0.4248 0.8364
vn 0.0496 -0.0000 0.9988
vn -0.3464 0.4248 0.8364
vn -0.4280 -0.0000 0.9038
vn -0.0000 -0.4248 0.9053
vn 0.4280 -0.0000 0.9038
vn -0.0000 0.4248 0.9053
vn -0.6570 0.7521 0.0524
vn -0.2249 0.8090 0.5430
vn 0.4275 0.7521 0.5016
vn -0.0576 0.9886 0.1390
vn -0.7790 0.6221 0.0787
vn -0.6407 0.4231 0.6407
vn -0.0787 0.6221 0.7790
vn -0.2862 0.9144 0.2862
vn -0.5016 0.7521 -0.4275
vn -0.5430 0.8090 0.2249
vn -0.0524 0.7521 0.6570
vn -0.1390 0.9886 0.0576
vn 0.8730 0.4124 0.2603
vn 0.0580 0.9547 -0.2918
vn -0.9062 0.4124 -0.0936
vn -0.1292 0.7492 0.6496
vn 0.1653 -0.9547 -0.2474
vn 0.7070 -0.4124 0.5745
vn -0.3680 -0.7492 0.5507
vn -0.8013 -0.4124 -0.4333
vn 0.7070 0.4124 0.5745
vn 0.1653 0.9547 -0.2474
vn -0.8013 0.4124 -0.4333
vn -0.3680 0.7492 0.5507
vn -0.8502 -0.1789 0.4951
vn -0.4474 -0.5929 0.6695
vn -0.1320 -0.1789 0.9750
vn -0.5404 0.2319 0.8088
vn -0.7260 0.3485 0.5928
vn -0.3826 -0.0207 0.9237
vn 0.0942 0.3485 0.9326
vn -0.2608 0.7317 0.6297
vn -0.5985 0.4994 0.6265
vn -0.1911 0.2010 0.9608
vn 0.3132 0.4994 0.8078
vn -0.1062 0.8387 0.5341
vn -0.4474 0.5929 0.6695
vn -0.8502 0.1789 0.4951
vn -0.5404 -0.2319 0.8088
vn -0.1320 0.1789 0.9750
vn -0.8662 0.4994 0.0198
vn -0.8145 0.2010 0.5442
vn -0.3498 0.4994 0.7926
vn -0.4528 0.8387 0.3026
vn -0.7003 0.7088 0.0851
vn -0.4305 0.6322 0.6442
vn 0.1894 0.7088 0.6796
vn -0.1509 0.9624 0.2259
vn -0.7790 -0.6221 0.0787
vn -0.2862 -0.9144 0.2862
vn -0.0787 -0.6221 0.7790
vn -0.6407 -0.4231 0.6407
vn -0.5554 -0.7088 -0.4350
vn -0.2665 -0.9624 0.0530
vn -0.3466 -0.7088 0.6144
vn -0.7599 -0.6322 0.1512
vn -0.6270 0.7521 -0.2030
vn -0.4156 0.8090 0.4156
vn 0.2030 0.7521 0.6270
vn -0.1064 0.9886 0.1064
vn -0.7926 -0.4994 0.3498
vn -0.3026 -0.8387 0.4528
vn -0.0198 -0.4994 0.8662
vn -0.5442 -0.2010 0.8145
vn -0.8662 -0.4994 0.0198
vn -0.4528 -0.8387 0.3026
vn -0.3498 -0.4994 0.7926
vn -0.8145 -0.2010 0.5442
vn -0.5554 0.7088 -0.4350
vn -0.7599 0.6322 0.1512
vn -0.3466 0.7088 0.6144
vn -0.2665 0.9624 0.0530
vn -0.9750 -0.1789 0.1320
vn -0.6695 -0.5929 0.4474
vn -0.4951 -0.1789 0.8502
vn -0.8088 0.2319 0.5404
vn -0.3740 0.9144 0.1549
vn -0.7498 0.6221 -0.2254
vn -0.8371 0.4231 0.3468
vn -0.3708 0.6221 0.6896
vn -0.6271 -0.7521 -0.2030
vn -0.1064 -0.9886 0.1064
vn 0.2030 -0.7521 0.6270
vn -0.4156 -0.8090 0.4156
vn -0.8976 0.3485 0.2699
vn -0.7070 -0.0207 0.7070
vn -0.2699 0.3485 0.8976
vn -0.4820 0.7317 0.4820
vn -0.6796 -0.7088 -0.1894
vn -0.2259 -0.9624 0.1509
vn -0.0851 -0.7088 0.7003
vn -0.6442 -0.6322 0.4305
vn -0.7003 -0.7088 0.0851
vn -0.1509 -0.9624 0.2259
vn 0.1894 -0.7088 0.6796
vn -0.4305 -0.6322 0.6442
vn -0.9417 -0.0000 0.3364
vn -0.6401 -0.4248 0.6401
vn -0.3364 -0.0000 0.9417
vn -0.6401 0.4248 0.6401
vn -0.8078 0.4994 -0.3132
vn -0.9608 0.2010 0.1911
vn -0.6265 0.4994 0.5985
vn -0.5341 0.8387 0.1062
vn -0.6796 0.7088 -0.1894
vn -0.6442 0.6322 0.4305
vn -0.0851 0.7088 0.7003
vn -0.2259 0.9624 0.1509
vn -0.7498 -0.6221 -0.2254
vn -0.3740 -0.9144 0.1549
vn -0.3708 -0.6221 0.6896
vn -0.8371 -0.4231 0.3468
vn -0.9038 -0.0000 -0.4280
vn -0.9053 -0.4248 -0.0000
vn -0.9038 -0.0000 0.4280
vn -0.9053 0.4248 -0.0000
vn -0.6695 0.5929 0.4474
vn -0.9750 0.1789 0.1320
vn -0.8088 -0.2319 0.5404
vn -0.4951 0.1789 0.8502
vn -0.5507 -0.7492 0.3680
vn -0.5745 -0.4124 -0.7070
vn 0.2474 -0.9547 -0.1653
vn 0.4333 -0.4124 0.8013
vn 0.4333 0.4124 0.8013
vn 0.2474 0.9547 -0.1653
vn -0.5745 0.4124 -0.7070
vn -0.5507 0.7492 0.3680
vn -0.8976 -0.3485 0.2699
vn -0.4820 -0.7317 0.4820
vn -0.2699 -0.3485 0.8976
vn -0.7070 0.0207 0.7070
vn -0.8078 -0.4994 -0.3132
vn -0.5341 -0.8387 0.1062
vn -0.6265 -0.4994 0.5985
vn -0.9608 -0.2010 0.1911
vn -0.9513 -0.1789 -0.2511
vn -0.7898 -0.5929 0.1571
vn -0.7828 -0.1789 0.5961
vn -0.9540 0.2319 0.1898
vn -0.9061 -0.4231 -0.0000
vn -0.6064 -0.6221 -0.4952
vn -0.4048 -0.9144 -0.0000
vn -0.6064 -0.6221 0.4952
vn -0.9326 0.3485 -0.0942
vn -0.9237 -0.0207 0.3826
vn -0.5928 0.3485 0.7260
vn -0.6297 0.7317 0.2608
vn -0.5016 -0.7521 -0.4275
vn -0.1390 -0.9886 0.0576
vn -0.0524 -0.7521 0.6570
vn -0.5430 -0.8090 0.2249
vn -0.9988 -0.0000 -0.0496
vn -0.8364 -0.4248 0.3464
vn -0.6712 -0.0000 0.7413
vn -0.8364 0.4248 0.3464
vn -0.2998 0.7521 -0.5869
vn -0.5878 0.8090 -0.0000
vn -0.2998 0.7521 0.5869
vn -0.1504 0.9886 -0.0000
vn 0.0936 0.4124 0.9062
vn 0.2918 0.9547 -0.0580
vn -0.2603 0.4124 -0.8730
vn -0.6496 0.7492 0.1292
vn 0.0936 -0.4124 0.9062
vn -0.6496 -0.7492 0.1292
vn -0.2603 -0.4124 -0.8730
vn 0.2918 -0.9547 -0.0580
vn -0.6712 -0.0000 -0.7413
vn -0.8364 -0.4248 -0.3464
vn -0.9988 -0.0000 0.0496
vn -0.8364 0.4248 -0.3464
vn -0.6265 0.4994 -0.5985
vn -0.9608 0.2010 -0.1911
vn -0.8078 0.4994 0.3132
vn -0.5341 0.8387 -0.1062
vn -0.8255 -0.3485 -0.4439
vn -0.6816 -0.7317 -0.0000
vn -0.8255 -0.3485 0.4439
vn -0.9998 0.0207 -0.0000
vn 0.2030 0.7521 -0.6270
vn -0.4156 0.8090 -0.4156
vn -0.6271 0.7521 0.2030
vn -0.1064 0.9886 -0.1064
vn -0.9326 -0.3485 -0.0942
vn -0.6297 -0.7317 0.2608
vn -0.5928 -0.3485 0.7260
vn -0.9237 0.0207 0.3826
vn -0.8255 0.3485 -0.4439
vn -0.9998 -0.0207 -0.0000
vn -0.8255 0.3485 0.4439
vn -0.6816 0.7317 -0.0000
vn -0.5928 -0.3485 -0.7260
vn -0.6297 -0.7317 -0.2609
vn -0.9326 -0.3485 0.0942
vn -0.9237 0.0207 -0.3826
vn -0.7828 -0.1789 -0.5961
vn -0.7898 -0.5929 -0.1571
vn -0.9513 -0.1789 0.2511
vn -0.9540 0.2319 -0.1898
vn -0.6496 0.7492 -0.1292
vn -0.2603 0.4124 0.8730
vn 0.2918 0.9547 0.0580
vn 0.0936 0.4124 -0.9062
vn -0.2998 -0.7521 -0.5869
vn -0.1504 -0.9886 -0.0000
vn -0.2998 -0.7521 0.5869
vn -0.5878 -0.8090 -0.0000
vn -0.6265 -0.4994 -0.5985
vn -0.5341 -0.8387 -0.1062
vn -0.8078 -0.4994 0.3132
vn -0.9608 -0.2010 -0.1911
vn -0.4048 0.9144 -0.0000
vn -0.6064 0.6221 -0.4952
vn -0.9061 0.4231 -0.0000
vn -0.6064 0.6221 0.4952
vn -0.0524 0.7521 -0.6570
vn -0.5430 0.8090 -0.2249
vn -0.5016 0.7521 0.4275
vn -0.1390 0.9886 -0.0576
vn -0.9513 0.1789 -0.2511
vn -0.9540 -0.2319 0.1898
vn -0.7828 0.1789 0.5961
vn -0.7898 0.5929 0.1571
vn -0.0787 0.6221 -0.7790
vn -0.6407 0.4231 -0.6407
vn -0.7790 0.6221 -0.0787
vn -0.2862 0.9144 -0.2862
vn -0.3364 -0.0000 -0.9417
vn -0.6401 -0.4248 -0.6401
vn -0.9417 -0.0000 -0.3364
vn -0.6401 0.4248 -0.6401
vn -0.8088 0.2319 -0.5404
vn -0.4951 -0.1789 -0.8502
vn -0.6695 -0.5929 -0.4474
vn -0.9750 -0.1789 -0.1320
vn -0.0851 0.7088 -0.7003
vn -0.6442 0.6322 -0.4305
vn -0.6796 0.7088 0.1894
vn -0.2259 0.9624 -0.1509
vn -0.3498 0.4994 -0.7926
vn -0.8145 0.2010 -0.5442
vn -0.8662 0.4994 -0.0198
vn -0.4528 0.8387 -0.3026
vn -0.3466 0.7088 -0.6144
vn -0.7599 0.6322 -0.1512
vn -0.5554 0.7088 0.4350
vn -0.2665 0.9624 -0.0530
vn -0.3466 -0.7088 -0.6144
vn -0.2665 -0.9624 -0.0530
vn -0.5554 -0.7088 0.4350
vn -0.7599 -0.6322 -0.1512
vn -0.0524 -0.7521 -0.6570
vn -0.1390 -0.9886 -0.0576
vn -0.5016 -0.7521 0.4275
vn -0.5430 -0.8090 -0.2249
vn -0.8371 -0.4231 -0.3468
vn -0.3708 -0.6221 -0.6896
vn -0.3740 -0.9144 -0.1549
vn -0.7498 -0.6221 0.2254
vn -0.5928 0.3485 -0.7260
vn -0.9237 -0.0207 -0.3826
vn -0.9326 0.3485 0.0942
vn -0.6297 0.7317 -0.2609
vn -0.3498 -0.4994 -0.7926
vn -0.4528 -0.8387 -0.3026
vn -0.8662 -0.4994 -0.0198
vn -0.8145 -0.2010 -0.5442
vn -0.4951 0.1789 -0.8502
vn -0.8088 -0.2319 -0.5404
vn -0.9750 0.1789 -0.1320
vn -0.6695 0.5929 -0.4474
vn -0.7828 0.1789 -0.5961
vn -0.9540 -0.2319 -0.1898
vn -0.9513 0.1789 0.2511
vn -0.7898 0.5929 -0.1571
vn -0.2603 -0.4124 0.8730
vn -0.6496 -0.7492 -0.1292
vn 0.0936 -0.4124 -0.9062
vn 0.2918 -0.9547 0.0580
vn 0.4275 0.7521 -0.5016
vn -0.2249 0.8090 -0.5430
vn -0.6570 0.7521 -0.0524
vn -0.0576 0.9886 -0.1390
vn -0.8013 -0.4124 0.4333
vn -0.3680 -0.7492 -0.5507
vn 0.7070 -0.4124 -0.5745
vn 0.1653 -0.9547 0.2474
vn -0.3708 0.6221 -0.6896
vn -0.8371 0.4231 -0.3468
vn -0.7498 0.6221 0.2254
vn -0.3740 0.9144 -0.1549
vn 0.0496 -0.0000 -0.9988
vn -0.3464 -0.4248 -0.8364
vn -0.7413 -0.0000 -0.6712
vn -0.3464 0.4248 -0.8364
vn -0.0198 0.4994 -0.8662
vn -0.5442 0.2010 -0.8145
vn -0.7926 0.4994 -0.3498
vn -0.3026 0.8387 -0.4528
vn -0.0851 -0.7088 -0.7003
vn -0.2259 -0.9624 -0.1509
vn -0.6796 -0.7088 0.1894
vn -0.6442 -0.6322 -0.4305
vn 0.2254 0.6221 -0.7498
vn -0.3468 0.4231 -0.8371
vn -0.6896 0.6221 -0.3708
vn -0.1549 0.9144 -0.3740
vn 0.1894 -0.7088 -0.6796
vn -0.1509 -0.9624 -0.2259
vn -0.7003 -0.7088 -0.0851
vn -0.4305 -0.6322 -0.6442
vn -0.4820 0.7317 -0.4820
vn -0.2699 0.3485 -0.8976
vn -0.7070 -0.0207 -0.7070
vn -0.8976 0.3485 -0.2699
vn 0.2030 -0.7521 -0.6270
vn -0.1064 -0.9886 -0.1064
vn -0.6270 -0.7521 0.2030
vn -0.4156 -0.8090 -0.4156
vn -0.0787 -0.6221 -0.7790
vn -0.2862 -0.9144 -0.2863
vn -0.7790 -0.6221 -0.0787
vn -0.6407 -0.4231 -0.6407
vn -0.5745 -0.4124 0.7070
vn -0.5507 -0.7492 -0.3680
vn 0.4333 -0.4124 -0.8013
vn 0.2474 -0.9547 0.1653
vn -0.5745 0.4124 0.7070
vn 0.2474 0.9547 0.1653
vn 0.4333 0.4124 -0.8013
vn -0.5507 0.7492 -0.3680
vn -0.2699 -0.3485 -0.8976
vn -0.4820 -0.7317 -0.4820
vn -0.8976 -0.3485 -0.2699
vn -0.7070 0.0207 -0.7070
vn 0.0942 -0.3485 -0.9326
vn -0.2608 -0.7317 -0.6297
vn -0.7260 -0.3485 -0.5928
vn -0.3826 0.0207 -0.9237
vn -0.2249 -0.8090 -0.5430
vn 0.4275 -0.7521 -0.5016
vn -0.0576 -0.9886 -0.1390
vn -0.6570 -0.7521 -0.0524
vn -0.0198 -0.4994 -0.8662
vn -0.3026 -0.8387 -0.4528
vn -0.7926 -0.4994 -0.3498
vn -0.5442 -0.2010 -0.8145
vn 0.2254 -0.6221 -0.7498
vn -0.1549 -0.9144 -0.3740
vn -0.6896 -0.6221 -0.3708
vn -0.3468 -0.4231 -0.8371
vn 0.1894 0.7088 -0.6796
vn -0.4305 0.6322 -0.6442
vn -0.7003 0.7088 -0.0851
vn -0.1509 0.9624 -0.2259
vn -0.1320 0.1789 -0.9750
vn -0.5404 -0.2319 -0.8088
vn -0.8502 0.1789 -0.4951
vn -0.4474 0.5929 -0.6695
vn -0.8013 0.4124 0.4333
vn 0.1653 0.9547 0.2474
vn 0.7070 0.4124 -0.5745
vn -0.3680 0.7492 -0.5507
vn -0.2608 0.7317 -0.6297
vn 0.0942 0.3485 -0.9326
vn -0.3826 -0.0207 -0.9237
vn -0.7260 0.3485 -0.5928
vn 0.4350 -0.7088 -0.5554
vn -0.0530 -0.9624 -0.2665
vn -0.6144 -0.7088 -0.3466
vn -0.1512 -0.6322 -0.7599
vn 0.3131 0.4994 -0.8078
vn -0.1911 0.2010 -0.9608
vn -0.5985 0.4994 -0.6265
vn -0.1062 0.8387 -0.5341
vn -0.1320 -0.1789 -0.9750
vn -0.4474 -0.5929 -0.6695
vn -0.8502 -0.1789 -0.4951
vn -0.5404 0.2319 -0.8088
vn 0.3131 -0.4994 -0.8078
vn -0.1062 -0.8387 -0.5341
vn -0.5985 -0.4994 -0.6265
vn -0.1911 -0.2010 -0.9608
vn 0.2511 0.1789 -0.9513
vn -0.1898 -0.2319 -0.9540
vn -0.5961 0.1789 -0.7828
vn -0.1571 0.5929 -0.7898
vn -0.9062 -0.4124 0.0936
vn -0.1292 -0.7492 -0.6496
vn 0.8730 -0.4124 -0.2603
vn 0.0580 -0.9547 0.2918
vn -0.9062 0.4124 0.0936
vn 0.0580 0.9547 0.2918
vn 0.8730 0.4124 -0.2603
vn -0.1292 0.7492 -0.6496
vn 0.4439 0.3485 -0.8255
vn -0.0000 -0.0207 -0.9998
vn -0.4439 0.3485 -0.8255
vn -0.0000 0.7317 -0.6816
vn 0.4350 0.7088 -0.5554
vn -0.1512 0.6322 -0.7599
vn -0.6144 0.7088 -0.3466
vn -0.0530 0.9624 -0.2665
vn 0.5961 -0.1789 -0.7828
vn 0.1571 -0.5929 -0.7898
vn -0.2511 -0.1789 -0.9513
vn 0.1898 0.2319 -0.9540
vn 0.2511 -0.1789 -0.9513
vn -0.1571 -0.5929 -0.7898
vn -0.5961 -0.1789 -0.7828
vn -0.1898 0.2319 -0.9540
vn 0.6896 -0.6221 -0.3708
vn 0.1549 -0.9144 -0.3740
vn -0.2254 -0.6221 -0.7498
vn 0.3468 -0.4231 -0.8371
vn 0.8502 0.1789 -0.4951
vn 0.5404 -0.2319 -0.8088
vn 0.1320 0.1789 -0.9750
vn 0.4474 0.5929 -0.6695
vn -0.8730 0.4124 -0.2603
vn -0.0580 0.9547 0.2918
vn 0.9062 0.4124 0.0936
vn 0.1292 0.7492 -0.6496
vn 0.6570 0.7521 -0.0524
vn 0.2249 0.8090 -0.5430
vn -0.4275 0.7521 -0.5016
vn 0.0576 0.9886 -0.1390
vn 0.7003 0.7088 -0.0851
vn 0.4305 0.6322 -0.6442
vn -0.1894 0.7088 -0.6796
vn 0.1509 0.9624 -0.2259
vn 0.6270 0.7521 0.2030
vn 0.4156 0.8090 -0.4156
vn -0.2030 0.7521 -0.6270
vn 0.1064 0.9886 -0.1064
vn 0.6896 0.6221 -0.3708
vn 0.3468 0.4231 -0.8371
vn -0.2254 0.6221 -0.7498
vn 0.1549 0.9144 -0.3740
vn 0.7926 0.4994 -0.3498
vn 0.5442 0.2010 -0.8145
vn 0.0198 0.4994 -0.8662
vn 0.3026 0.8387 -0.4528
vn 0.6570 -0.7521 -0.0524
vn 0.0576 -0.9886 -0.1390
vn -0.4275 -0.7521 -0.5016
vn 0.2249 -0.8090 -0.5430
vn 0.4951 0.1789 0.8502
vn 0.8088 -0.2319 0.5404
vn 0.9750 0.1789 0.1320
vn 0.6695 0.5929 0.4474
vn 0.8316 -0.5371 0.1412
vn -0.2310 -0.9095 0.3457
vn -0.4487 -0.5371 -0.7143
vn 0.5551 0.0423 -0.8307
vn 0.9098 0.1199 -0.3973
vn 0.1408 -0.6920 -0.7081
vn -0.6885 0.1199 -0.7153
vn 0.0793 0.9136 -0.3988
vn -0.7393 0.6244 -0.2520
vn -0.0000 0.7843 0.6203
vn 0.7393 0.6244 -0.2521
vn -0.0000 0.1058 -0.9944
vn -0.6732 -0.6848 -0.2791
vn 0.1891 -0.2455 -0.9508
vn 0.7288 -0.6848 -0.0002
vn -0.1542 -0.6127 0.7751
vn -0.0000 -0.8167 -0.5770
vn -0.8163 -0.0000 -0.5777
vn -0.0000 0.8167 -0.5770
vn 0.8163 -0.0000 -0.5777
vn 0.5158 0.6244 0.5866
vn 0.9187 0.1058 -0.3805
vn -0.0501 0.6244 -0.7795
vn -0.5731 0.7843 0.2374
vn -0.5152 -0.6848 -0.5155
vn 0.5386 -0.2455 -0.8060
vn 0.6734 -0.6848 0.2787
vn -0.4391 -0.6127 0.6571
vn 0.9539 0.2359 -0.1856
vn 0.3207 -0.5456 -0.7743
vn -0.5433 0.2359 -0.8057
vn 0.0823 0.9766 -0.1988
vn 0.9857 -0.0000 0.1687
vn 0.4080 -0.8167 -0.4080
vn -0.1687 -0.0000 -0.9857
vn 0.4080 0.8167 -0.4080
vn -0.8103 -0.2359 -0.5365
vn -0.0000 0.5456 -0.8381
vn 0.8103 -0.2359 -0.5365
vn -0.0000 -0.9766 -0.2152
vn -0.7895 0.4449 -0.4228
vn -0.0000 0.9789 0.2043
vn 0.7895 0.4449 -0.4228
vn -0.0000 -0.2135 -0.9769
vn 0.9539 -0.2359 -0.1856
vn 0.0823 -0.9766 -0.1988
vn -0.5433 -0.2359 -0.8057
vn 0.3207 0.5456 -0.7743
vn -0.7895 -0.4449 -0.4228
vn -0.0000 0.2135 -0.9769
vn 0.7895 -0.4449 -0.4228
vn -0.0000 -0.9789 0.2043
vn -0.2787 -0.6848 -0.6734
vn 0.8060 -0.2455 -0.5386
vn 0.5155 -0.6848 0.5152
vn -0.6571 -0.6127 0.4391
vn 0.8224 0.5371 -0.1878
vn 0.1949 -0.0423 -0.9799
vn -0.6879 0.5371 -0.4882
vn -0.0811 0.9095 0.4078
vn 0.8819 -0.3447 -0.3216
vn 0.0017 -1.0000 -0.0088
vn -0.6917 -0.3447 -0.6346
vn 0.1801 0.3839 -0.9056
vn 0.8461 -0.0000 0.5331
vn 0.5331 -0.8167 -0.2208
vn 0.2213 -0.0000 -0.9752
vn 0.5331 0.8167 -0.2208
vn 0.4011 0.6920 -0.6003
vn 0.9926 -0.1199 -0.0189
vn 0.2259 -0.9136 -0.3381
vn -0.3624 -0.1199 -0.9243
vn 0.8819 0.3447 -0.3216
vn 0.1801 -0.3839 -0.9056
vn -0.6917 0.3447 -0.6346
vn 0.0017 1.0000 -0.0088
vn 0.8224 -0.5371 -0.1878
vn -0.0811 -0.9095 0.4078
vn -0.6879 -0.5371 -0.4882
vn 0.1949 0.0423 -0.9799
vn 0.8572 0.4449 0.2593
vn 0.6908 -0.2135 -0.6908
vn -0.2593 0.4449 -0.8572
vn -0.1444 0.9789 0.1444
vn 0.9752 -0.0000 -0.2213
vn 0.2208 -0.8167 -0.5331
vn -0.5331 -0.0000 -0.8461
vn 0.2208 0.8167 -0.5331
vn 0.9378 -0.3447 0.0404
vn 0.0050 -1.0000 -0.0074
vn -0.3962 -0.3447 -0.8510
vn 0.5130 0.3839 -0.7678
vn 0.1522 0.9766 -0.1522
vn 0.9523 0.2359 0.1936
vn 0.5926 -0.5456 -0.5926
vn -0.1936 0.2359 -0.9523
vn 0.7143 -0.5371 0.4487
vn -0.3457 -0.9095 0.2310
vn -0.1412 -0.5371 -0.8316
vn 0.8307 0.0423 -0.5551
vn -0.7393 -0.6244 -0.2521
vn -0.0000 -0.1058 -0.9944
vn 0.7393 -0.6244 -0.2521
vn -0.0000 -0.7843 0.6203
vn -0.5152 0.6848 -0.5155
vn -0.4391 0.6127 0.6571
vn 0.6734 0.6848 0.2787
vn 0.5386 0.2455 -0.8060
vn 0.7010 -0.6244 0.3446
vn -0.4386 -0.7843 0.4386
vn -0.3446 -0.6244 -0.7010
vn 0.7031 -0.1058 -0.7031
vn 0.8572 -0.4449 0.2593
vn -0.1444 -0.9789 0.1444
vn -0.2593 -0.4449 -0.8572
vn 0.6908 0.2135 -0.6908
vn 0.4228 -0.4449 0.7895
vn -0.2043 -0.9789 -0.0000
vn 0.4228 -0.4449 -0.7895
vn 0.9769 0.2135 -0.0000
vn 0.9523 -0.2359 0.1936
vn 0.1522 -0.9766 -0.1522
vn -0.1936 -0.2359 -0.9523
vn 0.5926 0.5456 -0.5926
vn 0.8510 0.3447 0.3962
vn 0.7678 -0.3839 -0.5130
vn -0.0404 0.3447 -0.9378
vn 0.0074 1.0000 -0.0050
vn 0.8057 -0.2359 0.5433
vn 0.1988 -0.9766 -0.0823
vn 0.1856 -0.2359 -0.9539
vn 0.7743 0.5456 -0.3207
vn 0.5777 -0.0000 0.8163
vn 0.5770 -0.8167 -0.0000
vn 0.5777 -0.0000 -0.8163
vn 0.5770 0.8167 -0.0000
vn 0.1878 0.5371 0.8224
vn 0.9799 -0.0423 0.1949
vn 0.4882 0.5371 -0.6879
vn -0.4078 0.9095 -0.0811
vn 0.9187 -0.1058 -0.3805
vn 0.5158 -0.6244 0.5866
vn -0.5731 -0.7843 0.2374
vn -0.0501 -0.6244 -0.7795
vn 0.8510 -0.3447 0.3962
vn 0.0074 -1.0000 -0.0050
vn -0.0404 -0.3447 -0.9378
vn 0.7678 0.3839 -0.5130
vn 0.6927 -0.4449 0.5676
vn -0.1887 -0.9789 0.0782
vn 0.0885 -0.4449 -0.8912
vn 0.9026 0.2135 -0.3739
vn 0.7143 0.5371 0.4487
vn 0.8307 -0.0423 -0.5551
vn -0.1412 0.5371 -0.8316
vn -0.3457 0.9095 0.2310
vn 0.9243 0.1199 0.3624
vn 0.6003 -0.6920 -0.4011
vn 0.0189 0.1199 -0.9926
vn 0.3381 0.9136 -0.2259
vn 0.3973 0.1199 0.9098
vn 0.7081 -0.6920 0.1408
vn 0.7153 0.1199 -0.6885
vn 0.3988 0.9136 0.0793
vn 0.5155 0.6848 0.5152
vn 0.8060 0.2455 -0.5386
vn -0.2787 0.6848 -0.6734
vn -0.6571 0.6127 0.4391
vn 0.1988 0.9766 -0.0823
vn 0.8057 0.2359 0.5433
vn 0.7743 -0.5456 -0.3207
vn 0.1856 0.2359 -0.9539
vn 0.4882 -0.5371 0.6879
vn -0.4078 -0.9095 0.0811
vn 0.1878 -0.5371 -0.8224
vn 0.9799 0.0423 -0.1949
vn 0.6346 0.3447 0.6917
vn 0.9056 -0.3839 -0.1801
vn 0.3216 0.3447 -0.8819
vn 0.0088 1.0000 -0.0017
vn 0.9243 -0.1199 0.3624
vn 0.3381 -0.9136 -0.2259
vn 0.0189 -0.1199 -0.9926
vn 0.6003 0.6920 -0.4011
vn 0.5365 -0.2359 0.8103
vn 0.2152 -0.9766 -0.0000
vn 0.5365 -0.2359 -0.8103
vn 0.8381 0.5456 -0.0000
vn 0.3216 0.3447 0.8819
vn 0.9056 -0.3839 0.1801
vn 0.6346 0.3447 -0.6917
vn 0.0088 1.0000 0.0017
vn 0.6927 0.4449 0.5676
vn 0.9026 -0.2135 -0.3739
vn 0.0885 0.4449 -0.8912
vn -0.1887 0.9789 0.0782
vn 0.4228 0.4449 0.7895
vn 0.9769 -0.2135 -0.0000
vn 0.4228 0.4449 -0.7895
vn -0.2043 0.9789 -0.0000
vn 0.6346 -0.3447 0.6917
vn 0.0088 -1.0000 -0.0017
vn 0.3216 -0.3447 -0.8819
vn 0.9056 0.3839 -0.1801
vn 0.9944 -0.1058 -0.0000
vn 0.2521 -0.6244 0.7393
vn -0.6203 -0.7843 -0.0000
vn 0.2520 -0.6244 -0.7393
vn 0.7153 0.1199 0.6885
vn 0.7081 -0.6920 -0.1408
vn 0.3973 0.1199 -0.9098
vn 0.3988 0.9136 -0.0793
vn 0.0002 -0.6848 -0.7288
vn 0.9508 -0.2455 -0.1891
vn 0.2791 -0.6848 0.6732
vn -0.7751 -0.6127 0.1542
vn 0.2791 0.6848 0.6732
vn 0.9508 0.2455 -0.1891
vn 0.0002 0.6848 -0.7288
vn -0.7751 0.6127 0.1542
vn -0.4078 0.9095 0.0811
vn 0.4882 0.5371 0.6879
vn 0.9799 -0.0423 -0.1949
vn 0.1878 0.5371 -0.8224
vn 0.0885 0.4449 0.8912
vn 0.9026 -0.2135 0.3739
vn 0.6927 0.4449 -0.5676
vn -0.1887 0.9789 -0.0782
vn 0.1878 -0.5371 0.8224
vn -0.4078 -0.9095 -0.0811
vn 0.4882 -0.5371 -0.6879
vn 0.9799 0.0423 0.1949
vn 0.3973 -0.1199 0.9098
vn 0.3988 -0.9136 0.0793
vn 0.7153 -0.1199 -0.6885
vn 0.7081 0.6920 0.1408
vn 0.7153 -0.1199 0.6885
vn 0.3988 -0.9136 -0.0793
vn 0.3973 -0.1199 -0.9098
vn 0.7081 0.6920 -0.1408
vn 0.2521 0.6244 0.7393
vn 0.9944 0.1058 -0.0000
vn 0.2521 0.6244 -0.7393
vn -0.6203 0.7843 -0.0000
vn -0.0404 0.3447 0.9378
vn 0.7678 -0.3839 0.5130
vn 0.8510 0.3447 -0.3962
vn 0.0074 1.0000 0.0050
vn -0.3624 0.1199 0.9243
vn 0.4011 -0.6920 0.6003
vn 0.9926 0.1199 0.0189
vn 0.2259 0.9136 0.3381
vn -0.2593 0.4449 0.8572
vn 0.6908 -0.2135 0.6908
vn 0.8572 0.4449 -0.2593
vn -0.1444 0.9789 -0.1444
vn 0.1856 -0.2359 0.9539
vn 0.1988 -0.9766 0.0823
vn 0.8057 -0.2359 -0.5433
vn 0.7743 0.5456 0.3207
vn -0.3446 0.6244 0.7010
vn 0.7031 0.1058 0.7031
vn 0.7010 0.6244 -0.3446
vn -0.4386 0.7843 -0.4386
vn 0.2791 -0.6848 -0.6732
vn 0.9508 -0.2455 0.1891
vn 0.0002 -0.6848 0.7288
vn -0.7751 -0.6127 -0.1542
vn 0.5365 0.2359 0.8103
vn 0.8381 -0.5456 -0.0000
vn 0.5365 0.2359 -0.8103
vn 0.2152 0.9766 -0.0000
vn 0.9056 0.3839 0.1801
vn 0.3216 -0.3447 0.8819
vn 0.0088 -1.0000 0.0017
vn 0.6346 -0.3447 -0.6917
vn 0.1856 0.2359 0.9539
vn 0.7743 -0.5456 0.3207
vn 0.8057 0.2359 -0.5433
vn 0.1988 0.9766 0.0823
vn 0.5155 -0.6848 -0.5152
vn 0.8060 -0.2455 0.5386
vn -0.2787 -0.6848 0.6734
vn -0.6571 -0.6127 -0.4391
vn -0.1412 -0.5371 0.8316
vn -0.3457 -0.9095 -0.2310
vn 0.7143 -0.5371 -0.4487
vn 0.8307 0.0423 0.5551
vn -0.6885 0.1199 0.7153
vn 0.1408 -0.6920 0.7081
vn 0.9098 0.1199 0.3973
vn 0.0793 0.9136 0.3988
vn -0.1936 0.2359 0.9523
vn 0.5926 -0.5456 0.5926
vn 0.9523 0.2359 -0.1936
vn 0.1522 0.9766 0.1522
vn 0.2791 0.6848 -0.6732
vn -0.7751 0.6127 -0.1542
vn 0.0002 0.6848 0.7288
vn 0.9508 0.2455 0.1891
vn -0.0501 0.6244 0.7795
vn 0.9187 0.1058 0.3805
vn 0.5158 0.6244 -0.5866
vn -0.5731 0.7843 -0.2374
vn 0.0885 -0.4449 0.8912
vn -0.1887 -0.9789 -0.0782
vn 0.6927 -0.4449 -0.5676
vn 0.9026 0.2135 0.3739
vn 0.5331 0.8167 0.2208
vn 0.2213 -0.0000 0.9752
vn 0.5331 -0.8167 0.2208
vn 0.8461 -0.0000 -0.5331
vn -0.2593 -0.4449 0.8572
vn -0.1444 -0.9789 -0.1444
vn 0.8572 -0.4449 -0.2593
vn 0.6908 0.2135 0.6908
vn -0.1936 -0.2359 0.9523
vn 0.1522 -0.9766 0.1522
vn 0.9523 -0.2359 -0.1936
vn 0.5926 0.5456 0.5926
vn 0.0050 1.0000 0.0074
vn -0.3962 0.3447 0.8510
vn 0.5130 -0.3839 0.7678
vn 0.9378 0.3447 -0.0404
vn -0.1412 0.5371 0.8316
vn 0.8307 -0.0423 0.5551
vn 0.7143 0.5371 -0.4487
vn -0.3457 0.9095 -0.2310
vn -0.5866 0.6244 0.5158
vn 0.3805 0.1058 0.9187
vn 0.7795 0.6244 -0.0501
vn -0.2374 0.7843 -0.5731
vn -0.0501 -0.6244 0.7795
vn -0.5731 -0.7843 -0.2374
vn 0.5158 -0.6244 -0.5866
vn 0.9187 -0.1058 0.3805
vn 0.0189 -0.1199 0.9926
vn 0.3381 -0.9136 0.2259
vn 0.9243 -0.1199 -0.3624
vn 0.6003 0.6920 0.4011
vn -0.3446 -0.6244 0.7010
vn -0.4386 -0.7843 -0.4386
vn 0.7010 -0.6244 -0.3446
vn 0.7031 -0.1058 0.7031
vn -0.5866 -0.6244 0.5158
vn -0.2374 -0.7843 -0.5731
vn 0.7795 -0.6244 -0.0501
vn 0.3805 -0.1058 0.9187
vn -0.4487 -0.5371 0.7143
vn -0.2310 -0.9095 -0.3457
vn 0.8316 -0.5371 -0.1412
vn 0.5551 0.0423 0.8307
vn -0.6917 -0.3447 0.6346
vn 0.0017 -1.0000 0.0088
vn 0.8819 -0.3447 0.3216
vn 0.1801 0.3839 0.9056
vn 0.5155 0.6848 -0.5152
vn -0.6571 0.6127 -0.4391
vn -0.2787 0.6848 0.6734
vn 0.8060 0.2455 0.5386
vn 0.4080 0.8167 0.4080
vn -0.1687 -0.0000 0.9857
vn 0.4080 -0.8167 0.4080
vn 0.9857 -0.0000 -0.1687
vn 0.0017 1.0000 0.0088
vn -0.6917 0.3447 0.6346
vn 0.1801 -0.3839 0.9056
vn 0.8819 0.3447 0.3216
vn 0.6734 -0.6848 -0.2787
vn 0.5386 -0.2455 0.8060
vn -0.5152 -0.6848 0.5155
vn -0.4391 -0.6127 -0.6571
vn -0.5433 0.2359 0.8057
vn 0.3207 -0.5456 0.7743
vn 0.9539 0.2359 0.1856
vn 0.0823 0.9766 0.1988
vn -0.0404 -0.3447 0.9378
vn 0.0074 -1.0000 0.0050
vn 0.8510 -0.3447 -0.3962
vn 0.7678 0.3839 0.5130
vn -0.5676 -0.4449 0.6927
vn -0.0782 -0.9789 -0.1887
vn 0.8912 -0.4449 0.0885
vn 0.3739 0.2135 0.9026
vn -0.5433 -0.2359 0.8057
vn 0.0823 -0.9766 0.1988
vn 0.9539 -0.2359 0.1856
vn 0.3207 0.5456 0.7743
vn -0.4487 0.5371 0.7143
vn 0.5551 -0.0423 0.8307
vn 0.8316 0.5371 -0.1412
vn -0.2310 0.9095 -0.3457
vn -0.8103 0.2359 0.5365
vn -0.0000 -0.5456 0.8381
vn 0.8103 0.2359 0.5365
vn -0.0000 0.9766 0.2152
vn -0.3624 -0.1199 0.9243
vn 0.2259 -0.9136 0.3381
vn 0.9926 -0.1199 0.0189
vn 0.4011 0.6920 0.6003
vn -0.5676 0.4449 0.6927
vn 0.3739 -0.2135 0.9026
vn 0.8912 0.4449 0.0885
vn -0.0782 0.9789 -0.1887
vn -0.6885 -0.1199 0.7153
vn 0.0793 -0.9136 0.3988
vn 0.9098 -0.1199 0.3973
vn 0.1408 0.6920 0.7081
vn 0.6734 0.6848 -0.2787
vn -0.4391 0.6127 -0.6571
vn -0.5152 0.6848 0.5155
vn 0.5386 0.2455 0.8060
vn 0.7288 -0.6848 0.0002
vn 0.1891 -0.2455 0.9508
vn -0.6732 -0.6848 0.2791
vn -0.1542 -0.6127 -0.7751
vn -0.3962 -0.3447 0.8510
vn 0.0050 -1.0000 0.0074
vn 0.9378 -0.3447 -0.0404
vn 0.5130 0.3839 0.7678
vn -0.9098 0.1199 0.3973
vn -0.1408 -0.6920 0.7081
vn 0.6885 0.1199 0.7153
vn -0.0793 0.9136 0.3988
vn -0.8103 -0.2359 0.5365
vn -0.0000 -0.9766 0.2152
vn 0.8103 -0.2359 0.5365
vn -0.0000 0.5456 0.8381
vn -0.0000 0.7843 -0.6203
vn -0.7393 0.6244 0.2520
vn -0.0000 0.1058 0.9944
vn 0.7393 0.6244 0.2521
vn -0.6879 0.5371 0.4882
vn 0.1949 -0.0423 0.9799
vn 0.8224 0.5371 0.1878
vn -0.0811 0.9095 -0.4078
vn 0.1949 0.0423 0.9799
vn -0.6879 -0.5371 0.4882
vn -0.0811 -0.9095 -0.4078
vn 0.8224 -0.5371 0.1878
vn -0.7393 -0.6244 0.2521
vn -0.0000 -0.7843 -0.6203
vn 0.7393 -0.6244 0.2521
vn -0.0000 -0.1058 0.9944
vn -0.7895 -0.4449 0.4228
vn -0.0000 -0.9789 -0.2043
vn 0.7895 -0.4449 0.4228
vn -0.0000 0.2135 0.9769
vn -0.7895 0.4449 0.4228
vn -0.0000 -0.2135 0.9769
vn 0.7895 0.4449 0.4228
vn -0.0000 0.9789 -0.2043
vn -0.5331 -0.0000 0.8461
vn 0.2208 -0.8167 0.5331
vn 0.9752 -0.0000 0.2213
vn 0.2208 0.8167 0.5331
vn -0.9098 -0.1199 0.3973
vn -0.0793 -0.9136 0.3988
vn 0.6885 -0.1199 0.7153
vn -0.1408 0.6920 0.7081
vn 0.7288 0.6848 0.0002
vn -0.1542 0.6127 -0.7751
vn -0.6732 0.6848 0.2791
vn 0.1891 0.2455 0.9508
vn 0.6732 -0.6848 0.2791
vn -0.1891 -0.2455 0.9508
vn -0.7288 -0.6848 0.0002
vn 0.1542 -0.6127 -0.7751
vn -0.3207 0.5456 0.7743
vn -0.9539 -0.2359 0.1856
vn -0.0823 -0.9766 0.1988
vn 0.5433 -0.2359 0.8057
vn -0.8819 -0.3447 0.3216
vn -0.0017 -1.0000 0.0088
vn 0.6917 -0.3447 0.6346
vn -0.1801 0.3839 0.9056
vn -0.9378 0.3447 -0.0404
vn -0.5130 -0.3839 0.7678
vn 0.3962 0.3447 0.8510
vn -0.0050 1.0000 0.0074
vn -0.7795 -0.6244 -0.0501
vn 0.2374 -0.7843 -0.5731
vn 0.5866 -0.6244 0.5158
vn -0.3805 -0.1058 0.9187
vn -0.8224 0.5371 0.1878
vn -0.1949 -0.0423 0.9799
vn 0.6879 0.5371 0.4882
vn 0.0811 0.9095 -0.4078
vn -0.1949 0.0423 0.9799
vn -0.8224 -0.5371 0.1878
vn 0.0811 -0.9095 -0.4078
vn 0.6879 -0.5371 0.4882
vn -0.8912 0.4449 0.0885
vn -0.3739 -0.2135 0.9026
vn 0.5676 0.4449 0.6927
vn 0.0782 0.9789 -0.1887
vn -0.8912 -0.4449 0.0885
vn 0.0782 -0.9789 -0.1887
vn 0.5676 -0.4449 0.6927
vn -0.3739 0.2135 0.9026
vn -0.9752 -0.0000 0.2213
vn -0.2208 -0.8167 0.5331
vn 0.5331 -0.0000 0.8461
vn -0.2208 0.8167 0.5331
vn -0.8163 -0.0000 0.5777
vn -0.0000 -0.8167 0.5770
vn 0.8163 -0.0000 0.5777
vn -0.0000 0.8167 0.5770
vn -0.7795 0.6244 -0.0501
vn -0.3805 0.1058 0.9187
vn 0.5866 0.6244 0.5158
vn 0.2374 0.7843 -0.5731
vn -0.8572 0.4449 -0.2593
vn -0.6908 -0.2135 0.6908
vn 0.2593 0.4449 0.8572
vn 0.1444 0.9789 -0.1444
vn -0.5158 0.6244 -0.5866
vn -0.9187 0.1058 0.3805
vn 0.0501 0.6244 0.7795
vn 0.5731 0.7843 -0.2374
vn 0.6732 0.6848 0.2791
vn 0.1542 0.6127 -0.7751
vn -0.7288 0.6848 0.0002
vn -0.1891 0.2455 0.9508
vn 0.4391 -0.6127 -0.6571
vn 0.5152 -0.6848 0.5155
vn -0.5386 -0.2455 0.8060
vn -0.6734 -0.6848 -0.2787
vn 0.5152 0.6848 0.5155
vn 0.4391 0.6127 -0.6571
vn -0.6734 0.6848 -0.2787
vn -0.5386 0.2455 0.8060
vn -0.9926 -0.1199 0.0189
vn -0.2259 -0.9136 0.3381
vn 0.3624 -0.1199 0.9243
vn -0.4011 0.6920 0.6003
vn -0.9539 0.2359 0.1856
vn -0.3207 -0.5456 0.7743
vn 0.5433 0.2359 0.8057
vn -0.0823 0.9766 0.1988
vn -0.8819 0.3447 0.3216
vn -0.1801 -0.3839 0.9056
vn 0.6917 0.3447 0.6346
vn -0.0017 1.0000 0.0088
vn -0.2259 0.9136 0.3381
vn -0.9926 0.1199 0.0189
vn -0.4011 -0.6920 0.6003
vn 0.3624 0.1199 0.9243
vn -0.8510 0.3447 -0.3962
vn -0.7678 -0.3839 0.5130
vn 0.0404 0.3447 0.9378
vn -0.0074 1.0000 0.0050
vn -0.8316 0.5371 -0.1412
vn -0.5551 -0.0423 0.8307
vn 0.4487 0.5371 0.7143
vn 0.2310 0.9095 -0.3457
vn -0.8572 -0.4449 -0.2593
vn 0.1444 -0.9789 -0.1444
vn 0.2593 -0.4449 0.8572
vn -0.6908 0.2135 0.6908
vn -0.4882 -0.5371 -0.6879
vn 0.4078 -0.9095 -0.0811
vn -0.1878 -0.5371 0.8224
vn -0.9799 0.0423 0.1949
vn -0.7010 0.6244 -0.3446
vn -0.7031 0.1058 0.7031
vn 0.3446 0.6244 0.7010
vn 0.4386 0.7843 -0.4386
vn -0.9378 -0.3447 -0.0404
vn -0.0050 -1.0000 0.0074
vn 0.3962 -0.3447 0.8510
vn -0.5130 0.3839 0.7678
vn -0.8510 -0.3447 -0.3962
vn -0.0074 -1.0000 0.0050
vn 0.0404 -0.3447 0.9378
vn -0.7678 0.3839 0.5130
vn -0.4882 0.5371 -0.6879
vn -0.9799 -0.0423 0.1949
vn -0.1878 0.5371 0.8224
vn 0.4078 0.9095 -0.0811
vn -0.9243 -0.1199 -0.3624
vn -0.3381 -0.9136 0.2259
vn -0.0189 -0.1199 0.9926
vn -0.6003 0.6920 0.4011
vn 0.1887 0.9789 -0.0782
vn -0.6927 0.4449 -0.5676
vn -0.9026 -0.2135 0.3739
vn -0.0885 0.4449 0.8912
vn -0.7010 -0.6244 -0.3446
vn 0.4386 -0.7843 -0.4386
vn 0.3446 -0.6244 0.7010
vn -0.7031 -0.1058 0.7031
vn -0.9523 0.2359 -0.1936
vn -0.5926 -0.5456 0.5926
vn 0.1936 0.2359 0.9523
vn -0.1522 0.9766 0.1522
vn -0.7143 -0.5371 -0.4487
vn 0.3457 -0.9095 -0.2310
vn 0.1412 -0.5371 0.8316
vn -0.8307 0.0423 0.5551
vn -0.8316 -0.5371 -0.1412
vn 0.2310 -0.9095 -0.3457
vn 0.4487 -0.5371 0.7143
vn -0.5551 0.0423 0.8307
vn -0.9857 -0.0000 -0.1687
vn -0.4080 -0.8167 0.4080
vn 0.1687 -0.0000 0.9857
vn -0.4080 0.8167 0.4080
vn -0.6346 0.3447 -0.6917
vn -0.9056 -0.3839 0.1801
vn -0.3216 0.3447 0.8819
vn -0.0088 1.0000 0.0017
vn -0.7143 0.5371 -0.4487
vn -0.8307 -0.0423 0.5551
vn 0.1412 0.5371 0.8316
vn 0.3457 0.9095 -0.2310
vn -0.6927 -0.4449 -0.5676
vn 0.1887 -0.9789 -0.0782
vn -0.0885 -0.4449 0.8912
vn -0.9026 0.2135 0.3739
vn -0.5777 -0.0000 -0.8163
vn -0.5770 -0.8167 -0.0000
vn -0.5777 -0.0000 0.8163
vn -0.5770 0.8167 -0.0000
vn -0.3381 0.9136 0.2259
vn -0.9243 0.1199 -0.3624
vn -0.6003 -0.6920 0.4011
vn -0.0189 0.1199 0.9926
vn -0.8060 -0.2455 0.5386
vn -0.5155 -0.6848 -0.5152
vn 0.6571 -0.6127 -0.4391
vn 0.2787 -0.6848 0.6734
vn 0.2787 0.6848 0.6734
vn 0.6571 0.6127 -0.4391
vn -0.5155 0.6848 -0.5152
vn -0.8060 0.2455 0.5386
vn -0.9523 -0.2359 -0.1936
vn -0.1522 -0.9766 0.1522
vn 0.1936 -0.2359 0.9523
vn -0.5926 0.5456 0.5926
vn -0.6346 -0.3447 -0.6917
vn -0.0088 -1.0000 0.0017
vn -0.3216 -0.3447 0.8819
vn -0.9056 0.3839 0.1801
vn -0.7153 -0.1199 -0.6885
vn -0.3988 -0.9136 0.0793
vn -0.3973 -0.1199 0.9098
vn -0.7081 0.6920 0.1408
vn -0.9769 0.2135 -0.0000
vn -0.4228 -0.4449 -0.7895
vn 0.2043 -0.9789 -0.0000
vn -0.4228 -0.4449 0.7895
vn -0.8057 0.2359 -0.5433
vn -0.7743 -0.5456 0.3207
vn -0.1856 0.2359 0.9539
vn -0.1988 0.9766 0.0823
vn -0.5158 -0.6244 -0.5866
vn 0.5731 -0.7843 -0.2374
vn 0.0501 -0.6244 0.7795
vn -0.9187 -0.1058 0.3805
vn -0.8461 -0.0000 -0.5331
vn -0.5331 -0.8167 0.2208
vn -0.2213 -0.0000 0.9752
vn -0.5331 0.8167 0.2208
vn -0.2521 0.6244 -0.7393
vn -0.9944 0.1058 -0.0000
vn -0.2521 0.6244 0.7393
vn 0.6203 0.7843 -0.0000
vn -0.0002 0.6848 0.7288
vn 0.7751 0.6127 -0.1542
vn -0.2791 0.6848 -0.6732
vn -0.9508 0.2455 0.1891
vn -0.0002 -0.6848 0.7288
vn -0.9508 -0.2455 0.1891
vn -0.2791 -0.6848 -0.6732
vn 0.7751 -0.6127 -0.1542
vn -0.2213 -0.0000 -0.9752
vn -0.5331 -0.8167 -0.2208
vn -0.8461 -0.0000 0.5331
vn -0.5331 0.8167 -0.2208
vn -0.3216 0.3447 -0.8819
vn -0.9056 -0.3839 -0.1801
vn -0.6346 0.3447 0.6917
vn -0.0088 1.0000 -0.0017
vn -0.5365 -0.2359 -0.8103
vn -0.2152 -0.9766 -0.0000
vn -0.5365 -0.2359 0.8103
vn -0.8381 0.5456 -0.0000
vn 0.3446 0.6244 -0.7010
vn -0.7031 0.1058 -0.7031
vn -0.7010 0.6244 0.3446
vn 0.4386 0.7843 0.4386
vn -0.8057 -0.2359 -0.5433
vn -0.1988 -0.9766 0.0823
vn -0.1856 -0.2359 0.9539
vn -0.7743 0.5456 0.3207
vn -0.5365 0.2359 -0.8103
vn -0.8381 -0.5456 -0.0000
vn -0.5365 0.2359 0.8103
vn -0.2152 0.9766 -0.0000
vn -0.1856 -0.2359 -0.9539
vn -0.1988 -0.9766 -0.0823
vn -0.8057 -0.2359 0.5433
vn -0.7743 0.5456 -0.3207
vn -0.3973 -0.1199 -0.9098
vn -0.3988 -0.9136 -0.0793
vn -0.7153 -0.1199 0.6885
vn -0.7081 0.6920 -0.1408
vn -0.9508 0.2455 -0.1891
vn -0.2791 0.6848 0.6732
vn 0.7751 0.6127 0.1542
vn -0.0002 0.6848 -0.7288
vn -0.2521 -0.6244 -0.7393
vn 0.6203 -0.7843 -0.0000
vn -0.2521 -0.6244 0.7393
vn -0.9944 -0.1058 -0.0000
vn -0.3216 -0.3447 -0.8819
vn -0.0088 -1.0000 -0.0017
vn -0.6346 -0.3447 0.6917
vn -0.9056 0.3839 -0.1801
vn 0.2043 0.9789 -0.0000
vn -0.4228 0.4449 -0.7895
vn -0.9769 -0.2135 -0.0000
vn -0.4228 0.4449 0.7895
vn 0.0501 0.6244 -0.7795
vn -0.9187 0.1058 -0.3805
vn -0.5158 0.6244 0.5866
vn 0.5731 0.7843 0.2374
vn -0.7153 0.1199 -0.6885
vn -0.7081 -0.6920 0.1408
vn -0.3973 0.1199 0.9098
vn -0.3988 0.9136 0.0793
vn 0.2593 0.4449 -0.8572
vn -0.6908 -0.2135 -0.6908
vn -0.8572 0.4449 0.2593
vn 0.1444 0.9789 0.1444
vn 0.1687 -0.0000 -0.9857
vn -0.4080 -0.8167 -0.4080
vn -0.9857 -0.0000 0.1687
vn -0.4080 0.8167 -0.4080
vn -0.6003 0.6920 -0.4011
vn -0.0189 -0.1199 -0.9926
vn -0.3381 -0.9136 -0.2259
vn -0.9243 -0.1199 0.3624
vn 0.1412 0.5371 -0.8316
vn -0.8307 -0.0423 -0.5551
vn -0.7143 0.5371 0.4487
vn 0.3457 0.9095 0.2310
vn 0.0404 0.3447 -0.9378
vn -0.7678 -0.3839 -0.5130
vn -0.8510 0.3447 0.3962
vn -0.0074 1.0000 -0.0050
vn -0.1878 0.5371 -0.8224
vn -0.9799 -0.0423 -0.1949
vn -0.4882 0.5371 0.6879
vn 0.4078 0.9095 0.0811
vn -0.1878 -0.5371 -0.8224
vn 0.4078 -0.9095 0.0811
vn -0.4882 -0.5371 0.6879
vn -0.9799 0.0423 -0.1949
vn 0.0501 -0.6244 -0.7795
vn 0.5731 -0.7843 0.2374
vn -0.5158 -0.6244 0.5866
vn -0.9187 -0.1058 -0.3805
vn -0.9026 0.2135 -0.3739
vn -0.0885 -0.4449 -0.8912
vn 0.1887 -0.9789 0.0782
vn -0.6927 -0.4449 0.5676
vn -0.1856 0.2359 -0.9539
vn -0.7743 -0.5456 -0.3207
vn -0.8057 0.2359 0.5433
vn -0.1988 0.9766 -0.0823
vn 0.0404 -0.3447 -0.9378
vn -0.0074 -1.0000 -0.0050
vn -0.8510 -0.3447 0.3962
vn -0.7678 0.3839 -0.5130
vn -0.0189 0.1199 -0.9926
vn -0.6003 -0.6920 -0.4011
vn -0.9243 0.1199 0.3624
vn -0.3381 0.9136 -0.2259
vn -0.3973 0.1199 -0.9098
vn -0.7081 -0.6920 -0.1408
vn -0.7153 0.1199 0.6885
vn -0.3988 0.9136 -0.0793
vn -0.2791 -0.6848 0.6732
vn -0.9508 -0.2455 -0.1891
vn -0.0002 -0.6848 -0.7288
vn 0.7751 -0.6127 0.1542
vn 0.5866 0.6244 -0.5158
vn -0.3805 0.1058 -0.9187
vn -0.7795 0.6244 0.0501
vn 0.2374 0.7843 0.5731
vn -0.6734 -0.6848 0.2787
vn -0.5386 -0.2455 -0.8060
vn 0.5152 -0.6848 -0.5155
vn 0.4391 -0.6127 0.6571
vn -0.0885 0.4449 -0.8912
vn -0.9026 -0.2135 -0.3739
vn -0.6927 0.4449 0.5676
vn 0.1887 0.9789 0.0782
vn 0.5331 -0.0000 -0.8461
vn -0.2208 -0.8167 -0.5331
vn -0.9752 -0.0000 -0.2213
vn -0.2208 0.8167 -0.5331
vn 0.3962 0.3447 -0.8510
vn -0.5130 -0.3839 -0.7678
vn -0.9378 0.3447 0.0404
vn -0.0050 1.0000 -0.0074
vn 0.1412 -0.5371 -0.8316
vn 0.3457 -0.9095 0.2310
vn -0.7143 -0.5371 0.4487
vn -0.8307 0.0423 -0.5551
vn 0.5676 0.4449 -0.6927
vn -0.3739 -0.2135 -0.9026
vn -0.8912 0.4449 -0.0885
vn 0.0782 0.9789 0.1887
vn 0.4487 -0.5371 -0.7143
vn 0.2310 -0.9095 0.3457
vn -0.8316 -0.5371 0.1412
vn -0.5551 0.0423 -0.8307
vn -0.1522 0.9766 -0.1522
vn 0.1936 0.2359 -0.9523
vn -0.5926 -0.5456 -0.5926
vn -0.9523 0.2359 0.1936
vn 0.3446 -0.6244 -0.7010
vn 0.4386 -0.7843 0.4386
vn -0.7010 -0.6244 0.3446
vn -0.7031 -0.1058 -0.7031
vn 0.2593 -0.4449 -0.8572
vn 0.1444 -0.9789 0.1444
vn -0.8572 -0.4449 0.2593
vn -0.6908 0.2135 -0.6908
vn -0.5155 -0.6848 0.5152
vn -0.8060 -0.2455 -0.5386
vn 0.2787 -0.6848 -0.6734
vn 0.6571 -0.6127 0.4391
vn -0.5155 0.6848 0.5152
vn 0.6571 0.6127 0.4391
vn 0.2787 0.6848 -0.6734
vn -0.8060 0.2455 -0.5386
vn 0.1936 -0.2359 -0.9523
vn -0.1522 -0.9766 -0.1522
vn -0.9523 -0.2359 0.1936
vn -0.5926 0.5456 -0.5926
vn 0.5433 -0.2359 -0.8057
vn -0.0823 -0.9766 -0.1988
vn -0.9539 -0.2359 -0.1856
vn -0.3207 0.5456 -0.7743
vn -0.3805 -0.1058 -0.9187
vn 0.5866 -0.6244 -0.5158
vn 0.2374 -0.7843 0.5731
vn -0.7795 -0.6244 0.0501
vn 0.3962 -0.3447 -0.8510
vn -0.0050 -1.0000 -0.0074
vn -0.9378 -0.3447 0.0404
vn -0.5130 0.3839 -0.7678
vn 0.5676 -0.4449 -0.6927
vn 0.0782 -0.9789 0.1887
vn -0.8912 -0.4449 -0.0885
vn -0.3739 0.2135 -0.9026
vn 0.4487 0.5371 -0.7143
vn -0.5551 -0.0423 -0.8307
vn -0.8316 0.5371 0.1412
vn 0.2310 0.9095 0.3457
vn 0.3624 0.1199 -0.9243
vn -0.4011 -0.6920 -0.6003
vn -0.9926 0.1199 -0.0189
vn -0.2259 0.9136 -0.3381
vn -0.6734 0.6848 0.2787
vn 0.4391 0.6127 0.6571
vn 0.5152 0.6848 -0.5155
vn -0.5386 0.2455 -0.8060
vn -0.0823 0.9766 -0.1988
vn 0.5433 0.2359 -0.8057
vn -0.3207 -0.5456 -0.7743
vn -0.9539 0.2359 -0.1856
vn 0.6879 -0.5371 -0.4882
vn 0.0811 -0.9095 0.4078
vn -0.8224 -0.5371 -0.1878
vn -0.1949 0.0423 -0.9799
vn 0.6917 0.3447 -0.6346
vn -0.1801 -0.3839 -0.9056
vn -0.8819 0.3447 -0.3216
vn -0.0017 1.0000 -0.0088
vn 0.3624 -0.1199 -0.9243
vn -0.2259 -0.9136 -0.3381
vn -0.9926 -0.1199 -0.0189
vn -0.4011 0.6920 -0.6003
vn 0.6917 -0.3447 -0.6346
vn -0.0017 -1.0000 -0.0088
vn -0.8819 -0.3447 -0.3216
vn -0.1801 0.3839 -0.9056
vn 0.6885 0.1199 -0.7153
vn -0.1408 -0.6920 -0.7081
vn -0.9098 0.1199 -0.3973
vn -0.0793 0.9136 -0.3988
vn -0.7288 -0.6848 -0.0002
vn -0.1891 -0.2455 -0.9508
vn 0.6732 -0.6848 -0.2791
vn 0.1542 -0.6127 0.7751
vn -0.7288 0.6848 -0.0002
vn 0.1542 0.6127 0.7751
vn 0.6732 0.6848 -0.2791
vn -0.1891 0.2455 -0.9508
vn 0.8103 0.2359 -0.5365
vn -0.0000 -0.5456 -0.8381
vn -0.8103 0.2359 -0.5365
vn -0.0000 0.9766 -0.2152
vn 0.6879 0.5371 -0.4882
vn -0.1949 -0.0423 -0.9799
vn -0.8224 0.5371 -0.1878
vn 0.0811 0.9095 0.4078
vn 0.9098 -0.1199 -0.3973
vn 0.0793 -0.9136 -0.3988
vn -0.6885 -0.1199 -0.7153
vn 0.1408 0.6920 -0.7081
vn 0.6885 -0.1199 -0.7153
vn -0.0793 -0.9136 -0.3988
vn -0.9098 -0.1199 -0.3973
vn -0.1408 0.6920 -0.7081
vn 0.8912 -0.4449 -0.0885
vn -0.0782 -0.9789 0.1887
vn -0.5676 -0.4449 -0.6927
vn 0.3739 0.2135 -0.9026
vn 0.9926 0.1199 -0.0189
vn 0.4011 -0.6920 -0.6003
vn -0.3624 0.1199 -0.9243
vn 0.2259 0.9136 -0.3381
vn -0.6732 0.6848 -0.2791
vn -0.1542 0.6127 0.7751
vn 0.7288 0.6848 -0.0002
vn 0.1891 0.2455 -0.9508
vn 0.7795 0.6244 0.0501
vn 0.3805 0.1058 -0.9187
vn -0.5866 0.6244 -0.5158
vn -0.2374 0.7843 0.5731
vn 0.8316 0.5371 0.1412
vn 0.5551 -0.0423 -0.8307
vn -0.4487 0.5371 -0.7143
vn -0.2310 0.9095 0.3457
vn 0.7010 0.6244 0.3446
vn 0.7031 0.1058 -0.7031
vn -0.3446 0.6244 -0.7010
vn -0.4386 0.7843 0.4386
vn 0.8912 0.4449 -0.0885
vn 0.3739 -0.2135 -0.9026
vn -0.5676 0.4449 -0.6927
vn -0.0782 0.9789 0.1887
vn 0.9378 0.3447 0.0404
vn 0.5130 -0.3839 -0.7678
vn -0.3962 0.3447 -0.8510
vn 0.0050 1.0000 -0.0074
vn 0.7795 -0.6244 0.0501
vn -0.2374 -0.7843 0.5731
vn -0.5866 -0.6244 -0.5158
vn 0.3805 -0.1058 -0.9187
vn 0.0189 0.1199 0.9926
vn 0.6003 -0.6920 0.4011
vn 0.9243 0.1199 -0.3624
vn 0.3381 0.9136 0.2259
vt 0.500000 0.214127
vt 0.518041 0.249619
vt 0.062500 0.459018
vt 0.082991 0.500000
vt 0.500000 0.286286
vt 0.481959 0.249619
vt 0.062500 0.540982
vt 0.042009 0.500000
vt 0.343750 0.648621
vt 0.363081 0.687805
vt 0.864132 0.562606
vt 0.843750 0.603163
vt 0.324419 0.687805
vt 0.843750 0.521634
vt 0.343750 0.725938
vt 0.823368 0.562606
vt 0.157923 0.077501
vt 0.155144 0.062628
vt 0.169607 0.062628
vt 0.175482 0.048559
vt 0.643041 0.249619
vt 0.625000 0.286286
vt 0.072344 0.124452
vt 0.062500 0.144711
vt 0.625000 0.214127
vt 0.062500 0.105326
vt 0.606959 0.249619
vt 0.052656 0.124452
vt 0.395030 0.374791
vt 0.375000 0.415238
vt 0.859289 0.812913
vt 0.843750 0.843442
vt 0.375000 0.335125
vt 0.843750 0.781289
vt 0.354971 0.374791
vt 0.828211 0.812913
vt 0.207843 0.937372
vt 0.217746 0.922499
vt 0.207211 0.951441
vt 0.222306 0.937372
vt 0.634844 0.124452
vt 0.625000 0.144711
vt 0.082529 0.625209
vt 0.062500 0.664876
vt 0.625000 0.105326
vt 0.062500 0.584762
vt 0.615156 0.124452
vt 0.042471 0.625209
vt 0.393041 0.249619
vt 0.375000 0.286286
vt 0.830541 0.249619
vt 0.812500 0.286285
vt 0.375000 0.214127
vt 0.812500 0.214127
vt 0.356959 0.249619
vt 0.794459 0.249619
vt 0.072344 0.875548
vt 0.062500 0.894675
vt 0.062500 0.855289
vt 0.052656 0.875548
vt 0.645343 0.937372
vt 0.655246 0.922499
vt 0.786984 0.214127
vt 0.232434 0.249619
vt 0.644711 0.951441
vt 0.773664 0.249619
vt 0.659806 0.937372
vt 0.209716 0.286285
vt 0.437500 0.459018
vt 0.457991 0.500000
vt 0.863081 0.312195
vt 0.843750 0.351379
vt 0.417009 0.500000
vt 0.843750 0.274062
vt 0.437500 0.540982
vt 0.824419 0.312195
vt 0.143041 0.750381
vt 0.125000 0.785873
vt 0.125000 0.713715
vt 0.106959 0.750381
vt 0.740156 0.124452
vt 0.750000 0.105326
vt 0.095845 0.437394
vt 0.163207 0.478366
vt 0.750000 0.144711
vt 0.163733 0.396837
vt 0.759844 0.124452
vt 0.707318 0.437394
vt 0.455541 0.249619
vt 0.437500 0.286286
vt 0.812500 0.105325
vt 0.822344 0.124452
vt 0.437500 0.214127
vt 0.802656 0.124452
vt 0.419459 0.249619
vt 0.812500 0.144711
vt 0.197344 0.875548
vt 0.187500 0.894675
vt 0.187500 0.855289
vt 0.177656 0.875548
vt 0.609289 0.187087
vt 0.593750 0.218712
vt 0.110291 0.312195
vt 0.182503 0.351379
vt 0.593750 0.156558
vt 0.183593 0.274062
vt 0.578211 0.187087
vt 0.690215 0.312195
vt 0.447344 0.875548
vt 0.437500 0.894675
vt 0.832529 0.374791
vt 0.812500 0.415238
vt 0.437500 0.855289
vt 0.812500 0.335125
vt 0.427656 0.875548
vt 0.792470 0.374791
vt 0.270491 0.500000
vt 0.250000 0.540982
vt 0.250000 0.459018
vt 0.229509 0.500000
vt 0.625000 0.584762
vt 0.645030 0.625209
vt 0.145029 0.374791
vt 0.125000 0.415238
vt 0.604971 0.625209
vt 0.125000 0.335125
vt 0.625000 0.664875
vt 0.104971 0.374791
vt 0.457843 0.937372
vt 0.467746 0.922499
vt 0.895030 0.374791
vt 0.875000 0.415238
vt 0.457211 0.951441
vt 0.875000 0.335125
vt 0.472306 0.937372
vt 0.854971 0.374791
vt 0.207991 0.500000
vt 0.187500 0.540982
vt 0.187500 0.459018
vt 0.167009 0.500000
vt 0.675581 0.312195
vt 0.656250 0.351379
vt 0.082843 0.937373
vt 0.092746 0.922499
vt 0.656250 0.274062
vt 0.082211 0.951441
vt 0.636919 0.312195
vt 0.097306 0.937372
vt 0.395029 0.625209
vt 0.375000 0.664875
vt 0.895343 0.937372
vt 0.905246 0.922499
vt 0.375000 0.584762
vt 0.894711 0.951441
vt 0.354971 0.625209
vt 0.909806 0.937372
vt 0.205541 0.249619
vt 0.187500 0.286286
vt 0.187500 0.214127
vt 0.169459 0.249619
vt 0.707991 0.500000
vt 0.687500 0.540982
vt 0.112982 0.048559
vt 0.107107 0.062628
vt 0.687500 0.459018
vt 0.092644 0.062628
vt 0.667009 0.500000
vt 0.095423 0.077501
vt 0.301632 0.562606
vt 0.281250 0.603163
vt 0.905144 0.062628
vt 0.925482 0.048559
vt 0.281250 0.521634
vt 0.907923 0.077501
vt 0.260868 0.562606
vt 0.919607 0.062628
vt 0.205541 0.750381
vt 0.187500 0.785873
vt 0.187500 0.713715
vt 0.169459 0.750381
vt 0.643041 0.750381
vt 0.625000 0.785873
vt 0.093750 0.521634
vt 0.114132 0.562606
vt 0.625000 0.713714
vt 0.073368 0.562606
vt 0.606959 0.750381
vt 0.093750 0.603163
vt 0.421789 0.187087
vt 0.406250 0.218712
vt 0.893041 0.249619
vt 0.875000 0.286286
vt 0.406250 0.156558
vt 0.875000 0.214127
vt 0.390711 0.187087
vt 0.856959 0.249619
vt 0.218750 0.156558
vt 0.234289 0.187087
vt 0.203211 0.187087
vt 0.218750 0.218712
vt 0.734289 0.187087
vt 0.718750 0.218712
vt 0.192638 0.500000
vt 0.172147 0.540982
vt 0.718750 0.156558
vt 0.827853 0.459018
vt 0.703211 0.187087
vt 0.807362 0.500000
vt 0.405144 0.062628
vt 0.425482 0.048559
vt 0.884845 0.124452
vt 0.875000 0.144711
vt 0.407923 0.077501
vt 0.875000 0.105326
vt 0.419607 0.062628
vt 0.865156 0.124452
vt 0.234289 0.812913
vt 0.218750 0.843442
vt 0.218750 0.781288
vt 0.203211 0.812913
vt 0.738081 0.687805
vt 0.718750 0.725938
vt 0.080541 0.249619
vt 0.062500 0.286286
vt 0.718750 0.648621
vt 0.062500 0.214127
vt 0.699419 0.687805
vt 0.044459 0.249619
vt 0.457529 0.625209
vt 0.437500 0.664875
vt 0.875000 0.584762
vt 0.895030 0.625209
vt 0.437500 0.584762
vt 0.854971 0.625209
vt 0.417471 0.625209
vt 0.875000 0.664875
vt 0.197344 0.124452
vt 0.187500 0.144711
vt 0.187500 0.105326
vt 0.177656 0.124452
vt 0.656250 0.396837
vt 0.676633 0.437394
vt 0.109289 0.812913
vt 0.093750 0.843442
vt 0.625000 0.187500
vt 0.656250 0.125000
vt 0.656250 0.156558
vt 0.640711 0.187087
vt 0.687500 0.187500
vt 0.671789 0.187087
vt 0.656250 0.250000
vt 0.656250 0.218712
vt 0.687500 0.562500
vt 0.718750 0.500000
vt 0.718750 0.521634
vt 0.698368 0.562606
vt 0.750000 0.562500
vt 0.739133 0.562606
vt 0.718750 0.625000
vt 0.718750 0.603163
vt 0.781250 0.875000
vt 0.750000 0.937500
vt 0.750000 0.894675
vt 0.759845 0.875548
vt 0.718750 0.875000
vt 0.740156 0.875548
vt 0.750000 0.812500
vt 0.750000 0.855289
vt 0.687500 0.062500
vt 0.796875 0.000000
vt 0.720423 0.077501
vt 0.732107 0.062628
vt 0.750000 0.062500
vt 0.717644 0.062628
vt 0.718750 0.125000
vt 0.737982 0.048559
vt 0.750000 0.437500
vt 0.781250 0.500000
vt 0.770491 0.500000
vt 0.750000 0.459018
vt 0.750000 0.540982
vt 0.729509 0.500000
vt 0.531250 0.875000
vt 0.562500 0.812500
vt 0.562500 0.855289
vt 0.552656 0.875548
vt 0.593750 0.875000
vt 0.572344 0.875548
vt 0.562500 0.937500
vt 0.562500 0.894675
vt 0.625000 0.062500
vt 0.734375 0.000000
vt 0.657923 0.077501
vt 0.669607 0.062628
vt 0.655144 0.062628
vt 0.675482 0.048559
vt 0.656250 0.625000
vt 0.687500 0.584762
vt 0.667471 0.625209
vt 0.707529 0.625209
vt 0.687500 0.687500
vt 0.687500 0.664875
vt 0.593750 0.500000
vt 0.625000 0.437500
vt 0.625000 0.459018
vt 0.604509 0.500000
vt 0.656250 0.500000
vt 0.645491 0.500000
vt 0.625000 0.562500
vt 0.625000 0.540982
vt 0.781250 0.375000
vt 0.750000 0.415238
vt 0.770029 0.374791
vt 0.718750 0.375000
vt 0.729971 0.374791
vt 0.750000 0.312500
vt 0.750000 0.335125
vt 0.781250 0.750000
vt 0.750000 0.785873
vt 0.768041 0.750381
vt 0.718750 0.750000
vt 0.731959 0.750381
vt 0.750000 0.687500
vt 0.750000 0.713714
vt 0.656250 0.375000
vt 0.687500 0.312500
vt 0.687500 0.335125
vt 0.667471 0.374791
vt 0.707529 0.374791
vt 0.687500 0.437500
vt 0.687500 0.415238
vt 0.781250 0.250000
vt 0.750000 0.286286
vt 0.768041 0.249619
vt 0.718750 0.250000
vt 0.731959 0.249619
vt 0.750000 0.187500
vt 0.750000 0.214127
vt 0.562500 0.062500
vt 0.671875 0.000000
vt 0.595423 0.077501
vt 0.607107 0.062628
vt 0.592644 0.062628
vt 0.593750 0.125000
vt 0.612982 0.048559
vt 0.687500 0.812500
vt 0.718750 0.781288
vt 0.703211 0.812913
vt 0.734289 0.812913
vt 0.718750 0.843442
vt 0.718750 0.274062
vt 0.699419 0.312195
vt 0.738081 0.312195
vt 0.718750 0.351379
vt 0.531250 0.500000
vt 0.562500 0.437500
vt 0.562500 0.459018
vt 0.542009 0.500000
vt 0.582991 0.500000
vt 0.562500 0.562500
vt 0.562500 0.540982
vt 0.635868 0.437394
vt 0.656250 0.478366
vt 0.593750 0.750000
vt 0.625000 0.687500
vt 0.656250 0.750000
vt 0.625000 0.812500
vt 0.625000 0.312500
vt 0.593750 0.625000
vt 0.562500 0.187500
vt 0.593750 0.250000
vt 0.781250 0.125000
vt 0.625000 0.937500
vt 0.656250 0.875000
vt 0.687500 0.937500
vt 0.609375 1.000000
vt 0.468750 0.250000
vt 0.500000 0.187500
vt 0.531250 0.250000
vt 0.500000 0.312500
vt 0.593750 0.375000
vt 0.625000 0.335125
vt 0.604971 0.374791
vt 0.645030 0.374791
vt 0.625000 0.415238
vt 0.562500 0.687500
vt 0.593750 0.648621
vt 0.574419 0.687805
vt 0.613081 0.687805
vt 0.593750 0.725938
vt 0.531250 0.375000
vt 0.562500 0.312500
vt 0.562500 0.335125
vt 0.542471 0.374791
vt 0.582529 0.374791
vt 0.562500 0.415238
vt 0.468750 0.500000
vt 0.500000 0.437500
vt 0.500000 0.459018
vt 0.479509 0.500000
vt 0.520491 0.500000
vt 0.500000 0.562500
vt 0.500000 0.540982
vt 0.437500 0.812500
vt 0.468750 0.750000
vt 0.468750 0.781288
vt 0.453211 0.812913
vt 0.500000 0.812500
vt 0.484289 0.812913
vt 0.468750 0.875000
vt 0.468750 0.843442
vt 0.531250 0.125000
vt 0.552656 0.124452
vt 0.562500 0.144711
vt 0.562500 0.105326
vt 0.572344 0.124452
vt 0.593750 0.274062
vt 0.574419 0.312195
vt 0.613081 0.312195
vt 0.593750 0.351379
vt 0.562500 0.214127
vt 0.544459 0.249619
vt 0.580541 0.249619
vt 0.562500 0.286286
vt 0.593750 0.781288
vt 0.578211 0.812913
vt 0.609289 0.812913
vt 0.593750 0.843442
vt 0.593750 0.521634
vt 0.573368 0.562606
vt 0.614133 0.562606
vt 0.593750 0.603163
vt 0.437500 0.562500
vt 0.468750 0.521634
vt 0.448368 0.562606
vt 0.489132 0.562606
vt 0.468750 0.625000
vt 0.468750 0.603163
vt 0.515625 1.000000
vt 0.592077 0.922499
vt 0.580393 0.937372
vt 0.594856 0.937372
vt 0.574518 0.951441
vt 0.531250 0.625000
vt 0.542471 0.625209
vt 0.562500 0.664875
vt 0.562500 0.584762
vt 0.582529 0.625209
vt 0.531250 0.156558
vt 0.515711 0.187087
vt 0.546789 0.187087
vt 0.531250 0.218712
vt 0.500000 0.687500
vt 0.531250 0.648621
vt 0.511919 0.687805
vt 0.550581 0.687805
vt 0.531250 0.750000
vt 0.531250 0.725938
vt 0.593750 0.396837
vt 0.573368 0.437394
vt 0.614133 0.437394
vt 0.593750 0.478366
vt 0.468750 0.375000
vt 0.500000 0.335125
vt 0.479971 0.374791
vt 0.520029 0.374791
vt 0.500000 0.415238
vt 0.437500 0.687500
vt 0.468750 0.648621
vt 0.449419 0.687805
vt 0.488081 0.687805
vt 0.468750 0.725938
vt 0.562500 0.713714
vt 0.544459 0.750381
vt 0.580541 0.750381
vt 0.562500 0.785873
vt 0.500000 0.713715
vt 0.481959 0.750381
vt 0.518041 0.750381
vt 0.500000 0.785873
vt 0.531250 0.274062
vt 0.511919 0.312195
vt 0.550581 0.312195
vt 0.531250 0.351379
vt 0.468750 0.125000
vt 0.490156 0.124452
vt 0.500000 0.144711
vt 0.500000 0.062500
vt 0.500000 0.105326
vt 0.509844 0.124452
vt 0.531250 0.521634
vt 0.510868 0.562606
vt 0.551632 0.562606
vt 0.531250 0.603163
vt 0.609375 0.000000
vt 0.532923 0.077501
vt 0.544607 0.062628
vt 0.530144 0.062628
vt 0.550482 0.048559
vt 0.484375 1.000000
vt 0.530246 0.922499
vt 0.520343 0.937372
vt 0.500000 0.937500
vt 0.534806 0.937372
vt 0.519711 0.951441
vt 0.515711 0.812913
vt 0.531250 0.843442
vt 0.531250 0.781288
vt 0.546789 0.812913
vt 0.406250 0.750000
vt 0.437500 0.713714
vt 0.419459 0.750381
vt 0.455541 0.750381
vt 0.437500 0.785873
vt 0.437500 0.187500
vt 0.468750 0.156558
vt 0.453211 0.187087
vt 0.484289 0.187087
vt 0.468750 0.218712
vt 0.437500 0.437500
vt 0.468750 0.396837
vt 0.448368 0.437394
vt 0.489132 0.437394
vt 0.468750 0.478366
vt 0.531250 0.396837
vt 0.510868 0.437394
vt 0.551632 0.437394
vt 0.531250 0.478366
vt 0.500000 0.855289
vt 0.490156 0.875548
vt 0.509844 0.875548
vt 0.500000 0.894675
vt 0.375000 0.687500
vt 0.406250 0.625000
vt 0.406250 0.648621
vt 0.386919 0.687805
vt 0.425581 0.687805
vt 0.406250 0.725938
vt 0.312500 0.562500
vt 0.343750 0.500000
vt 0.343750 0.521634
vt 0.323368 0.562606
vt 0.375000 0.562500
vt 0.364132 0.562606
vt 0.343750 0.625000
vt 0.343750 0.603163
vt 0.343750 0.750000
vt 0.375000 0.713715
vt 0.356959 0.750381
vt 0.393041 0.750381
vt 0.375000 0.812500
vt 0.375000 0.785873
vt 0.406250 0.375000
vt 0.437500 0.312500
vt 0.437500 0.335125
vt 0.417471 0.374791
vt 0.457529 0.374791
vt 0.437500 0.415238
vt 0.343750 0.875000
vt 0.375000 0.855289
vt 0.365156 0.875548
vt 0.406250 0.875000
vt 0.384844 0.875548
vt 0.375000 0.937500
vt 0.375000 0.894675
vt 0.437500 0.062500
vt 0.546875 0.000000
vt 0.470423 0.077501
vt 0.482107 0.062628
vt 0.467644 0.062628
vt 0.487982 0.048559
vt 0.500000 0.584762
vt 0.479971 0.625209
vt 0.520030 0.625209
vt 0.500000 0.664875
vt 0.449419 0.312195
vt 0.468750 0.351379
vt 0.468750 0.274062
vt 0.488081 0.312195
vt 0.375000 0.062500
vt 0.484375 0.000000
vt 0.406250 0.125000
vt 0.375000 0.187500
vt 0.406250 0.250000
vt 0.250000 0.562500
vt 0.281250 0.500000
vt 0.281250 0.625000
vt 0.437500 0.937500
vt 0.421875 1.000000
vt 0.406250 0.500000
vt 0.343750 0.250000
vt 0.375000 0.312500
vt 0.343750 0.375000
vt 0.375000 0.437500
vt 0.312500 0.687500
vt 0.406250 0.781288
vt 0.390711 0.812913
vt 0.421789 0.812913
vt 0.406250 0.843442
vt 0.281250 0.875000
vt 0.312500 0.812500
vt 0.312500 0.855289
vt 0.302656 0.875548
vt 0.322344 0.875548
vt 0.312500 0.937500
vt 0.312500 0.894674
vt 0.437500 0.105326
vt 0.427656 0.124452
vt 0.447344 0.124452
vt 0.437500 0.144711
vt 0.406250 0.396837
vt 0.385868 0.437394
vt 0.426632 0.437394
vt 0.406250 0.478366
vt 0.343750 0.125000
vt 0.375000 0.105326
vt 0.365156 0.124452
vt 0.384845 0.124452
vt 0.375000 0.144711
vt 0.281250 0.125000
vt 0.312500 0.062500
vt 0.312500 0.105326
vt 0.302656 0.124452
vt 0.322344 0.124452
vt 0.312500 0.187500
vt 0.312500 0.144711
vt 0.343750 0.156558
vt 0.328211 0.187087
vt 0.359289 0.187087
vt 0.343750 0.218712
vt 0.250000 0.312500
vt 0.281250 0.250000
vt 0.281250 0.274062
vt 0.261919 0.312195
vt 0.312500 0.312500
vt 0.300581 0.312195
vt 0.281250 0.375000
vt 0.281250 0.351379
vt 0.394711 0.951441
vt 0.409806 0.937372
vt 0.395343 0.937372
vt 0.359375 1.000000
vt 0.405246 0.922499
vt 0.354509 0.500000
vt 0.375000 0.540982
vt 0.375000 0.459018
vt 0.395491 0.500000
vt 0.281250 0.750000
vt 0.250000 0.687500
vt 0.261919 0.687805
vt 0.281250 0.725938
vt 0.281250 0.648621
vt 0.300581 0.687805
vt 0.421875 0.000000
vt 0.345423 0.077501
vt 0.357107 0.062628
vt 0.342644 0.062628
vt 0.362982 0.048559
vt 0.312500 0.584762
vt 0.292471 0.625209
vt 0.332529 0.625209
vt 0.312500 0.664875
vt 0.406250 0.274062
vt 0.386919 0.312195
vt 0.425581 0.312195
vt 0.406250 0.351379
vt 0.312500 0.214127
vt 0.294459 0.249619
vt 0.330541 0.249619
vt 0.312500 0.286286
vt 0.312500 0.335125
vt 0.292471 0.374791
vt 0.332529 0.374791
vt 0.312500 0.437500
vt 0.312500 0.415238
vt 0.343750 0.781288
vt 0.328211 0.812913
vt 0.359289 0.812913
vt 0.343750 0.843442
vt 0.218750 0.625000
vt 0.250000 0.584762
vt 0.229971 0.625209
vt 0.270029 0.625209
vt 0.250000 0.664875
vt 0.343750 0.396837
vt 0.323368 0.437394
vt 0.364132 0.437394
vt 0.343750 0.478366
vt 0.312500 0.713714
vt 0.294459 0.750381
vt 0.330541 0.750381
vt 0.312500 0.785873
vt 0.250000 0.437500
vt 0.281250 0.396837
vt 0.260868 0.437394
vt 0.301632 0.437394
vt 0.281250 0.478366
vt 0.332211 0.951441
vt 0.347306 0.937373
vt 0.332843 0.937372
vt 0.296875 1.000000
vt 0.342746 0.922499
vt 0.250000 0.062500
vt 0.359375 0.000000
vt 0.282923 0.077501
vt 0.294607 0.062628
vt 0.280144 0.062628
vt 0.300482 0.048559
vt 0.343750 0.274062
vt 0.324419 0.312195
vt 0.363081 0.312195
vt 0.343750 0.351379
vt 0.187500 0.562500
vt 0.218750 0.500000
vt 0.218750 0.521634
vt 0.198368 0.562606
vt 0.239132 0.562606
vt 0.218750 0.603163
vt 0.218750 0.375000
vt 0.250000 0.335125
vt 0.229971 0.374791
vt 0.270029 0.374791
vt 0.250000 0.415238
vt 0.250000 0.937500
vt 0.218750 0.875000
vt 0.240156 0.875548
vt 0.250000 0.894674
vt 0.250000 0.812500
vt 0.250000 0.855289
vt 0.259844 0.875548
vt 0.281250 0.781288
vt 0.265711 0.812913
vt 0.296789 0.812913
vt 0.281250 0.843442
vt 0.250000 0.187500
vt 0.265711 0.187087
vt 0.281250 0.218712
vt 0.281250 0.156558
vt 0.296789 0.187087
vt 0.218750 0.125000
vt 0.250000 0.105326
vt 0.240156 0.124452
vt 0.259844 0.124452
vt 0.250000 0.144711
vt 0.218750 0.250000
vt 0.250000 0.214127
vt 0.231959 0.249619
vt 0.268041 0.249619
vt 0.250000 0.286286
vt 0.218750 0.750000
vt 0.250000 0.713715
vt 0.231959 0.750381
vt 0.268041 0.750381
vt 0.250000 0.785873
vt 0.312500 0.459018
vt 0.292009 0.500000
vt 0.332991 0.500000
vt 0.312500 0.540982
vt 0.187500 0.437500
vt 0.218750 0.396837
vt 0.198368 0.437394
vt 0.239132 0.437394
vt 0.218750 0.478366
vt 0.269711 0.951441
vt 0.284806 0.937373
vt 0.270343 0.937373
vt 0.234375 1.000000
vt 0.280246 0.922499
vt 0.187500 0.062500
vt 0.296875 0.000000
vt 0.220423 0.077501
vt 0.232107 0.062628
vt 0.217644 0.062628
vt 0.237982 0.048559
vt 0.156250 0.375000
vt 0.167471 0.374791
vt 0.187500 0.415238
vt 0.187500 0.312500
vt 0.187500 0.335125
vt 0.207529 0.374791
vt 0.218750 0.274062
vt 0.199419 0.312195
vt 0.238081 0.312195
vt 0.218750 0.351379
vt 0.125000 0.687500
vt 0.156250 0.625000
vt 0.156250 0.648621
vt 0.136919 0.687805
vt 0.187500 0.687500
vt 0.175581 0.687805
vt 0.156250 0.750000
vt 0.156250 0.725938
vt 0.156250 0.125000
vt 0.187500 0.187500
vt 0.187500 0.812500
vt 0.156250 0.250000
vt 0.156250 0.500000
vt 0.156250 0.875000
vt 0.187500 0.937500
vt 0.093750 0.750000
vt 0.125000 0.812500
vt 0.031250 0.875000
vt 0.062500 0.812500
vt 0.093750 0.875000
vt 0.062500 0.937500
vt 0.171875 1.000000
vt 0.125000 0.062500
vt 0.234375 0.000000
vt 0.125000 0.937500
vt 0.144711 0.951441
vt 0.159806 0.937373
vt 0.145343 0.937372
vt 0.109375 1.000000
vt 0.155246 0.922499
vt 0.125000 0.437500
vt 0.156250 0.396837
vt 0.135868 0.437394
vt 0.176632 0.437394
vt 0.156250 0.478366
vt 0.187500 0.584762
vt 0.167471 0.625209
vt 0.207529 0.625209
vt 0.187500 0.664875
vt 0.218750 0.648621
vt 0.199419 0.687805
vt 0.238081 0.687805
vt 0.218750 0.725938
vt 0.125000 0.562500
vt 0.135868 0.562606
vt 0.156250 0.603163
vt 0.156250 0.521634
vt 0.176632 0.562606
vt 0.062500 0.687500
vt 0.093750 0.625000
vt 0.093750 0.648621
vt 0.074419 0.687805
vt 0.113081 0.687805
vt 0.093750 0.725938
vt 0.156250 0.781288
vt 0.140711 0.812913
vt 0.171789 0.812913
vt 0.156250 0.843442
vt 0.093750 0.250000
vt 0.125000 0.187500
vt 0.125000 0.214127
vt 0.106959 0.249619
vt 0.143041 0.249619
vt 0.125000 0.312500
vt 0.125000 0.286286
vt 1.000000 0.187500
vt 0.031250 0.125000
vt 0.247068 0.156558
vt 0.633142 0.187087
vt 0.062500 0.187500
vt 0.166977 0.187087
vt 0.031250 0.250000
vt 0.246819 0.218712
vt 0.125000 0.855289
vt 0.115156 0.875548
vt 0.134844 0.875548
vt 0.125000 0.894675
vt 0.156250 0.274062
vt 0.136919 0.312195
vt 0.175581 0.312195
vt 0.156250 0.351379
vt 0.062500 0.312500
vt 0.093750 0.274062
vt 0.074419 0.312195
vt 0.113081 0.312195
vt 0.093750 0.375000
vt 0.093750 0.351379
vt 1.000000 0.812500
vt 0.031250 0.750000
vt 0.246819 0.781288
vt 0.633142 0.812913
vt 0.166977 0.812913
vt 0.247068 0.843442
vt 0.062500 0.437500
vt 0.093750 0.396837
vt 0.073368 0.437394
vt 0.114132 0.437394
vt 0.093750 0.500000
vt 0.093750 0.478366
vt 0.044459 0.750381
vt 0.062500 0.785873
vt 0.062500 0.713715
vt 0.080541 0.750381
vt 0.093750 0.125000
vt 0.125000 0.105326
vt 0.115156 0.124452
vt 0.134844 0.124452
vt 0.125000 0.144711
vt 0.125000 0.584762
vt 0.104971 0.625209
vt 0.145029 0.625209
vt 0.125000 0.664875
vt 0.093750 0.156558
vt 0.078211 0.187087
vt 0.109289 0.187087
vt 0.093750 0.218712
vt 0.156250 0.156558
vt 0.140711 0.187087
vt 0.171789 0.187087
vt 0.156250 0.218712
vt 0.125000 0.459018
vt 0.104509 0.500000
vt 0.145491 0.500000
vt 0.125000 0.540982
vt 1.000000 0.687500
vt 0.031250 0.625000
vt 0.182503 0.648621
vt 0.690215 0.687805
vt 0.110291 0.687805
vt 0.183593 0.725938
vt 0.093750 0.781288
vt 0.078211 0.812913
vt 0.968750 0.500000
vt 1.000000 0.437500
vt 0.031250 0.500000
vt 0.000000 0.562500
vt 0.062500 0.562500
vt 0.171875 0.000000
vt 0.062500 0.062500
vt 0.046875 1.000000
vt 1.000000 0.312500
vt 0.031250 0.375000
vt 0.000000 0.312500
vt 0.968750 0.250000
vt 0.968750 0.875000
vt 0.657691 0.855289
vt 0.643282 0.875548
vt 0.347950 0.875548
vt 0.000000 0.937500
vt 0.342605 0.894675
vt 1.000000 0.937500
vt 0.631240 0.951441
vt 0.418080 0.937372
vt 0.635028 0.937372
vt 0.984375 1.000000
vt 0.410238 0.922499
vt 1.000000 0.062500
vt 0.078125 0.000000
vt 0.390831 0.077501
vt 0.347024 0.062628
vt 0.563972 0.062628
vt 0.408146 0.048559
vt 0.906250 0.500000
vt 0.937500 0.437500
vt 0.937500 0.459018
vt 0.917009 0.500000
vt 0.957991 0.500000
vt 0.937500 0.562500
vt 0.937500 0.540982
vt 0.937500 0.687500
vt 0.968750 0.625000
vt 0.817497 0.648621
vt 0.889709 0.687805
vt 0.000000 0.687500
vt 0.309785 0.687805
vt 0.968750 0.750000
vt 0.816407 0.725938
vt 0.968750 0.375000
vt 0.819003 0.335125
vt 0.802116 0.374791
vt 0.201232 0.374791
vt 0.000000 0.437500
vt 0.178093 0.415238
vt 0.843750 0.875000
vt 0.875000 0.812500
vt 0.875000 0.855289
vt 0.865156 0.875548
vt 0.906250 0.875000
vt 0.884844 0.875548
vt 0.875000 0.937500
vt 0.875000 0.894675
vt 0.062500 0.335125
vt 0.042471 0.374791
vt 0.082529 0.374791
vt 0.062500 0.415238
vt 1.000000 0.562500
vt 0.821907 0.584762
vt 0.798767 0.625209
vt 0.197884 0.625209
vt 0.180997 0.664876
vt 0.906250 0.375000
vt 0.937500 0.312500
vt 0.937500 0.335125
vt 0.917471 0.374791
vt 0.957529 0.374791
vt 0.937500 0.415238
vt 0.836267 0.396837
vt 0.904155 0.437394
vt 0.292682 0.437394
vt 0.836793 0.478366
vt 0.921875 1.000000
vt 0.937500 0.937500
vt 0.436028 0.937372
vt 0.609169 0.922499
vt 0.591852 0.951441
vt 0.652976 0.937372
vt 0.968750 0.125000
vt 0.657395 0.105326
vt 0.652051 0.124452
vt 0.356718 0.124452
vt 0.000000 0.187500
vt 0.342309 0.144711
vt 0.816407 0.274062
vt 0.889709 0.312195
vt 0.309785 0.312195
vt 0.817497 0.351379
vt 0.000000 0.812500
vt 0.767566 0.750381
vt 0.213016 0.785873
vt 0.790285 0.713715
vt 0.226336 0.750381
vt 0.937500 0.812500
vt 0.937500 0.855289
vt 0.927656 0.875548
vt 0.947344 0.875548
vt 0.937500 0.894675
vt 0.163207 0.521634
vt 0.707318 0.562606
vt 0.095845 0.562606
vt 0.163733 0.603163
vt 0.843750 0.750000
vt 0.875000 0.687500
vt 0.875000 0.713715
vt 0.856959 0.750381
vt 0.906250 0.750000
vt 0.893041 0.750381
vt 0.875000 0.785873
vt 0.843750 0.500000
vt 0.875000 0.437500
vt 0.875000 0.459018
vt 0.854509 0.500000
vt 0.895491 0.500000
vt 0.875000 0.562500
vt 0.875000 0.540982
vt 0.885868 0.437394
vt 0.906250 0.478366
vt 0.906250 0.396837
vt 0.926632 0.437394
vt 0.906250 0.781289
vt 0.890711 0.812913
vt 0.921789 0.812913
vt 0.906250 0.843442
vt 0.906250 0.625000
vt 0.906250 0.648621
vt 0.886919 0.687805
vt 0.925581 0.687805
vt 0.906250 0.725938
vt 0.753181 0.781288
vt 0.833023 0.812913
vt 0.366858 0.812913
vt 0.752932 0.843442
vt 0.937500 0.187500
vt 0.752932 0.156558
vt 0.833023 0.187087
vt 0.366858 0.187087
vt 0.753181 0.218712
vt 0.906250 0.125000
vt 0.937500 0.062500
vt 0.937500 0.105326
vt 0.927656 0.124452
vt 0.947344 0.124452
vt 0.937500 0.144711
vt 0.906250 0.250000
vt 0.919459 0.249619
vt 0.937500 0.286285
vt 0.937500 0.214127
vt 0.955541 0.249619
vt 0.937500 0.584762
vt 0.917471 0.625209
vt 0.957529 0.625210
vt 0.937500 0.664876
vt 0.875000 0.312500
vt 0.906250 0.274062
vt 0.886919 0.312195
vt 0.925581 0.312195
vt 0.906250 0.351379
vt 0.906250 0.521634
vt 0.885868 0.562606
vt 0.926632 0.562606
vt 0.906250 0.603163
vt 0.836793 0.521634
vt 0.904155 0.562606
vt 0.292682 0.562606
vt 0.836267 0.603163
vt 0.046875 0.000000
vt 0.590431 0.077501
vt 0.367423 0.062628
vt 0.000000 0.062500
vt 0.584371 0.062628
vt 0.376454 0.048559
vt 0.812500 0.812500
vt 0.812500 0.855289
vt 0.802656 0.875548
vt 0.822344 0.875548
vt 0.812500 0.937500
vt 0.812500 0.894675
vt 0.812500 0.062500
vt 0.921875 0.000000
vt 0.845423 0.077501
vt 0.857107 0.062628
vt 0.875000 0.062500
vt 0.842644 0.062628
vt 0.843750 0.125000
vt 0.862982 0.048559
vt 0.937500 0.713715
vt 0.919459 0.750381
vt 0.955541 0.750381
vt 0.937500 0.785873
vt 0.812500 0.437500
vt 0.812500 0.459018
vt 0.792009 0.500000
vt 0.832991 0.500000
vt 0.812500 0.562500
vt 0.812500 0.540982
vt 0.812500 0.687500
vt 0.843750 0.625000
vt 0.843750 0.648621
vt 0.824419 0.687805
vt 0.863081 0.687805
vt 0.843750 0.725938
vt 0.875000 0.187500
vt 0.906250 0.156558
vt 0.890711 0.187087
vt 0.921789 0.187087
vt 0.906250 0.218712
vt 0.812500 0.713715
vt 0.794459 0.750381
vt 0.830541 0.750381
vt 0.812500 0.785873
vt 0.812500 0.187500
vt 0.843750 0.156558
vt 0.828211 0.187087
vt 0.859289 0.187087
vt 0.843750 0.250000
vt 0.843750 0.218712
vt 0.984375 0.000000
vt 0.859375 1.000000
vt 0.843750 0.375000
vt 0.812500 0.312500
vt 0.832211 0.951441
vt 0.847306 0.937372
vt 0.832843 0.937372
vt 0.796875 1.000000
vt 0.842746 0.922499
vt 0.781250 0.625000
vt 0.792471 0.625209
vt 0.812500 0.664875
vt 0.812500 0.584762
vt 0.832529 0.625209
vt 0.781250 0.156558
vt 0.765711 0.187087
vt 0.796789 0.187087
vt 0.781250 0.218712
vt 0.781250 0.648621
vt 0.761919 0.687805
vt 0.800581 0.687805
vt 0.781250 0.725938
vt 0.843750 0.396837
vt 0.823367 0.437394
vt 0.864133 0.437394
vt 0.843750 0.478366
vt 0.781250 0.274062
vt 0.761919 0.312195
vt 0.800581 0.312195
vt 0.781250 0.351379
vt 0.781250 0.521634
vt 0.760868 0.562606
vt 0.801633 0.562606
vt 0.781250 0.603163
vt 0.859375 0.000000
vt 0.782923 0.077501
vt 0.794607 0.062628
vt 0.780144 0.062628
vt 0.800482 0.048559
vt 0.769711 0.951441
vt 0.784806 0.937372
vt 0.770343 0.937373
vt 0.734375 1.000000
vt 0.780246 0.922499
vt 0.750000 0.584762
vt 0.729971 0.625209
vt 0.770029 0.625209
vt 0.750000 0.664875
vt 0.781250 0.781289
vt 0.765711 0.812913
vt 0.796789 0.812913
vt 0.781250 0.843442
vt 0.718750 0.396837
vt 0.698368 0.437394
vt 0.739133 0.437394
vt 0.718750 0.478366
vt 0.781250 0.396837
vt 0.760868 0.437394
vt 0.801632 0.437394
vt 0.781250 0.478366
vt 0.687500 0.214127
vt 0.669459 0.249619
vt 0.705541 0.249619
vt 0.687500 0.286286
vt 0.656250 0.521634
vt 0.635868 0.562606
vt 0.676633 0.562606
vt 0.656250 0.603163
vt 0.707211 0.951441
vt 0.722306 0.937372
vt 0.707843 0.937373
vt 0.671875 1.000000
vt 0.717746 0.922499
vt 0.687500 0.855289
vt 0.677656 0.875548
vt 0.697344 0.875548
vt 0.687500 0.894675
vt 0.656250 0.781288
vt 0.640711 0.812913
vt 0.671789 0.812913
vt 0.656250 0.843442
vt 0.625000 0.855289
vt 0.615156 0.875548
vt 0.634845 0.875548
vt 0.625000 0.894675
vt 0.687500 0.713715
vt 0.669459 0.750381
vt 0.705541 0.750381
vt 0.687500 0.785873
vt 0.656250 0.648621
vt 0.636919 0.687805
vt 0.675581 0.687805
vt 0.656250 0.725938
vt 0.687500 0.105326
vt 0.677656 0.124452
vt 0.697344 0.124452
vt 0.687500 0.144711
vt 0.406250 0.521634
vt 0.385868 0.562606
vt 0.426632 0.562606
vt 0.406250 0.603163
s 1
f 360/1/360 361/2/361 1321/2/1321 1320/1/1320
f 904/3/904 905/4/905 1865/4/1865 1864/3/1864
f 362/5/362 359/6/359 1319/6/1319 1322/5/1322
f 906/7/906 903/8/903 1863/8/1863 1866/7/1866
f 565/9/565 566/10/566 1526/10/1526 1525/9/1525
f 1109/11/1109 1110/12/1110 2070/12/2070 2069/11/2069
f 359/6/359 360/1/360 1320/1/1320 1319/6/1319
f 903/8/903 904/3/904 1864/3/1864 1863/8/1863
f 564/13/564 565/9/565 1525/9/1525 1524/13/1524
f 1108/14/1108 1109/11/1109 2069/11/2069 2068/14/2068
f 566/10/566 563/15/563 1523/15/1523 1526/10/1526
f 1110/12/1110 1107/16/1107 2067/16/2067 2070/12/2070
f 769/17/769 770/18/770 1730/18/1730 1729/17/1729
f 563/15/563 564/13/564 1524/13/1524 1523/15/1523
f 1107/16/1107 1108/14/1108 2068/14/2068 2067/16/2067
f 768/19/768 769/17/769 1729/17/1729 1728/19/1728
f 770/18/770 767/20/767 1727/20/1727 1730/18/1730
f 357/21/357 358/22/358 1318/22/1318 1317/21/1317
f 767/20/767 768/19/768 1728/19/1728 1727/20/1727
f 901/23/901 902/24/902 1862/24/1862 1861/23/1861
f 356/25/356 357/21/357 1317/21/1317 1316/25/1316
f 900/26/900 901/23/901 1861/23/1861 1860/26/1860
f 358/22/358 355/27/355 1315/27/1315 1318/22/1318
f 902/24/902 899/28/899 1859/28/1859 1862/24/1862
f 561/29/561 562/30/562 1522/30/1522 1521/29/1521
f 1105/31/1105 1106/32/1106 2066/32/2066 2065/31/2065
f 355/27/355 356/25/356 1316/25/1316 1315/27/1315
f 899/28/899 900/26/900 1860/26/1860 1859/28/1859
f 560/33/560 561/29/561 1521/29/1521 1520/33/1520
f 1104/34/1104 1105/31/1105 2065/31/2065 2064/34/2064
f 562/30/562 559/35/559 1519/35/1519 1522/30/1522
f 1106/32/1106 1103/36/1103 2063/36/2063 2066/32/2066
f 765/37/765 766/38/766 1726/38/1726 1725/37/1725
f 559/35/559 560/33/560 1520/33/1520 1519/35/1519
f 1103/36/1103 1104/34/1104 2064/34/2064 2063/36/2063
f 764/39/764 765/37/765 1725/37/1725 1724/39/1724
f 766/38/766 763/40/763 1723/40/1723 1726/38/1726
f 353/41/353 354/42/354 1314/42/1314 1313/41/1313
f 763/40/763 764/39/764 1724/39/1724 1723/40/1723
f 897/43/897 898/44/898 1858/44/1858 1857/43/1857
f 352/45/352 353/41/353 1313/41/1313 1312/45/1312
f 896/46/896 897/43/897 1857/43/1857 1856/46/1856
f 354/42/354 351/47/351 1311/47/1311 1314/42/1314
f 898/44/898 895/48/895 1855/48/1855 1858/44/1858
f 557/49/557 558/50/558 1518/50/1518 1517/49/1517
f 1101/51/1101 1102/52/1102 2062/52/2062 2061/51/2061
f 351/47/351 352/45/352 1312/45/1312 1311/47/1311
f 895/48/895 896/46/896 1856/46/1856 1855/48/1855
f 556/53/556 557/49/557 1517/49/1517 1516/53/1516
f 1100/54/1100 1101/51/1101 2061/51/2061 2060/54/2060
f 558/50/558 555/55/555 1515/55/1515 1518/50/1518
f 1102/52/1102 1099/56/1099 2059/56/2059 2062/52/2062
f 761/57/761 762/58/762 1722/58/1722 1721/57/1721
f 555/55/555 556/53/556 1516/53/1516 1515/55/1515
f 1099/56/1099 1100/54/1100 2060/54/2060 2059/56/2059
f 760/59/760 761/57/761 1721/57/1721 1720/59/1720
f 762/58/762 759/60/759 1719/60/1719 1722/58/1722
f 349/61/349 350/62/350 1310/62/1310 1309/61/1309
f 759/60/759 760/59/760 1720/59/1720 1719/60/1719
f 893/63/893 894/64/894 1854/64/1854 1853/63/1853
f 348/65/348 349/61/349 1309/61/1309 1308/65/1308
f 892/66/892 893/63/893 1853/63/1853 1852/66/1852
f 350/62/350 347/67/347 1307/67/1307 1310/62/1310
f 894/64/894 891/68/891 1851/68/1851 1854/64/1854
f 553/69/553 554/70/554 1514/70/1514 1513/69/1513
f 1097/71/1097 1098/72/1098 2058/72/2058 2057/71/2057
f 347/67/347 348/65/348 1308/65/1308 1307/67/1307
f 891/68/891 892/66/892 1852/66/1852 1851/68/1851
f 552/73/552 553/69/553 1513/69/1513 1512/73/1512
f 1096/74/1096 1097/71/1097 2057/71/2057 2056/74/2056
f 554/70/554 551/75/551 1511/75/1511 1514/70/1514
f 1098/72/1098 1095/76/1095 2055/76/2055 2058/72/2058
f 757/77/757 758/78/758 1718/78/1718 1717/77/1717
f 551/75/551 552/73/552 1512/73/1512 1511/75/1511
f 1095/76/1095 1096/74/1096 2056/74/2056 2055/76/2055
f 756/79/756 757/77/757 1717/77/1717 1716/79/1716
f 758/78/758 755/80/755 1715/80/1715 1718/78/1718
f 345/81/345 346/82/346 1306/82/1306 1305/81/1305
f 755/80/755 756/79/756 1716/79/1716 1715/80/1715
f 889/83/889 890/84/890 1850/84/1850 1849/83/1849
f 344/85/344 345/81/345 1305/81/1305 1304/85/1304
f 888/86/888 889/83/889 1849/83/1849 1848/86/1848
f 346/82/346 343/87/343 1303/87/1303 1306/82/1306
f 890/84/890 887/88/887 1847/88/1847 1850/84/1850
f 549/89/549 550/90/550 1510/90/1510 1509/89/1509
f 1093/91/1093 1094/92/1094 2054/92/2054 2053/91/2053
f 343/87/343 344/85/344 1304/85/1304 1303/87/1303
f 887/88/887 888/86/888 1848/86/1848 1847/88/1847
f 548/93/548 549/89/549 1509/89/1509 1508/93/1508
f 1092/94/1092 1093/91/1093 2053/91/2053 2052/94/2052
f 550/90/550 547/95/547 1507/95/1507 1510/90/1510
f 1094/92/1094 1091/96/1091 2051/96/2051 2054/92/2054
f 753/97/753 754/98/754 1714/98/1714 1713/97/1713
f 547/95/547 548/93/548 1508/93/1508 1507/95/1507
f 1091/96/1091 1092/94/1092 2052/94/2052 2051/96/2051
f 752/99/752 753/97/753 1713/97/1713 1712/99/1712
f 754/98/754 751/100/751 1711/100/1711 1714/98/1714
f 341/101/341 342/102/342 1302/102/1302 1301/101/1301
f 751/100/751 752/99/752 1712/99/1712 1711/100/1711
f 885/103/885 886/104/886 1846/104/1846 1845/103/1845
f 340/105/340 341/101/341 1301/101/1301 1300/105/1300
f 884/106/884 885/103/885 1845/103/1845 1844/106/1844
f 342/102/342 339/107/339 1299/107/1299 1302/102/1302
f 886/104/886 883/108/883 1843/108/1843 1846/104/1846
f 545/109/545 546/110/546 1506/110/1506 1505/109/1505
f 1089/111/1089 1090/112/1090 2050/112/2050 2049/111/2049
f 339/107/339 340/105/340 1300/105/1300 1299/107/1299
f 883/108/883 884/106/884 1844/106/1844 1843/108/1843
f 544/113/544 545/109/545 1505/109/1505 1504/113/1504
f 1088/114/1088 1089/111/1089 2049/111/2049 2048/114/2048
f 546/110/546 543/115/543 1503/115/1503 1506/110/1506
f 1090/112/1090 1087/116/1087 2047/116/2047 2050/112/2050
f 749/117/749 750/118/750 1710/118/1710 1709/117/1709
f 543/115/543 544/113/544 1504/113/1504 1503/115/1503
f 1087/116/1087 1088/114/1088 2048/114/2048 2047/116/2047
f 748/119/748 749/117/749 1709/117/1709 1708/119/1708
f 750/118/750 747/120/747 1707/120/1707 1710/118/1710
f 337/121/337 338/122/338 1298/122/1298 1297/121/1297
f 747/120/747 748/119/748 1708/119/1708 1707/120/1707
f 881/123/881 882/124/882 1842/124/1842 1841/123/1841
f 336/125/336 337/121/337 1297/121/1297 1296/125/1296
f 880/126/880 881/123/881 1841/123/1841 1840/126/1840
f 338/122/338 335/127/335 1295/127/1295 1298/122/1298
f 882/124/882 879/128/879 1839/128/1839 1842/124/1842
f 541/129/541 542/130/542 1502/130/1502 1501/129/1501
f 1085/131/1085 1086/132/1086 2046/132/2046 2045/131/2045
f 335/127/335 336/125/336 1296/125/1296 1295/127/1295
f 879/128/879 880/126/880 1840/126/1840 1839/128/1839
f 540/133/540 541/129/541 1501/129/1501 1500/133/1500
f 1084/134/1084 1085/131/1085 2045/131/2045 2044/134/2044
f 542/130/542 539/135/539 1499/135/1499 1502/130/1502
f 1086/132/1086 1083/136/1083 2043/136/2043 2046/132/2046
f 745/137/745 746/138/746 1706/138/1706 1705/137/1705
f 539/135/539 540/133/540 1500/133/1500 1499/135/1499
f 1083/136/1083 1084/134/1084 2044/134/2044 2043/136/2043
f 744/139/744 745/137/745 1705/137/1705 1704/139/1704
f 746/138/746 743/140/743 1703/140/1703 1706/138/1706
f 333/141/333 334/142/334 1294/142/1294 1293/141/1293
f 743/140/743 744/139/744 1704/139/1704 1703/140/1703
f 877/143/877 878/144/878 1838/144/1838 1837/143/1837
f 332/145/332 333/141/333 1293/141/1293 1292/145/1292
f 876/146/876 877/143/877 1837/143/1837 1836/146/1836
f 334/142/334 331/147/331 1291/147/1291 1294/142/1294
f 878/144/878 875/148/875 1835/148/1835 1838/144/1838
f 537/149/537 538/150/538 1498/150/1498 1497/149/1497
f 1081/151/1081 1082/152/1082 2042/152/2042 2041/151/2041
f 331/147/331 332/145/332 1292/145/1292 1291/147/1291
f 875/148/875 876/146/876 1836/146/1836 1835/148/1835
f 536/153/536 537/149/537 1497/149/1497 1496/153/1496
f 1080/154/1080 1081/151/1081 2041/151/2041 2040/154/2040
f 538/150/538 535/155/535 1495/155/1495 1498/150/1498
f 1082/152/1082 1079/156/1079 2039/156/2039 2042/152/2042
f 741/157/741 742/158/742 1702/158/1702 1701/157/1701
f 535/155/535 536/153/536 1496/153/1496 1495/155/1495
f 1079/156/1079 1080/154/1080 2040/154/2040 2039/156/2039
f 740/159/740 741/157/741 1701/157/1701 1700/159/1700
f 742/158/742 739/160/739 1699/160/1699 1702/158/1702
f 329/161/329 330/162/330 1290/162/1290 1289/161/1289
f 873/163/873 874/164/874 1834/164/1834 1833/163/1833
f 739/160/739 740/159/740 1700/159/1700 1699/160/1699
f 328/165/328 329/161/329 1289/161/1289 1288/165/1288
f 872/166/872 873/163/873 1833/163/1833 1832/166/1832
f 330/162/330 327/167/327 1287/167/1287 1290/162/1290
f 874/164/874 871/168/871 1831/168/1831 1834/164/1834
f 533/169/533 534/170/534 1494/170/1494 1493/169/1493
f 1077/171/1077 1078/172/1078 2038/172/2038 2037/171/2037
f 327/167/327 328/165/328 1288/165/1288 1287/167/1287
f 871/168/871 872/166/872 1832/166/1832 1831/168/1831
f 532/173/532 533/169/533 1493/169/1493 1492/173/1492
f 1076/174/1076 1077/171/1077 2037/171/2037 2036/174/2036
f 534/170/534 531/175/531 1491/175/1491 1494/170/1494
f 1078/172/1078 1075/176/1075 2035/176/2035 2038/172/2038
f 737/177/737 738/178/738 1698/178/1698 1697/177/1697
f 531/175/531 532/173/532 1492/173/1492 1491/175/1491
f 1075/176/1075 1076/174/1076 2036/174/2036 2035/176/2035
f 736/179/736 737/177/737 1697/177/1697 1696/179/1696
f 738/178/738 735/180/735 1695/180/1695 1698/178/1698
f 325/181/325 326/182/326 1286/182/1286 1285/181/1285
f 869/183/869 870/184/870 1830/184/1830 1829/183/1829
f 735/180/735 736/179/736 1696/179/1696 1695/180/1695
f 324/185/324 325/181/325 1285/181/1285 1284/185/1284
f 868/186/868 869/183/869 1829/183/1829 1828/186/1828
f 326/182/326 323/187/323 1283/187/1283 1286/182/1286
f 870/184/870 867/188/867 1827/188/1827 1830/184/1830
f 529/189/529 530/190/530 1490/190/1490 1489/189/1489
f 1073/191/1073 1074/192/1074 2034/192/2034 2033/191/2033
f 323/187/323 324/185/324 1284/185/1284 1283/187/1283
f 867/188/867 868/186/868 1828/186/1828 1827/188/1827
f 528/193/528 529/189/529 1489/189/1489 1488/193/1488
f 1072/194/1072 1073/191/1073 2033/191/2033 2032/194/2032
f 530/190/530 527/195/527 1487/195/1487 1490/190/1490
f 1074/192/1074 1071/196/1071 2031/196/2031 2034/192/2034
f 733/197/733 734/198/734 1694/198/1694 1693/197/1693
f 527/195/527 528/193/528 1488/193/1488 1487/195/1487
f 1071/196/1071 1072/194/1072 2032/194/2032 2031/196/2031
f 732/199/732 733/197/733 1693/197/1693 1692/199/1692
f 734/198/734 731/200/731 1691/200/1691 1694/198/1694
f 321/201/321 322/202/322 1282/202/1282 1281/201/1281
f 865/203/865 866/204/866 1826/204/1826 1825/203/1825
f 731/200/731 732/199/732 1692/199/1692 1691/200/1691
f 320/205/320 321/201/321 1281/201/1281 1280/205/1280
f 864/206/864 865/203/865 1825/203/1825 1824/206/1824
f 322/202/322 319/207/319 1279/207/1279 1282/202/1282
f 866/204/866 863/208/863 1823/208/1823 1826/204/1826
f 525/209/525 526/210/526 1486/210/1486 1485/209/1485
f 1069/211/1069 1070/212/1070 2030/212/2030 2029/211/2029
f 319/207/319 320/205/320 1280/205/1280 1279/207/1279
f 863/208/863 864/206/864 1824/206/1824 1823/208/1823
f 524/213/524 525/209/525 1485/209/1485 1484/213/1484
f 1068/214/1068 1069/211/1069 2029/211/2029 2028/214/2028
f 526/210/526 523/215/523 1483/215/1483 1486/210/1486
f 1070/212/1070 1067/216/1067 2027/216/2027 2030/212/2030
f 729/217/729 730/218/730 1690/218/1690 1689/217/1689
f 523/215/523 524/213/524 1484/213/1484 1483/215/1483
f 1067/216/1067 1068/214/1068 2028/214/2028 2027/216/2027
f 728/219/728 729/217/729 1689/217/1689 1688/219/1688
f 730/218/730 727/220/727 1687/220/1687 1690/218/1690
f 317/221/317 318/222/318 1278/222/1278 1277/221/1277
f 861/223/861 862/224/862 1822/224/1822 1821/223/1821
f 727/220/727 728/219/728 1688/219/1688 1687/220/1687
f 316/225/316 317/221/317 1277/221/1277 1276/225/1276
f 860/226/860 861/223/861 1821/223/1821 1820/226/1820
f 318/222/318 315/227/315 1275/227/1275 1278/222/1278
f 862/224/862 859/228/859 1819/228/1819 1822/224/1822
f 521/229/521 522/230/522 1482/230/1482 1481/229/1481
f 1065/231/1065 1066/232/1066 2026/232/2026 2025/231/2025
f 315/227/315 316/225/316 1276/225/1276 1275/227/1275
f 859/228/859 860/226/860 1820/226/1820 1819/228/1819
f 520/233/520 521/229/521 1481/229/1481 1480/233/1480
f 1064/234/1064 1065/231/1065 2025/231/2025 2024/234/2024
f 522/230/522 519/235/519 1479/235/1479 1482/230/1482
f 1066/232/1066 1063/236/1063 2023/236/2023 2026/232/2026
f 725/237/725 726/238/726 1686/238/1686 1685/237/1685
f 519/235/519 520/233/520 1480/233/1480 1479/235/1479
f 1063/236/1063 1064/234/1064 2024/234/2024 2023/236/2023
f 724/239/724 725/237/725 1685/237/1685 1684/239/1684
f 726/238/726 723/240/723 1683/240/1683 1686/238/1686
f 313/241/313 314/242/314 1274/242/1274 1273/241/1273
f 857/243/857 858/244/858 1818/244/1818 1817/243/1817
f 723/240/723 724/239/724 1684/239/1684 1683/240/1683
f 34/245/34 27/246/27 244/247/244 243/248/243
f 27/246/27 19/249/19 245/250/245 244/247/244
f 19/249/19 26/251/26 246/252/246 245/250/245
f 26/251/26 34/245/34 243/248/243 246/252/246
f 16/253/16 9/254/9 248/255/248 247/256/247
f 9/254/9 3/257/3 249/258/249 248/255/248
f 3/257/3 8/259/8 250/260/250 249/258/249
f 8/259/8 16/253/16 247/256/247 250/260/250
f 233/261/233 240/262/240 252/263/252 251/264/251
f 240/262/240 6/265/6 253/266/253 252/263/252
f 6/265/6 1/267/1 254/268/254 253/266/253
f 1/267/1 233/261/233 251/264/251 254/268/254
f 20/269/20 157/270/157 256/271/256 255/272/255
f 157/270/157 242/273/242 257/274/257 256/271/256
f 242/273/242 12/275/12 258/276/258 257/274/257
f 12/275/12 20/269/20 255/272/255 258/276/258
f 4/277/4 236/278/236 260/279/260 259/280/259
f 236/278/236 3/257/3 261/281/261 260/279/260
f 3/257/3 9/254/9 262/282/262 261/281/261
f 9/254/9 4/277/4 259/280/259 262/282/262
f 52/283/52 45/284/45 264/285/264 263/286/263
f 45/284/45 36/287/36 265/288/265 264/285/264
f 36/287/36 44/289/44 266/290/266 265/288/265
f 44/289/44 52/283/52 263/286/263 266/290/266
f 35/291/35 157/292/157 268/293/268 267/294/267
f 157/292/157 20/269/20 269/295/269 268/293/268
f 20/269/20 27/246/27 270/296/270 269/295/269
f 27/246/27 35/291/35 267/294/267 270/296/270
f 23/297/23 16/253/16 272/298/272 271/299/271
f 16/253/16 8/259/8 273/300/273 272/298/272
f 8/259/8 15/301/15 274/302/274 273/300/273
f 15/301/15 23/297/23 271/299/271 274/302/274
f 39/303/39 32/304/32 276/305/276 275/306/275
f 32/304/32 24/307/24 277/308/277 276/305/276
f 24/307/24 31/309/31 278/310/278 277/308/277
f 31/309/31 39/303/39 275/306/275 278/310/278
f 237/311/237 4/277/4 280/312/280 279/313/279
f 4/277/4 10/314/10 281/315/281 280/312/280
f 10/314/10 5/316/5 282/317/282 281/315/281
f 5/316/5 237/311/237 279/313/279 282/317/282
f 234/318/234 1/267/1 284/319/284 283/320/283
f 1/267/1 7/321/7 285/322/285 284/319/284
f 7/321/7 2/323/2 286/324/286 285/322/285
f 2/323/2 234/318/234 283/320/283 286/324/286
f 25/325/25 18/326/18 288/327/288 287/328/287
f 18/326/18 10/314/10 289/329/289 288/327/288
f 10/314/10 17/330/17 290/331/290 289/329/289
f 17/330/17 25/325/25 287/328/287 290/331/290
f 238/332/238 5/316/5 292/333/292 291/334/291
f 5/316/5 11/335/11 293/336/293 292/333/292
f 11/335/11 241/337/241 294/338/294 293/336/293
f 241/337/241 238/332/238 291/334/291 294/338/294
f 51/339/51 157/340/157 296/341/296 295/342/295
f 157/340/157 35/291/35 297/343/297 296/341/296
f 35/291/35 42/344/42 298/345/298 297/343/297
f 42/344/42 51/339/51 295/342/295 298/345/298
f 14/346/14 7/321/7 300/347/300 299/348/299
f 7/321/7 1/267/1 301/349/301 300/347/300
f 1/267/1 6/265/6 302/350/302 301/349/301
f 6/265/6 14/346/14 299/348/299 302/350/302
f 18/326/18 11/335/11 304/351/304 303/352/303
f 11/335/11 5/316/5 305/353/305 304/351/304
f 5/316/5 10/314/10 306/354/306 305/353/305
f 10/314/10 18/326/18 303/352/303 306/354/306
f 55/355/55 48/356/48 308/357/308 307/358/307
f 48/356/48 39/303/39 309/359/309 308/357/308
f 39/303/39 47/360/47 310/361/310 309/359/309
f 47/360/47 55/355/55 307/358/307 310/361/310
f 24/307/24 32/304/32 312/362/312 311/363/311
f 32/304/32 25/325/25 313/241/313 312/362/312
f 25/325/25 17/330/17 314/242/314 313/241/313
f 17/330/17 24/307/24 311/363/311 314/242/314
f 15/301/15 8/259/8 316/225/316 315/227/315
f 8/259/8 2/323/2 317/221/317 316/225/316
f 2/323/2 7/321/7 318/222/318 317/221/317
f 7/321/7 15/301/15 315/227/315 318/222/318
f 19/249/19 12/275/12 320/205/320 319/207/319
f 12/275/12 241/337/241 321/201/321 320/205/320
f 241/337/241 11/335/11 322/202/322 321/201/321
f 11/335/11 19/249/19 319/207/319 322/202/322
f 37/364/37 30/365/30 324/185/324 323/187/323
f 30/365/30 22/366/22 325/181/325 324/185/324
f 22/366/22 29/367/29 326/182/326 325/181/325
f 29/367/29 37/364/37 323/187/323 326/182/326
f 24/307/24 17/330/17 328/165/328 327/167/327
f 17/330/17 9/254/9 329/161/329 328/165/328
f 9/254/9 16/253/16 330/162/330 329/161/329
f 16/253/16 24/307/24 327/167/327 330/162/330
f 33/368/33 26/251/26 332/145/332 331/147/331
f 26/251/26 18/326/18 333/141/333 332/145/332
f 18/326/18 25/325/25 334/142/334 333/141/333
f 25/325/25 33/368/33 331/147/331 334/142/334
f 30/365/30 38/369/38 336/125/336 335/127/335
f 38/369/38 31/309/31 337/121/337 336/125/336
f 31/309/31 23/297/23 338/122/338 337/121/337
f 23/297/23 30/365/30 335/127/335 338/122/338
f 50/370/50 42/344/42 340/105/340 339/107/339
f 42/344/42 34/245/34 341/101/341 340/105/340
f 34/245/34 41/371/41 342/102/342 341/101/341
f 41/371/41 50/370/50 339/107/339 342/102/342
f 239/372/239 241/337/241 344/85/344 343/87/343
f 241/337/241 12/275/12 345/81/345 344/85/344
f 12/275/12 242/273/242 346/82/346 345/81/345
f 242/273/242 239/372/239 343/87/343 346/82/346
f 28/373/28 21/374/21 348/65/348 347/67/347
f 21/374/21 13/375/13 349/61/349 348/65/348
f 13/375/13 43/376/43 350/62/350 349/61/349
f 43/376/43 28/373/28 347/67/347 350/62/350
f 42/344/42 35/291/35 352/45/352 351/47/351
f 35/291/35 27/246/27 353/41/353 352/45/352
f 27/246/27 34/245/34 354/42/354 353/41/353
f 34/245/34 42/344/42 351/47/351 354/42/354
f 41/371/41 34/245/34 356/25/356 355/27/355
f 34/245/34 26/251/26 357/21/357 356/25/356
f 26/251/26 33/368/33 358/22/358 357/21/357
f 33/368/33 41/371/41 355/27/355 358/22/358
f 72/377/72 65/378/65 360/1/360 359/6/359
f 65/378/65 57/379/57 361/2/361 360/1/360
f 57/379/57 64/380/64 362/5/362 361/2/361
f 64/380/64 72/377/72 359/6/359 362/5/362
f 40/381/40 33/368/33 364/382/364 363/383/363
f 33/368/33 25/325/25 365/384/365 364/382/364
f 25/325/25 32/304/32 366/385/366 365/384/365
f 32/304/32 40/381/40 363/383/363 366/385/366
f 46/386/46 38/369/38 368/387/368 367/388/367
f 38/369/38 30/365/30 369/389/369 368/387/368
f 30/365/30 37/364/37 370/390/370 369/389/369
f 37/364/37 46/386/46 367/388/367 370/390/370
f 56/391/56 49/392/49 372/393/372 371/394/371
f 49/392/49 40/381/40 373/395/373 372/393/372
f 40/381/40 48/356/48 374/396/374 373/395/373
f 48/356/48 56/391/56 371/394/371 374/396/374
f 70/397/70 63/398/63 376/399/376 375/400/375
f 63/398/63 55/355/55 377/401/377 376/399/376
f 55/355/55 62/402/62 378/403/378 377/401/377
f 62/402/62 70/397/70 375/400/375 378/403/378
f 75/404/75 68/405/68 380/406/380 379/407/379
f 68/405/68 60/408/60 381/409/381 380/406/380
f 60/408/60 67/410/67 382/411/382 381/409/381
f 67/410/67 75/404/75 379/407/379 382/411/382
f 50/370/50 58/412/58 384/413/384 383/414/383
f 58/412/58 51/339/51 385/415/385 384/413/384
f 51/339/51 42/344/42 386/416/386 385/415/385
f 42/344/42 50/370/50 383/414/383 386/416/386
f 49/392/49 41/371/41 388/417/388 387/418/387
f 41/371/41 33/368/33 389/419/389 388/417/388
f 33/368/33 40/381/40 390/420/390 389/419/389
f 40/381/40 49/392/49 387/418/387 390/420/390
f 57/379/57 50/370/50 392/421/392 391/422/391
f 50/370/50 41/371/41 393/423/393 392/421/392
f 41/371/41 49/392/49 394/424/394 393/423/393
f 49/392/49 57/379/57 391/422/391 394/424/394
f 45/284/45 37/364/37 396/425/396 395/426/395
f 37/364/37 29/367/29 397/427/397 396/425/396
f 29/367/29 36/287/36 398/428/398 397/427/397
f 36/287/36 45/284/45 395/426/395 398/428/398
f 47/360/47 39/303/39 400/429/400 399/430/399
f 39/303/39 31/309/31 401/431/401 400/429/400
f 31/309/31 38/369/38 402/432/402 401/431/401
f 38/369/38 47/360/47 399/430/399 402/432/402
f 77/433/77 70/397/70 404/434/404 403/435/403
f 70/397/70 62/402/62 405/436/405 404/434/404
f 62/402/62 69/437/69 406/438/406 405/436/405
f 69/437/69 77/433/77 403/435/403 406/438/406
f 28/373/28 43/439/43 408/440/408 407/441/407
f 43/439/43 44/289/44 409/442/409 408/440/408
f 44/289/44 36/287/36 410/443/410 409/442/409
f 36/287/36 28/373/28 407/441/407 410/443/410
f 46/386/46 54/444/54 412/445/412 411/446/411
f 54/444/54 47/360/47 413/447/413 412/445/412
f 47/360/47 38/369/38 414/448/414 413/447/413
f 38/369/38 46/386/46 411/446/411 414/448/414
f 65/378/65 58/412/58 416/449/416 415/450/415
f 58/412/58 50/370/50 417/451/417 416/449/416
f 50/370/50 57/379/57 418/452/418 417/451/417
f 57/379/57 65/378/65 415/450/415 418/452/418
f 61/453/61 54/444/54 420/454/420 419/455/419
f 54/444/54 46/386/46 421/456/421 420/454/420
f 46/386/46 53/457/53 422/458/422 421/456/421
f 53/457/53 61/453/61 419/455/419 422/458/422
f 48/356/48 40/381/40 424/459/424 423/460/423
f 40/381/40 32/304/32 425/461/425 424/459/424
f 32/304/32 39/303/39 426/462/426 425/461/425
f 39/303/39 48/356/48 423/460/423 426/462/426
f 71/463/71 64/380/64 428/464/428 427/465/427
f 64/380/64 56/391/56 429/466/429 428/464/428
f 56/391/56 63/398/63 430/467/430 429/466/429
f 63/398/63 71/463/71 427/465/427 430/467/430
f 76/468/76 69/437/69 432/469/432 431/470/431
f 69/437/69 61/453/61 433/471/433 432/469/432
f 61/453/61 68/405/68 434/472/434 433/471/433
f 68/405/68 76/468/76 431/470/431 434/472/434
f 53/457/53 46/386/46 436/473/436 435/474/435
f 46/386/46 37/364/37 437/475/437 436/473/436
f 37/364/37 45/284/45 438/476/438 437/475/437
f 45/284/45 53/457/53 435/474/435 438/476/438
f 68/405/68 61/453/61 440/477/440 439/478/439
f 61/453/61 53/457/53 441/479/441 440/477/440
f 53/457/53 60/408/60 442/480/442 441/479/441
f 60/408/60 68/405/68 439/478/439 442/480/442
f 64/380/64 57/379/57 444/481/444 443/482/443
f 57/379/57 49/392/49 445/483/445 444/481/444
f 49/392/49 56/391/56 446/484/446 445/483/445
f 56/391/56 64/380/64 443/482/443 446/484/446
f 65/378/65 73/485/73 448/486/448 447/487/447
f 73/485/73 66/488/66 449/489/449 448/486/448
f 66/488/66 58/412/58 450/490/450 449/489/449
f 58/412/58 65/378/65 447/487/447 450/490/450
f 62/402/62 55/355/55 452/491/452 451/492/451
f 55/355/55 47/360/47 453/493/453 452/491/452
f 47/360/47 54/444/54 454/494/454 453/493/453
f 54/444/54 62/402/62 451/492/451 454/494/454
f 66/488/66 157/495/157 456/496/456 455/497/455
f 157/495/157 51/339/51 457/498/457 456/496/456
f 51/339/51 58/412/58 458/499/458 457/498/457
f 58/412/58 66/488/66 455/497/455 458/499/458
f 44/289/44 43/500/43 460/501/460 459/502/459
f 43/500/43 59/503/59 461/504/461 460/501/460
f 59/503/59 52/283/52 462/505/462 461/504/461
f 52/283/52 44/289/44 459/502/459 462/505/462
f 52/283/52 60/408/60 464/506/464 463/507/463
f 60/408/60 53/457/53 465/508/465 464/506/464
f 53/457/53 45/284/45 466/509/466 465/508/465
f 45/284/45 52/283/52 463/507/463 466/509/466
f 83/510/83 76/468/76 468/511/468 467/512/467
f 76/468/76 68/405/68 469/513/469 468/511/468
f 68/405/68 75/404/75 470/514/470 469/513/469
f 75/404/75 83/510/83 467/512/467 470/514/470
f 80/515/80 73/485/73 472/516/472 471/517/471
f 73/485/73 65/378/65 473/518/473 472/516/472
f 65/378/65 72/377/72 474/519/474 473/518/473
f 72/377/72 80/515/80 471/517/471 474/519/474
f 78/520/78 71/463/71 476/521/476 475/522/475
f 71/463/71 63/398/63 477/523/477 476/521/476
f 63/398/63 70/397/70 478/524/478 477/523/477
f 70/397/70 78/520/78 475/522/475 478/524/478
f 63/398/63 56/391/56 480/525/480 479/526/479
f 56/391/56 48/356/48 481/527/481 480/525/480
f 48/356/48 55/355/55 482/528/482 481/527/481
f 55/355/55 63/398/63 479/526/479 482/528/482
f 67/410/67 60/408/60 484/529/484 483/530/483
f 60/408/60 52/283/52 485/531/485 484/529/484
f 52/283/52 59/503/59 486/532/486 485/531/485
f 59/503/59 67/410/67 483/530/483 486/532/486
f 91/533/91 84/534/84 488/535/488 487/536/487
f 84/534/84 76/468/76 489/537/489 488/535/488
f 76/468/76 83/510/83 490/538/490 489/537/489
f 83/510/83 91/533/91 487/536/487 490/538/490
f 107/539/107 100/540/100 492/541/492 491/542/491
f 100/540/100 92/543/92 493/544/493 492/541/492
f 92/543/92 99/545/99 494/546/494 493/544/493
f 99/545/99 107/539/107 491/542/491 494/546/494
f 98/547/98 91/533/91 496/548/496 495/549/495
f 91/533/91 83/510/83 497/550/497 496/548/496
f 83/510/83 90/551/90 498/552/498 497/550/497
f 90/551/90 98/547/98 495/549/495 498/552/498
f 86/553/86 79/554/79 500/555/500 499/556/499
f 79/554/79 71/463/71 501/557/501 500/555/500
f 71/463/71 78/520/78 502/558/502 501/557/501
f 78/520/78 86/553/86 499/556/499 502/558/502
f 97/559/97 90/551/90 504/560/504 503/561/503
f 90/551/90 82/562/82 505/563/505 504/560/504
f 82/562/82 89/564/89 506/565/506 505/563/505
f 89/564/89 97/559/97 503/561/503 506/565/506
f 81/566/81 157/567/157 508/568/508 507/569/507
f 157/567/157 66/488/66 509/570/509 508/568/508
f 66/488/66 73/485/73 510/571/510 509/570/509
f 73/485/73 81/566/81 507/569/507 510/571/510
f 69/437/69 62/402/62 512/572/512 511/573/511
f 62/402/62 54/444/54 513/574/513 512/572/512
f 54/444/54 61/453/61 514/575/514 513/574/513
f 61/453/61 69/437/69 511/573/511 514/575/514
f 71/463/71 79/554/79 516/576/516 515/577/515
f 79/554/79 72/377/72 517/578/517 516/576/516
f 72/377/72 64/380/64 518/579/518 517/578/517
f 64/380/64 71/463/71 515/577/515 518/579/518
f 84/534/84 77/433/77 520/233/520 519/235/519
f 77/433/77 69/437/69 521/229/521 520/233/520
f 69/437/69 76/468/76 522/230/522 521/229/521
f 76/468/76 84/534/84 519/235/519 522/230/522
f 96/580/96 157/581/157 524/213/524 523/215/523
f 157/581/157 81/566/81 525/209/525 524/213/524
f 81/566/81 88/582/88 526/210/526 525/209/525
f 88/582/88 96/580/96 523/215/523 526/210/526
f 95/583/95 88/582/88 528/193/528 527/195/527
f 88/582/88 80/515/80 529/189/529 528/193/528
f 80/515/80 87/584/87 530/190/530 529/189/529
f 87/584/87 95/583/95 527/195/527 530/190/530
f 122/585/122 115/586/115 532/173/532 531/175/531
f 115/586/115 107/539/107 533/169/533 532/173/532
f 107/539/107 114/587/114 534/170/534 533/169/533
f 114/587/114 122/585/122 531/175/531 534/170/534
f 99/545/99 92/543/92 536/153/536 535/155/535
f 92/543/92 84/534/84 537/149/537 536/153/536
f 84/534/84 91/533/91 538/150/538 537/149/537
f 91/533/91 99/545/99 535/155/535 538/150/538
f 74/588/74 67/410/67 540/133/540 539/135/539
f 67/410/67 59/503/59 541/129/541 540/133/540
f 59/503/59 43/589/43 542/130/542 541/129/541
f 43/589/43 74/588/74 539/135/539 542/130/542
f 82/562/82 75/404/75 544/113/544 543/115/543
f 75/404/75 67/410/67 545/109/545 544/113/544
f 67/410/67 74/588/74 546/110/546 545/109/545
f 74/588/74 82/562/82 543/115/543 546/110/546
f 87/584/87 80/515/80 548/93/548 547/95/547
f 80/515/80 72/377/72 549/89/549 548/93/548
f 72/377/72 79/554/79 550/90/550 549/89/549
f 79/554/79 87/584/87 547/95/547 550/90/550
f 77/433/77 85/590/85 552/73/552 551/75/551
f 85/590/85 78/520/78 553/69/553 552/73/552
f 78/520/78 70/397/70 554/70/554 553/69/553
f 70/397/70 77/433/77 551/75/551 554/70/554
f 102/591/102 95/583/95 556/53/556 555/55/555
f 95/583/95 87/584/87 557/49/557 556/53/556
f 87/584/87 94/592/94 558/50/558 557/49/557
f 94/592/94 102/591/102 555/55/555 558/50/558
f 101/593/101 94/592/94 560/33/560 559/35/559
f 94/592/94 86/553/86 561/29/561 560/33/560
f 86/553/86 93/594/93 562/30/562 561/29/561
f 93/594/93 101/593/101 559/35/559 562/30/562
f 98/547/98 106/595/106 564/13/564 563/15/563
f 106/595/106 99/545/99 565/9/565 564/13/564
f 99/545/99 91/533/91 566/10/566 565/9/565
f 91/533/91 98/547/98 563/15/563 566/10/566
f 90/551/90 83/510/83 568/596/568 567/597/567
f 83/510/83 75/404/75 569/598/569 568/596/568
f 75/404/75 82/562/82 570/599/570 569/598/569
f 82/562/82 90/551/90 567/597/567 570/599/570
f 112/600/112 105/601/105 572/602/572 571/603/571
f 105/601/105 97/559/97 573/604/573 572/602/572
f 97/559/97 104/605/104 574/606/574 573/604/573
f 104/605/104 112/600/112 571/603/571 574/606/574
f 88/582/88 81/566/81 576/607/576 575/608/575
f 81/566/81 73/485/73 577/609/577 576/607/576
f 73/485/73 80/515/80 578/610/578 577/609/577
f 80/515/80 88/582/88 575/608/575 578/610/578
f 93/594/93 86/553/86 580/611/580 579/612/579
f 86/553/86 78/520/78 581/613/581 580/611/580
f 78/520/78 85/590/85 582/614/582 581/613/581
f 85/590/85 93/594/93 579/612/579 582/614/582
f 103/615/103 96/580/96 584/616/584 583/617/583
f 96/580/96 88/582/88 585/618/585 584/616/584
f 88/582/88 95/583/95 586/619/586 585/618/585
f 95/583/95 103/615/103 583/617/583 586/619/586
f 118/620/118 111/621/111 588/622/588 587/623/587
f 111/621/111 103/615/103 589/624/589 588/622/588
f 103/615/103 110/625/110 590/626/590 589/624/589
f 110/625/110 118/620/118 587/623/587 590/626/590
f 110/625/110 103/615/103 592/627/592 591/628/591
f 103/615/103 95/583/95 593/629/593 592/627/592
f 95/583/95 102/591/102 594/630/594 593/629/593
f 102/591/102 110/625/110 591/628/591 594/630/594
f 124/631/124 117/632/117 596/633/596 595/634/595
f 117/632/117 109/635/109 597/636/597 596/633/596
f 109/635/109 116/637/116 598/638/598 597/636/597
f 116/637/116 124/631/124 595/634/595 598/638/598
f 89/564/89 82/562/82 600/639/600 599/640/599
f 82/562/82 74/588/74 601/641/601 600/639/600
f 74/588/74 43/642/43 602/643/602 601/641/601
f 43/642/43 89/564/89 599/640/599 602/643/602
f 92/543/92 100/540/100 604/644/604 603/645/603
f 100/540/100 93/594/93 605/646/605 604/644/604
f 93/594/93 85/590/85 606/647/606 605/646/605
f 85/590/85 92/543/92 603/645/603 606/647/606
f 113/648/113 121/649/121 608/650/608 607/651/607
f 121/649/121 114/587/114 609/652/609 608/650/608
f 114/587/114 106/595/106 610/653/610 609/652/609
f 106/595/106 113/648/113 607/651/607 610/653/610
f 111/621/111 157/654/157 612/655/612 611/656/611
f 157/654/157 96/580/96 613/657/613 612/655/612
f 96/580/96 103/615/103 614/658/614 613/657/613
f 103/615/103 111/621/111 611/656/611 614/658/614
f 114/587/114 107/539/107 616/659/616 615/660/615
f 107/539/107 99/545/99 617/661/617 616/659/616
f 99/545/99 106/595/106 618/662/618 617/661/617
f 106/595/106 114/587/114 615/660/615 618/662/618
f 94/592/94 87/584/87 620/663/620 619/664/619
f 87/584/87 79/554/79 621/665/621 620/663/620
f 79/554/79 86/553/86 622/666/622 621/665/621
f 86/553/86 94/592/94 619/664/619 622/666/622
f 117/632/117 110/625/110 624/667/624 623/668/623
f 110/625/110 102/591/102 625/669/625 624/667/624
f 102/591/102 109/635/109 626/670/626 625/669/625
f 109/635/109 117/632/117 623/668/623 626/670/626
f 116/637/116 109/635/109 628/671/628 627/672/627
f 109/635/109 101/593/101 629/673/629 628/671/628
f 101/593/101 108/674/108 630/675/630 629/673/629
f 108/674/108 116/637/116 627/672/627 630/675/630
f 105/601/105 98/547/98 632/676/632 631/677/631
f 98/547/98 90/551/90 633/678/633 632/676/632
f 90/551/90 97/559/97 634/679/634 633/678/633
f 97/559/97 105/601/105 631/677/631 634/679/634
f 129/680/129 122/585/122 636/681/636 635/682/635
f 122/585/122 114/587/114 637/683/637 636/681/636
f 114/587/114 121/649/121 638/684/638 637/683/637
f 121/649/121 129/680/129 635/682/635 638/684/638
f 108/674/108 101/593/101 640/685/640 639/686/639
f 101/593/101 93/594/93 641/687/641 640/685/640
f 93/594/93 100/540/100 642/688/642 641/687/641
f 100/540/100 108/674/108 639/686/639 642/688/642
f 113/648/113 106/595/106 644/689/644 643/690/643
f 106/595/106 98/547/98 645/691/645 644/689/644
f 98/547/98 105/601/105 646/692/646 645/691/645
f 105/601/105 113/648/113 643/690/643 646/692/646
f 123/693/123 116/637/116 648/694/648 647/695/647
f 116/637/116 108/674/108 649/696/649 648/694/648
f 108/674/108 115/586/115 650/697/650 649/696/649
f 115/586/115 123/693/123 647/695/647 650/697/650
f 104/605/104 97/559/97 652/698/652 651/699/651
f 97/559/97 89/564/89 653/700/653 652/698/652
f 89/564/89 43/701/43 654/702/654 653/700/653
f 43/701/43 104/605/104 651/699/651 654/702/654
f 126/703/126 157/704/157 656/705/656 655/706/655
f 157/704/157 111/621/111 657/707/657 656/705/656
f 111/621/111 118/620/118 658/708/658 657/707/657
f 118/620/118 126/703/126 655/706/655 658/708/658
f 109/635/109 102/591/102 660/709/660 659/710/659
f 102/591/102 94/592/94 661/711/661 660/709/660
f 94/592/94 101/593/101 662/712/662 661/711/661
f 101/593/101 109/635/109 659/710/659 662/712/662
f 137/713/137 130/714/130 664/715/664 663/716/663
f 130/714/130 122/585/122 665/717/665 664/715/664
f 122/585/122 129/680/129 666/718/666 665/717/665
f 129/680/129 137/713/137 663/716/663 666/718/666
f 131/719/131 124/631/124 668/720/668 667/721/667
f 124/631/124 116/637/116 669/722/669 668/720/668
f 116/637/116 123/693/123 670/723/670 669/722/669
f 123/693/123 131/719/131 667/721/667 670/723/670
f 119/724/119 127/725/127 672/726/672 671/727/671
f 127/725/127 120/728/120 673/729/673 672/726/672
f 120/728/120 112/600/112 674/730/674 673/729/673
f 112/600/112 119/724/119 671/727/671 674/730/674
f 120/728/120 113/648/113 676/731/676 675/732/675
f 113/648/113 105/601/105 677/733/677 676/731/676
f 105/601/105 112/600/112 678/734/678 677/733/677
f 112/600/112 120/728/120 675/732/675 678/734/678
f 117/632/117 125/735/125 680/736/680 679/737/679
f 125/735/125 118/620/118 681/738/681 680/736/680
f 118/620/118 110/625/110 682/739/682 681/738/681
f 110/625/110 117/632/117 679/737/679 682/739/682
f 133/740/133 126/703/126 684/741/684 683/742/683
f 126/703/126 118/620/118 685/743/685 684/741/684
f 118/620/118 125/735/125 686/744/686 685/743/685
f 125/735/125 133/740/133 683/742/683 686/744/686
f 132/745/132 125/735/125 688/746/688 687/747/687
f 125/735/125 117/632/117 689/748/689 688/746/688
f 117/632/117 124/631/124 690/749/690 689/748/689
f 124/631/124 132/745/132 687/747/687 690/749/690
f 128/750/128 121/649/121 692/751/692 691/752/691
f 121/649/121 113/648/113 693/753/693 692/751/692
f 113/648/113 120/728/120 694/754/694 693/753/693
f 120/728/120 128/750/128 691/752/691 694/754/694
f 115/586/115 108/674/108 696/755/696 695/756/695
f 108/674/108 100/540/100 697/757/697 696/755/696
f 100/540/100 107/539/107 698/758/698 697/757/697
f 107/539/107 115/586/115 695/756/695 698/758/698
f 138/759/138 131/719/131 700/760/700 699/761/699
f 131/719/131 123/693/123 701/762/701 700/760/700
f 123/693/123 130/714/130 702/763/702 701/762/701
f 130/714/130 138/759/138 699/761/699 702/763/702
f 119/724/119 112/600/112 704/764/704 703/765/703
f 112/600/112 104/605/104 705/766/705 704/764/704
f 104/605/104 43/767/43 706/768/706 705/766/705
f 43/767/43 119/724/119 703/765/703 706/768/706
f 141/769/141 157/770/157 708/771/708 707/772/707
f 157/770/157 126/703/126 709/773/709 708/771/708
f 126/703/126 133/740/133 710/774/710 709/773/709
f 133/740/133 141/769/141 707/772/707 710/774/710
f 138/759/138 146/775/146 712/776/712 711/777/711
f 146/775/146 139/778/139 713/779/713 712/776/712
f 139/778/139 131/719/131 714/780/714 713/779/713
f 131/719/131 138/759/138 711/777/711 714/780/714
f 139/778/139 132/745/132 716/781/716 715/782/715
f 132/745/132 124/631/124 717/783/717 716/781/716
f 124/631/124 131/719/131 718/784/718 717/783/717
f 131/719/131 139/778/139 715/782/715 718/784/718
f 151/785/151 144/786/144 720/787/720 719/788/719
f 144/786/144 136/789/136 721/790/721 720/787/720
f 136/789/136 143/791/143 722/792/722 721/790/721
f 143/791/143 151/785/151 719/788/719 722/792/722
f 148/793/148 141/769/141 724/239/724 723/240/723
f 141/769/141 133/740/133 725/237/725 724/239/724
f 133/740/133 140/794/140 726/238/726 725/237/725
f 140/794/140 148/793/148 723/240/723 726/238/726
f 135/795/135 128/750/128 728/219/728 727/220/727
f 128/750/128 120/728/120 729/217/729 728/219/728
f 120/728/120 127/725/127 730/218/730 729/217/729
f 127/725/127 135/795/135 727/220/727 730/218/730
f 132/745/132 140/794/140 732/199/732 731/200/731
f 140/794/140 133/740/133 733/197/733 732/199/732
f 133/740/133 125/735/125 734/198/734 733/197/733
f 125/735/125 132/745/132 731/200/731 734/198/734
f 143/791/143 136/789/136 736/179/736 735/180/735
f 136/789/136 128/750/128 737/177/737 736/179/736
f 128/750/128 135/795/135 738/178/738 737/177/737
f 135/795/135 143/791/143 735/180/735 738/178/738
f 147/796/147 140/794/140 740/159/740 739/160/739
f 140/794/140 132/745/132 741/157/741 740/159/740
f 132/745/132 139/778/139 742/158/742 741/157/741
f 139/778/139 147/796/147 739/160/739 742/158/742
f 145/797/145 138/759/138 744/139/744 743/140/743
f 138/759/138 130/714/130 745/137/745 744/139/744
f 130/714/130 137/713/137 746/138/746 745/137/745
f 137/713/137 145/797/145 743/140/743 746/138/746
f 130/714/130 123/693/123 748/119/748 747/120/747
f 123/693/123 115/586/115 749/117/749 748/119/748
f 115/586/115 122/585/122 750/118/750 749/117/749
f 122/585/122 130/714/130 747/120/747 750/118/750
f 142/798/142 135/795/135 752/99/752 751/100/751
f 135/795/135 127/725/127 753/97/753 752/99/752
f 127/725/127 134/799/134 754/98/754 753/97/753
f 134/799/134 142/798/142 751/100/751 754/98/754
f 159/800/159 151/785/151 756/79/756 755/80/755
f 151/785/151 143/791/143 757/77/757 756/79/756
f 143/791/143 150/801/150 758/78/758 757/77/757
f 150/801/150 159/800/159 755/80/755 758/78/758
f 173/802/173 166/803/166 760/59/760 759/60/759
f 166/803/166 158/804/158 761/57/761 760/59/760
f 158/804/158 165/805/165 762/58/762 761/57/761
f 165/805/165 173/802/173 759/60/759 762/58/762
f 134/799/134 127/725/127 764/39/764 763/40/763
f 127/725/127 119/724/119 765/37/765 764/39/764
f 119/724/119 43/806/43 766/38/766 765/37/765
f 43/806/43 134/799/134 763/40/763 766/38/766
f 148/793/148 156/807/156 768/19/768 767/20/767
f 156/807/156 157/808/157 769/17/769 768/19/768
f 157/808/157 141/769/141 770/18/770 769/17/769
f 141/769/141 148/793/148 767/20/767 770/18/770
f 149/809/149 142/798/142 772/810/772 771/811/771
f 142/798/142 134/799/134 773/812/773 772/810/772
f 134/799/134 43/813/43 774/814/774 773/812/773
f 43/813/43 149/809/149 771/811/771 774/814/774
f 153/815/153 146/775/146 776/816/776 775/817/775
f 146/775/146 138/759/138 777/818/777 776/816/776
f 138/759/138 145/797/145 778/819/778 777/818/777
f 145/797/145 153/815/153 775/817/775 778/819/778
f 144/786/144 137/713/137 780/820/780 779/821/779
f 137/713/137 129/680/129 781/822/781 780/820/780
f 129/680/129 136/789/136 782/823/782 781/822/781
f 136/789/136 144/786/144 779/821/779 782/823/782
f 136/789/136 129/680/129 784/824/784 783/825/783
f 129/680/129 121/649/121 785/826/785 784/824/784
f 121/649/121 128/750/128 786/827/786 785/826/785
f 128/750/128 136/789/136 783/825/783 786/827/786
f 144/786/144 152/828/152 788/829/788 787/830/787
f 152/828/152 145/797/145 789/831/789 788/829/788
f 145/797/145 137/713/137 790/832/790 789/831/789
f 137/713/137 144/786/144 787/830/787 790/832/790
f 167/833/167 160/834/160 792/835/792 791/836/791
f 160/834/160 151/785/151 793/837/793 792/835/792
f 151/785/151 159/800/159 794/838/794 793/837/793
f 159/800/159 167/833/167 791/836/791 794/838/794
f 150/801/150 143/791/143 796/839/796 795/840/795
f 143/791/143 135/795/135 797/841/797 796/839/796
f 135/795/135 142/798/142 798/842/798 797/841/797
f 142/798/142 150/801/150 795/840/795 798/842/798
f 163/843/163 155/844/155 800/845/800 799/846/799
f 155/844/155 147/796/147 801/847/801 800/845/800
f 147/796/147 154/848/154 802/849/802 801/847/801
f 154/848/154 163/843/163 799/846/799 802/849/802
f 186/850/186 179/851/179 804/852/804 803/853/803
f 179/851/179 171/854/171 805/855/805 804/852/804
f 171/854/171 178/856/178 806/857/806 805/855/805
f 178/856/178 186/850/186 803/853/803 806/857/806
f 158/804/158 150/801/150 808/858/808 807/859/807
f 150/801/150 142/798/142 809/860/809 808/858/808
f 142/798/142 149/809/149 810/861/810 809/860/809
f 149/809/149 158/804/158 807/859/807 810/861/810
f 154/848/154 147/796/147 812/862/812 811/863/811
f 147/796/147 139/778/139 813/864/813 812/862/812
f 139/778/139 146/775/146 814/865/814 813/864/813
f 146/775/146 154/848/154 811/863/811 814/865/814
f 170/866/170 163/843/163 816/867/816 815/868/815
f 163/843/163 154/848/154 817/869/817 816/867/816
f 154/848/154 162/870/162 818/871/818 817/869/817
f 162/870/162 170/866/170 815/868/815 818/871/818
f 181/872/181 174/873/174 820/874/820 819/875/819
f 174/873/174 166/803/166 821/876/821 820/874/820
f 166/803/166 173/802/173 822/877/822 821/876/821
f 173/802/173 181/872/181 819/875/819 822/877/822
f 169/878/169 162/870/162 824/879/824 823/880/823
f 162/870/162 153/815/153 825/881/825 824/879/824
f 153/815/153 161/882/161 826/883/826 825/881/825
f 161/882/161 169/878/169 823/880/823 826/883/826
f 166/803/166 174/873/174 828/884/828 827/885/827
f 174/873/174 167/833/167 829/886/829 828/884/828
f 167/833/167 159/800/159 830/887/830 829/886/829
f 159/800/159 166/803/166 827/885/827 830/887/830
f 164/888/164 156/807/156 832/889/832 831/890/831
f 156/807/156 148/793/148 833/891/833 832/889/832
f 148/793/148 155/844/155 834/892/834 833/891/833
f 155/844/155 164/888/164 831/890/831 834/892/834
f 160/834/160 152/828/152 836/893/836 835/894/835
f 152/828/152 144/786/144 837/895/837 836/893/836
f 144/786/144 151/785/151 838/896/838 837/895/837
f 151/785/151 160/834/160 835/894/835 838/896/838
f 171/854/171 164/888/164 840/897/840 839/898/839
f 164/888/164 155/844/155 841/899/841 840/897/840
f 155/844/155 163/843/163 842/900/842 841/899/841
f 163/843/163 171/854/171 839/898/839 842/900/842
f 155/844/155 148/793/148 844/901/844 843/902/843
f 148/793/148 140/794/140 845/903/845 844/901/844
f 140/794/140 147/796/147 846/904/846 845/903/845
f 147/796/147 155/844/155 843/902/843 846/904/846
f 161/882/161 153/815/153 848/905/848 847/906/847
f 153/815/153 145/797/145 849/907/849 848/905/848
f 145/797/145 152/828/152 850/908/850 849/907/849
f 152/828/152 161/882/161 847/906/847 850/908/850
f 182/909/182 175/910/175 852/911/852 851/912/851
f 175/910/175 167/833/167 853/913/853 852/911/852
f 167/833/167 174/873/174 854/914/854 853/913/853
f 174/873/174 182/909/182 851/912/851 854/914/854
f 166/803/166 159/800/159 856/915/856 855/916/855
f 159/800/159 150/801/150 857/243/857 856/915/856
f 150/801/150 158/804/158 858/244/858 857/243/857
f 158/804/158 166/803/166 855/916/855 858/244/858
f 178/856/178 171/854/171 860/226/860 859/228/859
f 171/854/171 163/843/163 861/223/861 860/226/860
f 163/843/163 170/866/170 862/224/862 861/223/861
f 170/866/170 178/856/178 859/228/859 862/224/862
f 191/917/191 184/918/184 864/206/864 863/208/863
f 184/918/184 176/919/176 865/203/865 864/206/864
f 176/919/176 183/920/183 866/204/866 865/203/865
f 183/920/183 191/917/191 863/208/863 866/204/866
f 160/834/160 168/921/168 868/186/868 867/188/867
f 168/921/168 161/882/161 869/183/869 868/186/868
f 161/882/161 152/828/152 870/184/870 869/183/869
f 152/828/152 160/834/160 867/188/867 870/184/870
f 157/922/157 156/807/156 872/166/872 871/168/871
f 156/807/156 164/888/164 873/163/873 872/166/872
f 164/888/164 172/923/172 874/164/874 873/163/873
f 172/923/172 157/922/157 871/168/871 874/164/874
f 165/805/165 158/804/158 876/146/876 875/148/875
f 158/804/158 149/809/149 877/143/877 876/146/876
f 149/809/149 43/924/43 878/144/878 877/143/877
f 43/924/43 165/805/165 875/148/875 878/144/878
f 162/870/162 154/848/154 880/126/880 879/128/879
f 154/848/154 146/775/146 881/123/881 880/126/880
f 146/775/146 153/815/153 882/124/882 881/123/881
f 153/815/153 162/870/162 879/128/879 882/124/882
f 185/925/185 178/856/178 884/106/884 883/108/883
f 178/856/178 170/866/170 885/103/885 884/106/884
f 170/866/170 177/926/177 886/104/886 885/103/885
f 177/926/177 185/925/185 883/108/883 886/104/886
f 184/918/184 177/926/177 888/86/888 887/88/887
f 177/926/177 169/878/169 889/83/889 888/86/888
f 169/878/169 176/919/176 890/84/890 889/83/889
f 176/919/176 184/918/184 887/88/887 890/84/890
f 185/927/185 193/928/193 892/66/892 891/68/891
f 193/928/193 186/850/186 893/63/893 892/66/892
f 186/850/186 178/856/178 894/64/894 893/63/893
f 178/856/178 185/927/185 891/68/891 894/64/894
f 175/910/175 168/921/168 896/46/896 895/48/895
f 168/921/168 160/834/160 897/43/897 896/46/896
f 160/834/160 167/833/167 898/44/898 897/43/897
f 167/833/167 175/910/175 895/48/895 898/44/898
f 179/851/179 172/923/172 900/26/900 899/28/899
f 172/923/172 164/888/164 901/23/901 900/26/900
f 164/888/164 171/854/171 902/24/902 901/23/901
f 171/854/171 179/851/179 899/28/899 902/24/902
f 176/919/176 169/878/169 904/3/904 903/8/903
f 169/878/169 161/882/161 905/4/905 904/3/904
f 161/882/161 168/921/168 906/7/906 905/4/905
f 168/921/168 176/919/176 903/8/903 906/7/906
f 188/929/188 181/872/181 908/930/908 907/931/907
f 181/872/181 173/802/173 909/932/909 908/930/908
f 173/802/173 180/933/180 910/934/910 909/932/909
f 180/933/180 188/929/188 907/931/907 910/934/910
f 180/935/180 173/802/173 912/936/912 911/937/911
f 173/802/173 165/805/165 913/938/913 912/936/912
f 165/805/165 43/939/43 914/940/914 913/938/913
f 43/939/43 180/935/180 911/937/911 914/940/914
f 187/941/187 157/942/157 916/943/916 915/944/915
f 157/942/157 172/923/172 917/945/917 916/943/916
f 172/923/172 179/851/179 918/946/918 917/945/917
f 179/851/179 187/941/187 915/944/915 918/946/918
f 206/947/206 199/948/199 920/949/920 919/950/919
f 199/948/199 191/917/191 921/951/921 920/949/920
f 191/917/191 198/952/198 922/953/922 921/951/921
f 198/952/198 206/947/206 919/950/919 922/953/922
f 197/954/197 190/955/190 924/956/924 923/957/923
f 190/955/190 182/958/182 925/959/925 924/956/924
f 182/958/182 189/960/189 926/961/926 925/959/925
f 189/960/189 197/954/197 923/957/923 926/961/926
f 192/962/192 185/925/185 928/963/928 927/964/927
f 185/925/185 177/926/177 929/965/929 928/963/928
f 177/926/177 184/966/184 930/967/930 929/965/929
f 184/966/184 192/962/192 927/964/927 930/967/930
f 218/968/218 211/969/211 932/970/932 931/971/931
f 211/969/211 203/972/203 933/973/933 932/970/932
f 203/972/203 210/974/210 934/975/934 933/973/933
f 210/974/210 218/968/218 931/971/931 934/975/934
f 177/926/177 170/866/170 936/976/936 935/977/935
f 170/866/170 162/870/162 937/978/937 936/976/936
f 162/870/162 169/878/169 938/979/938 937/978/937
f 169/878/169 177/926/177 935/977/935 938/979/938
f 190/955/190 183/980/183 940/981/940 939/982/939
f 183/980/183 175/910/175 941/983/941 940/981/940
f 175/910/175 182/958/182 942/984/942 941/983/941
f 182/958/182 190/955/190 939/982/939 942/984/942
f 207/985/207 200/986/200 944/987/944 943/988/943
f 200/986/200 192/962/192 945/989/945 944/987/944
f 192/962/192 199/948/199 946/990/946 945/989/945
f 199/948/199 207/985/207 943/988/943 946/990/946
f 199/948/199 192/962/192 948/991/948 947/992/947
f 192/962/192 184/966/184 949/993/949 948/991/948
f 184/966/184 191/917/191 950/994/950 949/993/949
f 191/917/191 199/948/199 947/992/947 950/994/950
f 43/995/43 195/996/195 952/997/952 951/998/951
f 195/996/195 188/929/188 953/999/953 952/997/952
f 188/929/188 180/933/180 954/1000/954 953/999/953
f 180/933/180 43/995/43 951/998/951 954/1000/954
f 194/1001/194 187/941/187 956/1002/956 955/1003/955
f 187/941/187 179/851/179 957/1004/957 956/1002/956
f 179/851/179 186/1005/186 958/1006/958 957/1004/957
f 186/1005/186 194/1001/194 955/1003/955 958/1006/958
f 200/986/200 193/928/193 960/1007/960 959/1008/959
f 193/928/193 185/927/185 961/1009/961 960/1007/960
f 185/927/185 192/962/192 962/1010/962 961/1009/961
f 192/962/192 200/986/200 959/1008/959 962/1010/962
f 181/1011/181 189/960/189 964/1012/964 963/1013/963
f 189/960/189 182/909/182 965/1014/965 964/1012/964
f 182/909/182 174/873/174 966/1015/966 965/1014/965
f 174/873/174 181/1011/181 963/1013/963 966/1015/966
f 203/972/203 196/1016/196 968/1017/968 967/1018/967
f 196/1016/196 188/929/188 969/1019/969 968/1017/968
f 188/929/188 195/996/195 970/1020/970 969/1019/969
f 195/996/195 203/972/203 967/1018/967 970/1020/970
f 183/980/183 176/919/176 972/1021/972 971/1022/971
f 176/919/176 168/921/168 973/1023/973 972/1021/972
f 168/921/168 175/910/175 974/1024/974 973/1023/973
f 175/910/175 183/980/183 971/1022/971 974/1024/974
f 219/1025/219 212/1026/212 976/1027/976 975/1028/975
f 212/1026/212 204/1029/204 977/1030/977 976/1027/976
f 204/1029/204 211/969/211 978/1031/978 977/1030/977
f 211/969/211 219/1025/219 975/1028/975 978/1031/978
f 221/1032/221 214/1033/214 980/1034/980 979/1035/979
f 214/1033/214 206/947/206 981/1036/981 980/1034/980
f 206/947/206 213/1037/213 982/1038/982 981/1036/981
f 213/1037/213 221/1032/221 979/1035/979 982/1038/982
f 206/947/206 214/1033/214 984/1039/984 983/1040/983
f 214/1033/214 207/985/207 985/1041/985 984/1039/984
f 207/985/207 199/948/199 986/1042/986 985/1041/985
f 199/948/199 206/947/206 983/1040/983 986/1042/986
f 211/969/211 204/1029/204 988/1043/988 987/1044/987
f 204/1029/204 196/1016/196 989/1045/989 988/1043/988
f 196/1016/196 203/972/203 990/1046/990 989/1045/989
f 203/972/203 211/969/211 987/1044/987 990/1046/990
f 212/1026/212 205/1047/205 992/1048/992 991/1049/991
f 205/1047/205 197/954/197 993/1050/993 992/1048/992
f 197/954/197 204/1029/204 994/1051/994 993/1050/993
f 204/1029/204 212/1026/212 991/1049/991 994/1051/994
f 196/1016/196 189/960/189 996/1052/996 995/1053/995
f 189/960/189 181/1011/181 997/1054/997 996/1052/996
f 181/1011/181 188/929/188 998/1055/998 997/1054/997
f 188/929/188 196/1016/196 995/1053/995 998/1055/998
f 201/1056/201 194/1001/194 1000/1057/1000 999/1058/999
f 194/1001/194 186/1005/186 1001/1059/1001 1000/1057/1000
f 186/1005/186 193/928/193 1002/1060/1002 1001/1059/1001
f 193/928/193 201/1056/201 999/1058/999 1002/1060/1002
f 209/1061/209 202/1062/202 1004/1063/1004 1003/1064/1003
f 202/1062/202 194/1001/194 1005/1065/1005 1004/1063/1004
f 194/1001/194 201/1056/201 1006/1066/1006 1005/1065/1005
f 201/1056/201 209/1061/209 1003/1064/1003 1006/1066/1006
f 200/986/200 208/1067/208 1008/1068/1008 1007/1069/1007
f 208/1067/208 201/1056/201 1009/1070/1009 1008/1068/1008
f 201/1056/201 193/928/193 1010/1071/1010 1009/1070/1009
f 193/928/193 200/986/200 1007/1069/1007 1010/1071/1010
f 205/1047/205 198/952/198 1012/1072/1012 1011/1073/1011
f 198/952/198 190/955/190 1013/1074/1013 1012/1072/1012
f 190/955/190 197/954/197 1014/1075/1014 1013/1074/1013
f 197/954/197 205/1047/205 1011/1073/1011 1014/1075/1014
f 215/1076/215 208/1067/208 1016/1077/1016 1015/1078/1015
f 208/1067/208 200/986/200 1017/1079/1017 1016/1077/1016
f 200/986/200 207/985/207 1018/1080/1018 1017/1079/1017
f 207/985/207 215/1076/215 1015/1078/1015 1018/1080/1018
f 213/1037/213 206/947/206 1020/1081/1020 1019/1082/1019
f 206/947/206 198/952/198 1021/1083/1021 1020/1081/1020
f 198/952/198 205/1047/205 1022/1084/1022 1021/1083/1021
f 205/1047/205 213/1037/213 1019/1082/1019 1022/1084/1022
f 198/952/198 191/917/191 1024/1085/1024 1023/1086/1023
f 191/917/191 183/920/183 1025/1087/1025 1024/1085/1024
f 183/920/183 190/955/190 1026/1088/1026 1025/1087/1025
f 190/955/190 198/952/198 1023/1086/1023 1026/1088/1026
f 202/1062/202 157/1089/157 1028/1090/1028 1027/1091/1027
f 157/1089/157 187/1092/187 1029/1093/1029 1028/1090/1028
f 187/1092/187 194/1001/194 1030/1094/1030 1029/1093/1029
f 194/1001/194 202/1062/202 1027/1091/1027 1030/1094/1030
f 233/261/233 226/1095/226 1032/1096/1032 1031/1097/1031
f 226/1095/226 218/968/218 1033/1098/1033 1032/1096/1032
f 218/968/218 225/1099/225 1034/1100/1034 1033/1098/1033
f 225/1099/225 233/261/233 1031/1097/1031 1034/1100/1034
f 232/1101/232 157/1102/157 1036/1103/1036 1035/1104/1035
f 157/1102/157 217/1105/217 1037/1106/1037 1036/1103/1036
f 217/1105/217 224/1107/224 1038/1108/1038 1037/1106/1037
f 224/1107/224 232/1101/232 1035/1104/1035 1038/1108/1038
f 204/1029/204 197/954/197 1040/1109/1040 1039/1110/1039
f 197/954/197 189/960/189 1041/1111/1041 1040/1109/1040
f 189/960/189 196/1016/196 1042/1112/1042 1041/1111/1041
f 196/1016/196 204/1029/204 1039/1110/1039 1042/1112/1042
f 236/278/236 229/1113/229 1044/1114/1044 1043/1115/1043
f 229/1113/229 221/1032/221 1045/1116/1045 1044/1114/1044
f 221/1032/221 228/1117/228 1046/1118/1046 1045/1116/1045
f 228/1117/228 236/278/236 1043/1115/1043 1046/1118/1046
f 227/1119/227 220/1120/220 1048/1121/1048 1047/1122/1047
f 220/1120/220 212/1026/212 1049/1123/1049 1048/1121/1048
f 212/1026/212 219/1025/219 1050/1124/1050 1049/1123/1049
f 219/1025/219 227/1119/227 1047/1122/1047 1050/1124/1050
f 216/1125/216 209/1061/209 1052/1126/1052 1051/1127/1051
f 209/1061/209 201/1056/201 1053/1128/1053 1052/1126/1052
f 201/1056/201 208/1067/208 1054/1129/1054 1053/1128/1053
f 208/1067/208 216/1125/216 1051/1127/1051 1054/1129/1054
f 234/318/234 227/1119/227 1056/1130/1056 1055/1131/1055
f 227/1119/227 219/1025/219 1057/1132/1057 1056/1130/1056
f 219/1025/219 226/1095/226 1058/1133/1058 1057/1132/1057
f 226/1095/226 234/318/234 1055/1131/1055 1058/1133/1058
f 231/1134/231 224/1107/224 1060/1135/1060 1059/1136/1059
f 224/1107/224 216/1125/216 1061/1137/1061 1060/1135/1060
f 216/1125/216 223/1138/223 1062/1139/1062 1061/1137/1061
f 223/1138/223 231/1134/231 1059/1136/1059 1062/1139/1062
f 212/1026/212 220/1120/220 1064/234/1064 1063/236/1063
f 220/1120/220 213/1037/213 1065/231/1065 1064/234/1064
f 213/1037/213 205/1047/205 1066/232/1066 1065/231/1065
f 205/1047/205 212/1026/212 1063/236/1063 1066/232/1066
f 224/1107/224 217/1105/217 1068/214/1068 1067/216/1067
f 217/1105/217 209/1061/209 1069/211/1069 1068/214/1068
f 209/1061/209 216/1125/216 1070/212/1070 1069/211/1069
f 216/1125/216 224/1107/224 1067/216/1067 1070/212/1070
f 223/1138/223 216/1125/216 1072/194/1072 1071/196/1071
f 216/1125/216 208/1067/208 1073/191/1073 1072/194/1072
f 208/1067/208 215/1076/215 1074/192/1074 1073/191/1073
f 215/1076/215 223/1138/223 1071/196/1071 1074/192/1074
f 217/1105/217 157/1140/157 1076/174/1076 1075/176/1075
f 157/1140/157 202/1062/202 1077/171/1077 1076/174/1076
f 202/1062/202 209/1061/209 1078/172/1078 1077/171/1077
f 209/1061/209 217/1105/217 1075/176/1075 1078/172/1078
f 210/974/210 203/972/203 1080/154/1080 1079/156/1079
f 203/972/203 195/996/195 1081/151/1081 1080/154/1080
f 195/996/195 43/1141/43 1082/152/1082 1081/151/1081
f 43/1141/43 210/974/210 1079/156/1079 1082/152/1082
f 222/1142/222 215/1076/215 1084/134/1084 1083/136/1083
f 215/1076/215 207/985/207 1085/131/1085 1084/134/1084
f 207/985/207 214/1033/214 1086/132/1086 1085/131/1085
f 214/1033/214 222/1142/222 1083/136/1083 1086/132/1086
f 237/311/237 230/1143/230 1088/114/1088 1087/116/1087
f 230/1143/230 222/1142/222 1089/111/1089 1088/114/1088
f 222/1142/222 229/1113/229 1090/112/1090 1089/111/1089
f 229/1113/229 237/311/237 1087/116/1087 1090/112/1090
f 231/1134/231 239/372/239 1092/94/1092 1091/96/1091
f 239/372/239 232/1101/232 1093/91/1093 1092/94/1092
f 232/1101/232 224/1107/224 1094/92/1094 1093/91/1093
f 224/1107/224 231/1134/231 1091/96/1091 1094/92/1094
f 230/1143/230 223/1138/223 1096/74/1096 1095/76/1095
f 223/1138/223 215/1076/215 1097/71/1097 1096/74/1096
f 215/1076/215 222/1142/222 1098/72/1098 1097/71/1097
f 222/1142/222 230/1143/230 1095/76/1095 1098/72/1098
f 238/332/238 231/1134/231 1100/54/1100 1099/56/1099
f 231/1134/231 223/1138/223 1101/51/1101 1100/54/1100
f 223/1138/223 230/1143/230 1102/52/1102 1101/51/1101
f 230/1143/230 238/332/238 1099/56/1099 1102/52/1102
f 226/1095/226 219/1025/219 1104/34/1104 1103/36/1103
f 219/1025/219 211/969/211 1105/31/1105 1104/34/1104
f 211/969/211 218/968/218 1106/32/1106 1105/31/1105
f 218/968/218 226/1095/226 1103/36/1103 1106/32/1106
f 228/1117/228 221/1032/221 1108/14/1108 1107/16/1107
f 221/1032/221 213/1037/213 1109/11/1109 1108/14/1108
f 213/1037/213 220/1120/220 1110/12/1110 1109/11/1109
f 220/1120/220 228/1117/228 1107/16/1107 1110/12/1110
f 225/1099/225 218/968/218 1112/1144/1112 1111/1145/1111
f 218/968/218 210/974/210 1113/1146/1113 1112/1144/1112
f 210/974/210 43/1147/43 1114/1148/1114 1113/1146/1113
f 43/1147/43 225/1099/225 1111/1145/1111 1114/1148/1114
f 227/1119/227 235/1149/235 1116/1150/1116 1115/1151/1115
f 235/1149/235 228/1117/228 1117/1152/1117 1116/1150/1116
f 228/1117/228 220/1120/220 1118/1153/1118 1117/1152/1117
f 220/1120/220 227/1119/227 1115/1151/1115 1118/1153/1118
f 241/337/241 239/372/239 1120/1154/1120 1119/1155/1119
f 239/372/239 231/1134/231 1121/1156/1121 1120/1154/1120
f 231/1134/231 238/332/238 1122/1157/1122 1121/1156/1121
f 238/332/238 241/337/241 1119/1155/1119 1122/1157/1122
f 2/323/2 235/1149/235 1124/1158/1124 1123/1159/1123
f 235/1149/235 227/1119/227 1125/1160/1125 1124/1158/1124
f 227/1119/227 234/318/234 1126/1161/1126 1125/1160/1125
f 234/318/234 2/323/2 1123/1159/1123 1126/1161/1126
f 229/1113/229 222/1142/222 1128/1162/1128 1127/1163/1127
f 222/1142/222 214/1033/214 1129/1164/1129 1128/1162/1128
f 214/1033/214 221/1032/221 1130/1165/1130 1129/1164/1129
f 221/1032/221 229/1113/229 1127/1163/1127 1130/1165/1130
f 5/316/5 238/332/238 1132/1166/1132 1131/1167/1131
f 238/332/238 230/1143/230 1133/1168/1133 1132/1166/1132
f 230/1143/230 237/311/237 1134/1169/1134 1133/1168/1133
f 237/311/237 5/316/5 1131/1167/1131 1134/1169/1134
f 3/257/3 236/278/236 1136/1170/1136 1135/1171/1135
f 236/278/236 228/1117/228 1137/1172/1137 1136/1170/1136
f 228/1117/228 235/1149/235 1138/1173/1138 1137/1172/1137
f 235/1149/235 3/257/3 1135/1171/1135 1138/1173/1138
f 242/273/242 157/1174/157 1140/1175/1140 1139/1176/1139
f 157/1174/157 232/1101/232 1141/1177/1141 1140/1175/1140
f 232/1101/232 239/372/239 1142/1178/1142 1141/1177/1141
f 239/372/239 242/273/242 1139/1176/1139 1142/1178/1142
f 240/262/240 233/261/233 1144/1179/1144 1143/1180/1143
f 233/261/233 225/1099/225 1145/1181/1145 1144/1179/1144
f 225/1099/225 43/1182/43 1146/1183/1146 1145/1181/1145
f 43/1182/43 240/262/240 1143/1180/1143 1146/1183/1146
f 8/259/8 3/257/3 1148/1184/1148 1147/1185/1147
f 3/257/3 235/1149/235 1149/1186/1149 1148/1184/1148
f 235/1149/235 2/323/2 1150/1187/1150 1149/1186/1149
f 2/323/2 8/259/8 1147/1185/1147 1150/1187/1150
f 1/267/1 234/318/234 1152/1188/1152 1151/1189/1151
f 234/318/234 226/1095/226 1153/1190/1153 1152/1188/1152
f 226/1095/226 233/261/233 1154/1191/1154 1153/1190/1153
f 233/261/233 1/267/1 1151/1189/1151 1154/1191/1154
f 17/330/17 10/314/10 1156/1192/1156 1155/1193/1155
f 10/314/10 4/277/4 1157/1194/1157 1156/1192/1156
f 4/277/4 9/254/9 1158/1195/1158 1157/1194/1157
f 9/254/9 17/330/17 1155/1193/1155 1158/1195/1158
f 4/277/4 237/311/237 1160/1196/1160 1159/1197/1159
f 237/311/237 229/1113/229 1161/1198/1161 1160/1196/1160
f 229/1113/229 236/278/236 1162/1199/1162 1161/1198/1161
f 236/278/236 4/277/4 1159/1197/1159 1162/1199/1162
f 26/251/26 19/249/19 1164/1200/1164 1163/1201/1163
f 19/249/19 11/335/11 1165/1202/1165 1164/1200/1164
f 11/335/11 18/326/18 1166/1203/1166 1165/1202/1165
f 18/326/18 26/251/26 1163/1201/1163 1166/1203/1166
f 31/309/31 24/307/24 1168/1204/1168 1167/1205/1167
f 24/307/24 16/253/16 1169/1206/1169 1168/1204/1168
f 16/253/16 23/297/23 1170/1207/1170 1169/1206/1169
f 23/297/23 31/309/31 1167/1205/1167 1170/1207/1170
f 13/375/13 6/265/6 1172/1208/1172 1171/1209/1171
f 6/265/6 240/262/240 1173/1210/1173 1172/1208/1172
f 240/262/240 43/1211/43 1174/1212/1174 1173/1210/1173
f 43/1211/43 13/375/13 1171/1209/1171 1174/1212/1174
f 21/374/21 14/346/14 1176/1213/1176 1175/1214/1175
f 14/346/14 6/265/6 1177/1215/1177 1176/1213/1176
f 6/265/6 13/375/13 1178/1216/1178 1177/1215/1177
f 13/375/13 21/374/21 1175/1214/1175 1178/1216/1178
f 29/367/29 22/366/22 1180/1217/1180 1179/1218/1179
f 22/366/22 14/346/14 1181/1219/1181 1180/1217/1180
f 14/346/14 21/374/21 1182/1220/1182 1181/1219/1181
f 21/374/21 29/367/29 1179/1218/1179 1182/1220/1182
f 36/287/36 29/367/29 1184/1221/1184 1183/1222/1183
f 29/367/29 21/374/21 1185/1223/1185 1184/1221/1184
f 21/374/21 28/373/28 1186/1224/1186 1185/1223/1185
f 28/373/28 36/287/36 1183/1222/1183 1186/1224/1186
f 22/366/22 15/301/15 1188/1225/1188 1187/1226/1187
f 15/301/15 7/321/7 1189/1227/1189 1188/1225/1188
f 7/321/7 14/346/14 1190/1228/1190 1189/1227/1189
f 14/346/14 22/366/22 1187/1226/1187 1190/1228/1190
f 30/365/30 23/297/23 1192/1229/1192 1191/1230/1191
f 23/297/23 15/301/15 1193/1231/1193 1192/1229/1192
f 15/301/15 22/366/22 1194/1232/1194 1193/1231/1193
f 22/366/22 30/365/30 1191/1230/1191 1194/1232/1194
f 27/246/27 20/269/20 1196/1233/1196 1195/1234/1195
f 20/269/20 12/275/12 1197/1235/1197 1196/1233/1196
f 12/275/12 19/249/19 1198/1236/1198 1197/1235/1197
f 19/249/19 27/246/27 1195/1234/1195 1198/1236/1198
f 92/543/92 85/590/85 1200/1237/1200 1199/1238/1199
f 85/590/85 77/433/77 1201/1239/1201 1200/1237/1200
f 77/433/77 84/534/84 1202/1240/1202 1201/1239/1201
f 84/534/84 92/543/92 1199/1238/1199 1202/1240/1202
f 1203/248/1203 1204/247/1204 1205/250/1205 1206/252/1206
f 1207/256/1207 1208/255/1208 1209/258/1209 1210/260/1210
f 1211/264/1211 1212/263/1212 1213/266/1213 1214/268/1214
f 1215/272/1215 1216/271/1216 1217/274/1217 1218/276/1218
f 1219/280/1219 1220/279/1220 1221/281/1221 1222/282/1222
f 1223/286/1223 1224/285/1224 1225/288/1225 1226/290/1226
f 1227/294/1227 1228/293/1228 1229/295/1229 1230/296/1230
f 1231/299/1231 1232/298/1232 1233/300/1233 1234/302/1234
f 1235/306/1235 1236/305/1236 1237/308/1237 1238/310/1238
f 1239/313/1239 1240/312/1240 1241/315/1241 1242/317/1242
f 1243/320/1243 1244/319/1244 1245/322/1245 1246/324/1246
f 1247/328/1247 1248/327/1248 1249/329/1249 1250/331/1250
f 1251/334/1251 1252/333/1252 1253/336/1253 1254/338/1254
f 1255/342/1255 1256/341/1256 1257/343/1257 1258/345/1258
f 1259/348/1259 1260/347/1260 1261/349/1261 1262/350/1262
f 1263/352/1263 1264/351/1264 1265/353/1265 1266/354/1266
f 1267/358/1267 1268/357/1268 1269/359/1269 1270/361/1270
f 1271/363/1271 1272/362/1272 1273/241/1273 1274/242/1274
f 1275/227/1275 1276/225/1276 1277/221/1277 1278/222/1278
f 1279/207/1279 1280/205/1280 1281/201/1281 1282/202/1282
f 1283/187/1283 1284/185/1284 1285/181/1285 1286/182/1286
f 1287/167/1287 1288/165/1288 1289/161/1289 1290/162/1290
f 1291/147/1291 1292/145/1292 1293/141/1293 1294/142/1294
f 1295/127/1295 1296/125/1296 1297/121/1297 1298/122/1298
f 1299/107/1299 1300/105/1300 1301/101/1301 1302/102/1302
f 1303/87/1303 1304/85/1304 1305/81/1305 1306/82/1306
f 1307/67/1307 1308/65/1308 1309/61/1309 1310/62/1310
f 1311/47/1311 1312/45/1312 1313/41/1313 1314/42/1314
f 1315/27/1315 1316/25/1316 1317/21/1317 1318/22/1318
f 1319/6/1319 1320/1/1320 1321/2/1321 1322/5/1322
f 1323/383/1323 1324/382/1324 1325/384/1325 1326/385/1326
f 1327/388/1327 1328/387/1328 1329/389/1329 1330/390/1330
f 1331/394/1331 1332/393/1332 1333/395/1333 1334/396/1334
f 1335/400/1335 1336/399/1336 1337/401/1337 1338/403/1338
f 1339/407/1339 1340/406/1340 1341/409/1341 1342/411/1342
f 1343/414/1343 1344/413/1344 1345/415/1345 1346/416/1346
f 1347/418/1347 1348/417/1348 1349/419/1349 1350/420/1350
f 1351/422/1351 1352/421/1352 1353/423/1353 1354/424/1354
f 1355/426/1355 1356/425/1356 1357/427/1357 1358/428/1358
f 1359/430/1359 1360/429/1360 1361/431/1361 1362/432/1362
f 1363/435/1363 1364/434/1364 1365/436/1365 1366/438/1366
f 1367/441/1367 1368/440/1368 1369/442/1369 1370/443/1370
f 1371/446/1371 1372/445/1372 1373/447/1373 1374/448/1374
f 1375/450/1375 1376/449/1376 1377/451/1377 1378/452/1378
f 1379/455/1379 1380/454/1380 1381/456/1381 1382/458/1382
f 1383/460/1383 1384/459/1384 1385/461/1385 1386/462/1386
f 1387/465/1387 1388/464/1388 1389/466/1389 1390/467/1390
f 1391/470/1391 1392/469/1392 1393/471/1393 1394/472/1394
f 1395/474/1395 1396/473/1396 1397/475/1397 1398/476/1398
f 1399/478/1399 1400/477/1400 1401/479/1401 1402/480/1402
f 1403/482/1403 1404/481/1404 1405/483/1405 1406/484/1406
f 1407/487/1407 1408/486/1408 1409/489/1409 1410/490/1410
f 1411/492/1411 1412/491/1412 1413/493/1413 1414/494/1414
f 1415/497/1415 1416/496/1416 1417/498/1417 1418/499/1418
f 1419/502/1419 1420/501/1420 1421/504/1421 1422/505/1422
f 1423/507/1423 1424/506/1424 1425/508/1425 1426/509/1426
f 1427/512/1427 1428/511/1428 1429/513/1429 1430/514/1430
f 1431/517/1431 1432/516/1432 1433/518/1433 1434/519/1434
f 1435/522/1435 1436/521/1436 1437/523/1437 1438/524/1438
f 1439/526/1439 1440/525/1440 1441/527/1441 1442/528/1442
f 1443/530/1443 1444/529/1444 1445/531/1445 1446/532/1446
f 1447/536/1447 1448/535/1448 1449/537/1449 1450/538/1450
f 1451/542/1451 1452/541/1452 1453/544/1453 1454/546/1454
f 1455/549/1455 1456/548/1456 1457/550/1457 1458/552/1458
f 1459/556/1459 1460/555/1460 1461/557/1461 1462/558/1462
f 1463/561/1463 1464/560/1464 1465/563/1465 1466/565/1466
f 1467/569/1467 1468/568/1468 1469/570/1469 1470/571/1470
f 1471/573/1471 1472/572/1472 1473/574/1473 1474/575/1474
f 1475/577/1475 1476/576/1476 1477/578/1477 1478/579/1478
f 1479/235/1479 1480/233/1480 1481/229/1481 1482/230/1482
f 1483/215/1483 1484/213/1484 1485/209/1485 1486/210/1486
f 1487/195/1487 1488/193/1488 1489/189/1489 1490/190/1490
f 1491/175/1491 1492/173/1492 1493/169/1493 1494/170/1494
f 1495/155/1495 1496/153/1496 1497/149/1497 1498/150/1498
f 1499/135/1499 1500/133/1500 1501/129/1501 1502/130/1502
f 1503/115/1503 1504/113/1504 1505/109/1505 1506/110/1506
f 1507/95/1507 1508/93/1508 1509/89/1509 1510/90/1510
f 1511/75/1511 1512/73/1512 1513/69/1513 1514/70/1514
f 1515/55/1515 1516/53/1516 1517/49/1517 1518/50/1518
f 1519/35/1519 1520/33/1520 1521/29/1521 1522/30/1522
f 1523/15/1523 1524/13/1524 1525/9/1525 1526/10/1526
f 1527/597/1527 1528/596/1528 1529/598/1529 1530/599/1530
f 1531/603/1531 1532/602/1532 1533/604/1533 1534/606/1534
f 1535/608/1535 1536/607/1536 1537/609/1537 1538/610/1538
f 1539/612/1539 1540/611/1540 1541/613/1541 1542/614/1542
f 1543/617/1543 1544/616/1544 1545/618/1545 1546/619/1546
f 1547/623/1547 1548/622/1548 1549/624/1549 1550/626/1550
f 1551/628/1551 1552/627/1552 1553/629/1553 1554/630/1554
f 1555/634/1555 1556/633/1556 1557/636/1557 1558/638/1558
f 1559/640/1559 1560/639/1560 1561/641/1561 1562/643/1562
f 1563/645/1563 1564/644/1564 1565/646/1565 1566/647/1566
f 1567/651/1567 1568/650/1568 1569/652/1569 1570/653/1570
f 1571/656/1571 1572/655/1572 1573/657/1573 1574/658/1574
f 1575/660/1575 1576/659/1576 1577/661/1577 1578/662/1578
f 1579/664/1579 1580/663/1580 1581/665/1581 1582/666/1582
f 1583/668/1583 1584/667/1584 1585/669/1585 1586/670/1586
f 1587/672/1587 1588/671/1588 1589/673/1589 1590/675/1590
f 1591/677/1591 1592/676/1592 1593/678/1593 1594/679/1594
f 1595/682/1595 1596/681/1596 1597/683/1597 1598/684/1598
f 1599/686/1599 1600/685/1600 1601/687/1601 1602/688/1602
f 1603/690/1603 1604/689/1604 1605/691/1605 1606/692/1606
f 1607/695/1607 1608/694/1608 1609/696/1609 1610/697/1610
f 1611/699/1611 1612/698/1612 1613/700/1613 1614/702/1614
f 1615/706/1615 1616/705/1616 1617/707/1617 1618/708/1618
f 1619/710/1619 1620/709/1620 1621/711/1621 1622/712/1622
f 1623/716/1623 1624/715/1624 1625/717/1625 1626/718/1626
f 1627/721/1627 1628/720/1628 1629/722/1629 1630/723/1630
f 1631/727/1631 1632/726/1632 1633/729/1633 1634/730/1634
f 1635/732/1635 1636/731/1636 1637/733/1637 1638/734/1638
f 1639/737/1639 1640/736/1640 1641/738/1641 1642/739/1642
f 1643/742/1643 1644/741/1644 1645/743/1645 1646/744/1646
f 1647/747/1647 1648/746/1648 1649/748/1649 1650/749/1650
f 1651/752/1651 1652/751/1652 1653/753/1653 1654/754/1654
f 1655/756/1655 1656/755/1656 1657/757/1657 1658/758/1658
f 1659/761/1659 1660/760/1660 1661/762/1661 1662/763/1662
f 1663/765/1663 1664/764/1664 1665/766/1665 1666/768/1666
f 1667/772/1667 1668/771/1668 1669/773/1669 1670/774/1670
f 1671/777/1671 1672/776/1672 1673/779/1673 1674/780/1674
f 1675/782/1675 1676/781/1676 1677/783/1677 1678/784/1678
f 1679/788/1679 1680/787/1680 1681/790/1681 1682/792/1682
f 1683/240/1683 1684/239/1684 1685/237/1685 1686/238/1686
f 1687/220/1687 1688/219/1688 1689/217/1689 1690/218/1690
f 1691/200/1691 1692/199/1692 1693/197/1693 1694/198/1694
f 1695/180/1695 1696/179/1696 1697/177/1697 1698/178/1698
f 1699/160/1699 1700/159/1700 1701/157/1701 1702/158/1702
f 1703/140/1703 1704/139/1704 1705/137/1705 1706/138/1706
f 1707/120/1707 1708/119/1708 1709/117/1709 1710/118/1710
f 1711/100/1711 1712/99/1712 1713/97/1713 1714/98/1714
f 1715/80/1715 1716/79/1716 1717/77/1717 1718/78/1718
f 1719/60/1719 1720/59/1720 1721/57/1721 1722/58/1722
f 1723/40/1723 1724/39/1724 1725/37/1725 1726/38/1726
f 1727/20/1727 1728/19/1728 1729/17/1729 1730/18/1730
f 1731/811/1731 1732/810/1732 1733/812/1733 1734/814/1734
f 1735/817/1735 1736/816/1736 1737/818/1737 1738/819/1738
f 1739/821/1739 1740/820/1740 1741/822/1741 1742/823/1742
f 1743/825/1743 1744/824/1744 1745/826/1745 1746/827/1746
f 1747/830/1747 1748/829/1748 1749/831/1749 1750/832/1750
f 1751/836/1751 1752/835/1752 1753/837/1753 1754/838/1754
f 1755/840/1755 1756/839/1756 1757/841/1757 1758/842/1758
f 1759/846/1759 1760/845/1760 1761/847/1761 1762/849/1762
f 1763/853/1763 1764/852/1764 1765/855/1765 1766/857/1766
f 1767/859/1767 1768/858/1768 1769/860/1769 1770/861/1770
f 1771/863/1771 1772/862/1772 1773/864/1773 1774/865/1774
f 1775/868/1775 1776/867/1776 1777/869/1777 1778/871/1778
f 1779/875/1779 1780/874/1780 1781/876/1781 1782/877/1782
f 1783/880/1783 1784/879/1784 1785/881/1785 1786/883/1786
f 1787/885/1787 1788/884/1788 1789/886/1789 1790/887/1790
f 1791/890/1791 1792/889/1792 1793/891/1793 1794/892/1794
f 1795/894/1795 1796/893/1796 1797/895/1797 1798/896/1798
f 1799/898/1799 1800/897/1800 1801/899/1801 1802/900/1802
f 1803/902/1803 1804/901/1804 1805/903/1805 1806/904/1806
f 1807/906/1807 1808/905/1808 1809/907/1809 1810/908/1810
f 1811/912/1811 1812/911/1812 1813/913/1813 1814/914/1814
f 1815/916/1815 1816/915/1816 1817/243/1817 1818/244/1818
f 1819/228/1819 1820/226/1820 1821/223/1821 1822/224/1822
f 1823/208/1823 1824/206/1824 1825/203/1825 1826/204/1826
f 1827/188/1827 1828/186/1828 1829/183/1829 1830/184/1830
f 1831/168/1831 1832/166/1832 1833/163/1833 1834/164/1834
f 1835/148/1835 1836/146/1836 1837/143/1837 1838/144/1838
f 1839/128/1839 1840/126/1840 1841/123/1841 1842/124/1842
f 1843/108/1843 1844/106/1844 1845/103/1845 1846/104/1846
f 1847/88/1847 1848/86/1848 1849/83/1849 1850/84/1850
f 1851/68/1851 1852/66/1852 1853/63/1853 1854/64/1854
f 1855/48/1855 1856/46/1856 1857/43/1857 1858/44/1858
f 1859/28/1859 1860/26/1860 1861/23/1861 1862/24/1862
f 1863/8/1863 1864/3/1864 1865/4/1865 1866/7/1866
f 1867/931/1867 1868/930/1868 1869/932/1869 1870/934/1870
f 1871/937/1871 1872/936/1872 1873/938/1873 1874/940/1874
f 1875/944/1875 1876/943/1876 1877/945/1877 1878/946/1878
f 1879/950/1879 1880/949/1880 1881/951/1881 1882/953/1882
f 1883/957/1883 1884/956/1884 1885/959/1885 1886/961/1886
f 1887/964/1887 1888/963/1888 1889/965/1889 1890/967/1890
f 1891/971/1891 1892/970/1892 1893/973/1893 1894/975/1894
f 1895/977/1895 1896/976/1896 1897/978/1897 1898/979/1898
f 1899/982/1899 1900/981/1900 1901/983/1901 1902/984/1902
f 1903/988/1903 1904/987/1904 1905/989/1905 1906/990/1906
f 1907/992/1907 1908/991/1908 1909/993/1909 1910/994/1910
f 1911/998/1911 1912/997/1912 1913/999/1913 1914/1000/1914
f 1915/1003/1915 1916/1002/1916 1917/1004/1917 1918/1006/1918
f 1919/1008/1919 1920/1007/1920 1921/1009/1921 1922/1010/1922
f 1923/1013/1923 1924/1012/1924 1925/1014/1925 1926/1015/1926
f 1927/1018/1927 1928/1017/1928 1929/1019/1929 1930/1020/1930
f 1931/1022/1931 1932/1021/1932 1933/1023/1933 1934/1024/1934
f 1935/1028/1935 1936/1027/1936 1937/1030/1937 1938/1031/1938
f 1939/1035/1939 1940/1034/1940 1941/1036/1941 1942/1038/1942
f 1943/1040/1943 1944/1039/1944 1945/1041/1945 1946/1042/1946
f 1947/1044/1947 1948/1043/1948 1949/1045/1949 1950/1046/1950
f 1951/1049/1951 1952/1048/1952 1953/1050/1953 1954/1051/1954
f 1955/1053/1955 1956/1052/1956 1957/1054/1957 1958/1055/1958
f 1959/1058/1959 1960/1057/1960 1961/1059/1961 1962/1060/1962
f 1963/1064/1963 1964/1063/1964 1965/1065/1965 1966/1066/1966
f 1967/1069/1967 1968/1068/1968 1969/1070/1969 1970/1071/1970
f 1971/1073/1971 1972/1072/1972 1973/1074/1973 1974/1075/1974
f 1975/1078/1975 1976/1077/1976 1977/1079/1977 1978/1080/1978
f 1979/1082/1979 1980/1081/1980 1981/1083/1981 1982/1084/1982
f 1983/1086/1983 1984/1085/1984 1985/1087/1985 1986/1088/1986
f 1987/1091/1987 1988/1090/1988 1989/1093/1989 1990/1094/1990
f 1991/1097/1991 1992/1096/1992 1993/1098/1993 1994/1100/1994
f 1995/1104/1995 1996/1103/1996 1997/1106/1997 1998/1108/1998
f 1999/1110/1999 2000/1109/2000 2001/1111/2001 2002/1112/2002
f 2003/1115/2003 2004/1114/2004 2005/1116/2005 2006/1118/2006
f 2007/1122/2007 2008/1121/2008 2009/1123/2009 2010/1124/2010
f 2011/1127/2011 2012/1126/2012 2013/1128/2013 2014/1129/2014
f 2015/1131/2015 2016/1130/2016 2017/1132/2017 2018/1133/2018
f 2019/1136/2019 2020/1135/2020 2021/1137/2021 2022/1139/2022
f 2023/236/2023 2024/234/2024 2025/231/2025 2026/232/2026
f 2027/216/2027 2028/214/2028 2029/211/2029 2030/212/2030
f 2031/196/2031 2032/194/2032 2033/191/2033 2034/192/2034
f 2035/176/2035 2036/174/2036 2037/171/2037 2038/172/2038
f 2039/156/2039 2040/154/2040 2041/151/2041 2042/152/2042
f 2043/136/2043 2044/134/2044 2045/131/2045 2046/132/2046
f 2047/116/2047 2048/114/2048 2049/111/2049 2050/112/2050
f 2051/96/2051 2052/94/2052 2053/91/2053 2054/92/2054
f 2055/76/2055 2056/74/2056 2057/71/2057 2058/72/2058
f 2059/56/2059 2060/54/2060 2061/51/2061 2062/52/2062
f 2063/36/2063 2064/34/2064 2065/31/2065 2066/32/2066
f 2067/16/2067 2068/14/2068 2069/11/2069 2070/12/2070
f 2071/1145/2071 2072/1144/2072 2073/1146/2073 2074/1148/2074
f 2075/1151/2075 2076/1150/2076 2077/1152/2077 2078/1153/2078
f 2079/1155/2079 2080/1154/2080 2081/1156/2081 2082/1157/2082
f 2083/1159/2083 2084/1158/2084 2085/1160/2085 2086/1161/2086
f 2087/1163/2087 2088/1162/2088 2089/1164/2089 2090/1165/2090
f 2091/1167/2091 2092/1166/2092 2093/1168/2093 2094/1169/2094
f 2095/1171/2095 2096/1170/2096 2097/1172/2097 2098/1173/2098
f 2099/1176/2099 2100/1175/2100 2101/1177/2101 2102/1178/2102
f 2103/1180/2103 2104/1179/2104 2105/1181/2105 2106/1183/2106
f 2107/1185/2107 2108/1184/2108 2109/1186/2109 2110/1187/2110
f 2111/1189/2111 2112/1188/2112 2113/1190/2113 2114/1191/2114
f 2115/1193/2115 2116/1192/2116 2117/1194/2117 2118/1195/2118
f 2119/1197/2119 2120/1196/2120 2121/1198/2121 2122/1199/2122
f 2123/1201/2123 2124/1200/2124 2125/1202/2125 2126/1203/2126
f 2127/1205/2127 2128/1204/2128 2129/1206/2129 2130/1207/2130
f 2131/1209/2131 2132/1208/2132 2133/1210/2133 2134/1212/2134
f 2135/1214/2135 2136/1213/2136 2137/1215/2137 2138/1216/2138
f 2139/1218/2139 2140/1217/2140 2141/1219/2141 2142/1220/2142
f 2143/1222/2143 2144/1221/2144 2145/1223/2145 2146/1224/2146
f 2147/1226/2147 2148/1225/2148 2149/1227/2149 2150/1228/2150
f 2151/1230/2151 2152/1229/2152 2153/1231/2153 2154/1232/2154
f 2155/1234/2155 2156/1233/2156 2157/1235/2157 2158/1236/2158
f 2159/1238/2159 2160/1237/2160 2161/1239/2161 2162/1240/2162
f 905/4/905 906/7/906 1866/7/1866 1865/4/1865
f 771/811/771 772/810/772 1732/810/1732 1731/811/1731
f 361/2/361 362/5/362 1322/5/1322 1321/2/1321
f 774/814/774 771/811/771 1731/811/1731 1734/814/1734
f 772/810/772 773/812/773 1733/812/1733 1732/810/1732
f 1111/1145/1111 1112/1144/1112 2072/1144/2072 2071/1145/2071
f 567/597/567 568/596/568 1528/596/1528 1527/597/1527
f 773/812/773 774/814/774 1734/814/1734 1733/812/1733
f 1114/1148/1114 1111/1145/1111 2071/1145/2071 2074/1148/2074
f 570/599/570 567/597/567 1527/597/1527 1530/599/1530
f 1112/1144/1112 1113/1146/1113 2073/1146/2073 2072/1144/2072
f 568/596/568 569/598/569 1529/598/1529 1528/596/1528
f 907/931/907 908/930/908 1868/930/1868 1867/931/1867
f 363/383/363 364/382/364 1324/382/1324 1323/383/1323
f 1113/1146/1113 1114/1148/1114 2074/1148/2074 2073/1146/2073
f 569/598/569 570/599/570 1530/599/1530 1529/598/1529
f 910/934/910 907/931/907 1867/931/1867 1870/934/1870
f 366/385/366 363/383/363 1323/383/1323 1326/385/1326
f 908/930/908 909/932/909 1869/932/1869 1868/930/1868
f 364/382/364 365/384/365 1325/384/1325 1324/382/1324
f 909/932/909 910/934/910 1870/934/1870 1869/932/1869
f 775/817/775 776/816/776 1736/816/1736 1735/817/1735
f 365/384/365 366/385/366 1326/385/1326 1325/384/1325
f 778/819/778 775/817/775 1735/817/1735 1738/819/1738
f 776/816/776 777/818/777 1737/818/1737 1736/816/1736
f 1115/1151/1115 1116/1150/1116 2076/1150/2076 2075/1151/2075
f 571/603/571 572/602/572 1532/602/1532 1531/603/1531
f 777/818/777 778/819/778 1738/819/1738 1737/818/1737
f 1118/1153/1118 1115/1151/1115 2075/1151/2075 2078/1153/2078
f 574/606/574 571/603/571 1531/603/1531 1534/606/1534
f 1116/1150/1116 1117/1152/1117 2077/1152/2077 2076/1150/2076
f 572/602/572 573/604/573 1533/604/1533 1532/602/1532
f 911/937/911 912/936/912 1872/936/1872 1871/937/1871
f 367/388/367 368/387/368 1328/387/1328 1327/388/1327
f 1117/1152/1117 1118/1153/1118 2078/1153/2078 2077/1152/2077
f 573/604/573 574/606/574 1534/606/1534 1533/604/1533
f 914/940/914 911/937/911 1871/937/1871 1874/940/1874
f 370/390/370 367/388/367 1327/388/1327 1330/390/1330
f 912/936/912 913/938/913 1873/938/1873 1872/936/1872
f 368/387/368 369/389/369 1329/389/1329 1328/387/1328
f 913/938/913 914/940/914 1874/940/1874 1873/938/1873
f 779/821/779 780/820/780 1740/820/1740 1739/821/1739
f 369/389/369 370/390/370 1330/390/1330 1329/389/1329
f 782/823/782 779/821/779 1739/821/1739 1742/823/1742
f 780/820/780 781/822/781 1741/822/1741 1740/820/1740
f 1119/1155/1119 1120/1154/1120 2080/1154/2080 2079/1155/2079
f 575/608/575 576/607/576 1536/607/1536 1535/608/1535
f 781/822/781 782/823/782 1742/823/1742 1741/822/1741
f 1122/1157/1122 1119/1155/1119 2079/1155/2079 2082/1157/2082
f 578/610/578 575/608/575 1535/608/1535 1538/610/1538
f 1120/1154/1120 1121/1156/1121 2081/1156/2081 2080/1154/2080
f 576/607/576 577/609/577 1537/609/1537 1536/607/1536
f 915/944/915 916/943/916 1876/943/1876 1875/944/1875
f 371/394/371 372/393/372 1332/393/1332 1331/394/1331
f 1121/1156/1121 1122/1157/1122 2082/1157/2082 2081/1156/2081
f 577/609/577 578/610/578 1538/610/1538 1537/609/1537
f 918/946/918 915/944/915 1875/944/1875 1878/946/1878
f 374/396/374 371/394/371 1331/394/1331 1334/396/1334
f 916/943/916 917/945/917 1877/945/1877 1876/943/1876
f 372/393/372 373/395/373 1333/395/1333 1332/393/1332
f 917/945/917 918/946/918 1878/946/1878 1877/945/1877
f 783/825/783 784/824/784 1744/824/1744 1743/825/1743
f 373/395/373 374/396/374 1334/396/1334 1333/395/1333
f 786/827/786 783/825/783 1743/825/1743 1746/827/1746
f 784/824/784 785/826/785 1745/826/1745 1744/824/1744
f 1123/1159/1123 1124/1158/1124 2084/1158/2084 2083/1159/2083
f 579/612/579 580/611/580 1540/611/1540 1539/612/1539
f 785/826/785 786/827/786 1746/827/1746 1745/826/1745
f 1126/1161/1126 1123/1159/1123 2083/1159/2083 2086/1161/2086
f 582/614/582 579/612/579 1539/612/1539 1542/614/1542
f 1124/1158/1124 1125/1160/1125 2085/1160/2085 2084/1158/2084
f 580/611/580 581/613/581 1541/613/1541 1540/611/1540
f 919/950/919 920/949/920 1880/949/1880 1879/950/1879
f 375/400/375 376/399/376 1336/399/1336 1335/400/1335
f 1125/1160/1125 1126/1161/1126 2086/1161/2086 2085/1160/2085
f 581/613/581 582/614/582 1542/614/1542 1541/613/1541
f 922/953/922 919/950/919 1879/950/1879 1882/953/1882
f 378/403/378 375/400/375 1335/400/1335 1338/403/1338
f 920/949/920 921/951/921 1881/951/1881 1880/949/1880
f 376/399/376 377/401/377 1337/401/1337 1336/399/1336
f 921/951/921 922/953/922 1882/953/1882 1881/951/1881
f 787/830/787 788/829/788 1748/829/1748 1747/830/1747
f 377/401/377 378/403/378 1338/403/1338 1337/401/1337
f 790/832/790 787/830/787 1747/830/1747 1750/832/1750
f 788/829/788 789/831/789 1749/831/1749 1748/829/1748
f 1127/1163/1127 1128/1162/1128 2088/1162/2088 2087/1163/2087
f 583/617/583 584/616/584 1544/616/1544 1543/617/1543
f 789/831/789 790/832/790 1750/832/1750 1749/831/1749
f 1130/1165/1130 1127/1163/1127 2087/1163/2087 2090/1165/2090
f 586/619/586 583/617/583 1543/617/1543 1546/619/1546
f 1128/1162/1128 1129/1164/1129 2089/1164/2089 2088/1162/2088
f 584/616/584 585/618/585 1545/618/1545 1544/616/1544
f 923/957/923 924/956/924 1884/956/1884 1883/957/1883
f 379/407/379 380/406/380 1340/406/1340 1339/407/1339
f 1129/1164/1129 1130/1165/1130 2090/1165/2090 2089/1164/2089
f 585/618/585 586/619/586 1546/619/1546 1545/618/1545
f 926/961/926 923/957/923 1883/957/1883 1886/961/1886
f 382/411/382 379/407/379 1339/407/1339 1342/411/1342
f 924/956/924 925/959/925 1885/959/1885 1884/956/1884
f 380/406/380 381/409/381 1341/409/1341 1340/406/1340
f 925/959/925 926/961/926 1886/961/1886 1885/959/1885
f 791/836/791 792/835/792 1752/835/1752 1751/836/1751
f 381/409/381 382/411/382 1342/411/1342 1341/409/1341
f 794/838/794 791/836/791 1751/836/1751 1754/838/1754
f 792/835/792 793/837/793 1753/837/1753 1752/835/1752
f 1131/1167/1131 1132/1166/1132 2092/1166/2092 2091/1167/2091
f 587/623/587 588/622/588 1548/622/1548 1547/623/1547
f 793/837/793 794/838/794 1754/838/1754 1753/837/1753
f 1134/1169/1134 1131/1167/1131 2091/1167/2091 2094/1169/2094
f 590/626/590 587/623/587 1547/623/1547 1550/626/1550
f 1132/1166/1132 1133/1168/1133 2093/1168/2093 2092/1166/2092
f 588/622/588 589/624/589 1549/624/1549 1548/622/1548
f 927/964/927 928/963/928 1888/963/1888 1887/964/1887
f 383/414/383 384/413/384 1344/413/1344 1343/414/1343
f 1133/1168/1133 1134/1169/1134 2094/1169/2094 2093/1168/2093
f 589/624/589 590/626/590 1550/626/1550 1549/624/1549
f 930/967/930 927/964/927 1887/964/1887 1890/967/1890
f 386/416/386 383/414/383 1343/414/1343 1346/416/1346
f 928/963/928 929/965/929 1889/965/1889 1888/963/1888
f 384/413/384 385/415/385 1345/415/1345 1344/413/1344
f 795/840/795 796/839/796 1756/839/1756 1755/840/1755
f 929/965/929 930/967/930 1890/967/1890 1889/965/1889
f 385/415/385 386/416/386 1346/416/1346 1345/415/1345
f 798/842/798 795/840/795 1755/840/1755 1758/842/1758
f 796/839/796 797/841/797 1757/841/1757 1756/839/1756
f 1135/1171/1135 1136/1170/1136 2096/1170/2096 2095/1171/2095
f 591/628/591 592/627/592 1552/627/1552 1551/628/1551
f 797/841/797 798/842/798 1758/842/1758 1757/841/1757
f 1138/1173/1138 1135/1171/1135 2095/1171/2095 2098/1173/2098
f 594/630/594 591/628/591 1551/628/1551 1554/630/1554
f 1136/1170/1136 1137/1172/1137 2097/1172/2097 2096/1170/2096
f 592/627/592 593/629/593 1553/629/1553 1552/627/1552
f 931/971/931 932/970/932 1892/970/1892 1891/971/1891
f 387/418/387 388/417/388 1348/417/1348 1347/418/1347
f 1137/1172/1137 1138/1173/1138 2098/1173/2098 2097/1172/2097
f 593/629/593 594/630/594 1554/630/1554 1553/629/1553
f 934/975/934 931/971/931 1891/971/1891 1894/975/1894
f 390/420/390 387/418/387 1347/418/1347 1350/420/1350
f 932/970/932 933/973/933 1893/973/1893 1892/970/1892
f 388/417/388 389/419/389 1349/419/1349 1348/417/1348
f 799/846/799 800/845/800 1760/845/1760 1759/846/1759
f 933/973/933 934/975/934 1894/975/1894 1893/973/1893
f 389/419/389 390/420/390 1350/420/1350 1349/419/1349
f 802/849/802 799/846/799 1759/846/1759 1762/849/1762
f 800/845/800 801/847/801 1761/847/1761 1760/845/1760
f 1139/1176/1139 1140/1175/1140 2100/1175/2100 2099/1176/2099
f 595/634/595 596/633/596 1556/633/1556 1555/634/1555
f 801/847/801 802/849/802 1762/849/1762 1761/847/1761
f 1142/1178/1142 1139/1176/1139 2099/1176/2099 2102/1178/2102
f 598/638/598 595/634/595 1555/634/1555 1558/638/1558
f 1140/1175/1140 1141/1177/1141 2101/1177/2101 2100/1175/2100
f 596/633/596 597/636/597 1557/636/1557 1556/633/1556
f 935/977/935 936/976/936 1896/976/1896 1895/977/1895
f 391/422/391 392/421/392 1352/421/1352 1351/422/1351
f 1141/1177/1141 1142/1178/1142 2102/1178/2102 2101/1177/2101
f 597/636/597 598/638/598 1558/638/1558 1557/636/1557
f 938/979/938 935/977/935 1895/977/1895 1898/979/1898
f 394/424/394 391/422/391 1351/422/1351 1354/424/1354
f 936/976/936 937/978/937 1897/978/1897 1896/976/1896
f 392/421/392 393/423/393 1353/423/1353 1352/421/1352
f 803/853/803 804/852/804 1764/852/1764 1763/853/1763
f 937/978/937 938/979/938 1898/979/1898 1897/978/1897
f 393/423/393 394/424/394 1354/424/1354 1353/423/1353
f 806/857/806 803/853/803 1763/853/1763 1766/857/1766
f 804/852/804 805/855/805 1765/855/1765 1764/852/1764
f 1143/1180/1143 1144/1179/1144 2104/1179/2104 2103/1180/2103
f 599/640/599 600/639/600 1560/639/1560 1559/640/1559
f 805/855/805 806/857/806 1766/857/1766 1765/855/1765
f 1146/1183/1146 1143/1180/1143 2103/1180/2103 2106/1183/2106
f 602/643/602 599/640/599 1559/640/1559 1562/643/1562
f 1144/1179/1144 1145/1181/1145 2105/1181/2105 2104/1179/2104
f 600/639/600 601/641/601 1561/641/1561 1560/639/1560
f 939/982/939 940/981/940 1900/981/1900 1899/982/1899
f 395/426/395 396/425/396 1356/425/1356 1355/426/1355
f 1145/1181/1145 1146/1183/1146 2106/1183/2106 2105/1181/2105
f 601/641/601 602/643/602 1562/643/1562 1561/641/1561
f 942/984/942 939/982/939 1899/982/1899 1902/984/1902
f 398/428/398 395/426/395 1355/426/1355 1358/428/1358
f 940/981/940 941/983/941 1901/983/1901 1900/981/1900
f 396/425/396 397/427/397 1357/427/1357 1356/425/1356
f 807/859/807 808/858/808 1768/858/1768 1767/859/1767
f 941/983/941 942/984/942 1902/984/1902 1901/983/1901
f 397/427/397 398/428/398 1358/428/1358 1357/427/1357
f 810/861/810 807/859/807 1767/859/1767 1770/861/1770
f 808/858/808 809/860/809 1769/860/1769 1768/858/1768
f 1147/1185/1147 1148/1184/1148 2108/1184/2108 2107/1185/2107
f 603/645/603 604/644/604 1564/644/1564 1563/645/1563
f 809/860/809 810/861/810 1770/861/1770 1769/860/1769
f 1150/1187/1150 1147/1185/1147 2107/1185/2107 2110/1187/2110
f 606/647/606 603/645/603 1563/645/1563 1566/647/1566
f 1148/1184/1148 1149/1186/1149 2109/1186/2109 2108/1184/2108
f 604/644/604 605/646/605 1565/646/1565 1564/644/1564
f 943/988/943 944/987/944 1904/987/1904 1903/988/1903
f 399/430/399 400/429/400 1360/429/1360 1359/430/1359
f 1149/1186/1149 1150/1187/1150 2110/1187/2110 2109/1186/2109
f 605/646/605 606/647/606 1566/647/1566 1565/646/1565
f 946/990/946 943/988/943 1903/988/1903 1906/990/1906
f 402/432/402 399/430/399 1359/430/1359 1362/432/1362
f 944/987/944 945/989/945 1905/989/1905 1904/987/1904
f 400/429/400 401/431/401 1361/431/1361 1360/429/1360
f 811/863/811 812/862/812 1772/862/1772 1771/863/1771
f 945/989/945 946/990/946 1906/990/1906 1905/989/1905
f 401/431/401 402/432/402 1362/432/1362 1361/431/1361
f 814/865/814 811/863/811 1771/863/1771 1774/865/1774
f 812/862/812 813/864/813 1773/864/1773 1772/862/1772
f 1151/1189/1151 1152/1188/1152 2112/1188/2112 2111/1189/2111
f 607/651/607 608/650/608 1568/650/1568 1567/651/1567
f 813/864/813 814/865/814 1774/865/1774 1773/864/1773
f 1154/1191/1154 1151/1189/1151 2111/1189/2111 2114/1191/2114
f 610/653/610 607/651/607 1567/651/1567 1570/653/1570
f 1152/1188/1152 1153/1190/1153 2113/1190/2113 2112/1188/2112
f 608/650/608 609/652/609 1569/652/1569 1568/650/1568
f 947/992/947 948/991/948 1908/991/1908 1907/992/1907
f 403/435/403 404/434/404 1364/434/1364 1363/435/1363
f 1153/1190/1153 1154/1191/1154 2114/1191/2114 2113/1190/2113
f 609/652/609 610/653/610 1570/653/1570 1569/652/1569
f 950/994/950 947/992/947 1907/992/1907 1910/994/1910
f 406/438/406 403/435/403 1363/435/1363 1366/438/1366
f 948/991/948 949/993/949 1909/993/1909 1908/991/1908
f 404/434/404 405/436/405 1365/436/1365 1364/434/1364
f 815/868/815 816/867/816 1776/867/1776 1775/868/1775
f 949/993/949 950/994/950 1910/994/1910 1909/993/1909
f 405/436/405 406/438/406 1366/438/1366 1365/436/1365
f 818/871/818 815/868/815 1775/868/1775 1778/871/1778
f 816/867/816 817/869/817 1777/869/1777 1776/867/1776
f 1155/1193/1155 1156/1192/1156 2116/1192/2116 2115/1193/2115
f 611/656/611 612/655/612 1572/655/1572 1571/656/1571
f 817/869/817 818/871/818 1778/871/1778 1777/869/1777
f 1158/1195/1158 1155/1193/1155 2115/1193/2115 2118/1195/2118
f 614/658/614 611/656/611 1571/656/1571 1574/658/1574
f 1156/1192/1156 1157/1194/1157 2117/1194/2117 2116/1192/2116
f 612/655/612 613/657/613 1573/657/1573 1572/655/1572
f 951/998/951 952/997/952 1912/997/1912 1911/998/1911
f 407/441/407 408/440/408 1368/440/1368 1367/441/1367
f 1157/1194/1157 1158/1195/1158 2118/1195/2118 2117/1194/2117
f 613/657/613 614/658/614 1574/658/1574 1573/657/1573
f 954/1000/954 951/998/951 1911/998/1911 1914/1000/1914
f 410/443/410 407/441/407 1367/441/1367 1370/443/1370
f 952/997/952 953/999/953 1913/999/1913 1912/997/1912
f 408/440/408 409/442/409 1369/442/1369 1368/440/1368
f 819/875/819 820/874/820 1780/874/1780 1779/875/1779
f 953/999/953 954/1000/954 1914/1000/1914 1913/999/1913
f 409/442/409 410/443/410 1370/443/1370 1369/442/1369
f 822/877/822 819/875/819 1779/875/1779 1782/877/1782
f 820/874/820 821/876/821 1781/876/1781 1780/874/1780
f 1159/1197/1159 1160/1196/1160 2120/1196/2120 2119/1197/2119
f 615/660/615 616/659/616 1576/659/1576 1575/660/1575
f 821/876/821 822/877/822 1782/877/1782 1781/876/1781
f 1162/1199/1162 1159/1197/1159 2119/1197/2119 2122/1199/2122
f 618/662/618 615/660/615 1575/660/1575 1578/662/1578
f 1160/1196/1160 1161/1198/1161 2121/1198/2121 2120/1196/2120
f 616/659/616 617/661/617 1577/661/1577 1576/659/1576
f 955/1003/955 956/1002/956 1916/1002/1916 1915/1003/1915
f 411/446/411 412/445/412 1372/445/1372 1371/446/1371
f 1161/1198/1161 1162/1199/1162 2122/1199/2122 2121/1198/2121
f 617/661/617 618/662/618 1578/662/1578 1577/661/1577
f 958/1006/958 955/1003/955 1915/1003/1915 1918/1006/1918
f 414/448/414 411/446/411 1371/446/1371 1374/448/1374
f 956/1002/956 957/1004/957 1917/1004/1917 1916/1002/1916
f 412/445/412 413/447/413 1373/447/1373 1372/445/1372
f 957/1004/957 958/1006/958 1918/1006/1918 1917/1004/1917
f 413/447/413 414/448/414 1374/448/1374 1373/447/1373
f 1163/1201/1163 1164/1200/1164 2124/1200/2124 2123/1201/2123
f 619/664/619 620/663/620 1580/663/1580 1579/664/1579
f 1166/1203/1166 1163/1201/1163 2123/1201/2123 2126/1203/2126
f 622/666/622 619/664/619 1579/664/1579 1582/666/1582
f 1164/1200/1164 1165/1202/1165 2125/1202/2125 2124/1200/2124
f 620/663/620 621/665/621 1581/665/1581 1580/663/1580
f 959/1008/959 960/1007/960 1920/1007/1920 1919/1008/1919
f 415/450/415 416/449/416 1376/449/1376 1375/450/1375
f 1165/1202/1165 1166/1203/1166 2126/1203/2126 2125/1202/2125
f 621/665/621 622/666/622 1582/666/1582 1581/665/1581
f 962/1010/962 959/1008/959 1919/1008/1919 1922/1010/1922
f 418/452/418 415/450/415 1375/450/1375 1378/452/1378
f 960/1007/960 961/1009/961 1921/1009/1921 1920/1007/1920
f 416/449/416 417/451/417 1377/451/1377 1376/449/1376
f 961/1009/961 962/1010/962 1922/1010/1922 1921/1009/1921
f 417/451/417 418/452/418 1378/452/1378 1377/451/1377
f 1167/1205/1167 1168/1204/1168 2128/1204/2128 2127/1205/2127
f 623/668/623 624/667/624 1584/667/1584 1583/668/1583
f 1170/1207/1170 1167/1205/1167 2127/1205/2127 2130/1207/2130
f 626/670/626 623/668/623 1583/668/1583 1586/670/1586
f 1168/1204/1168 1169/1206/1169 2129/1206/2129 2128/1204/2128
f 624/667/624 625/669/625 1585/669/1585 1584/667/1584
f 963/1013/963 964/1012/964 1924/1012/1924 1923/1013/1923
f 419/455/419 420/454/420 1380/454/1380 1379/455/1379
f 1169/1206/1169 1170/1207/1170 2130/1207/2130 2129/1206/2129
f 625/669/625 626/670/626 1586/670/1586 1585/669/1585
f 966/1015/966 963/1013/963 1923/1013/1923 1926/1015/1926
f 422/458/422 419/455/419 1379/455/1379 1382/458/1382
f 964/1012/964 965/1014/965 1925/1014/1925 1924/1012/1924
f 420/454/420 421/456/421 1381/456/1381 1380/454/1380
f 965/1014/965 966/1015/966 1926/1015/1926 1925/1014/1925
f 421/456/421 422/458/422 1382/458/1382 1381/456/1381
f 1171/1209/1171 1172/1208/1172 2132/1208/2132 2131/1209/2131
f 627/672/627 628/671/628 1588/671/1588 1587/672/1587
f 1174/1212/1174 1171/1209/1171 2131/1209/2131 2134/1212/2134
f 630/675/630 627/672/627 1587/672/1587 1590/675/1590
f 1172/1208/1172 1173/1210/1173 2133/1210/2133 2132/1208/2132
f 628/671/628 629/673/629 1589/673/1589 1588/671/1588
f 967/1018/967 968/1017/968 1928/1017/1928 1927/1018/1927
f 423/460/423 424/459/424 1384/459/1384 1383/460/1383
f 1173/1210/1173 1174/1212/1174 2134/1212/2134 2133/1210/2133
f 629/673/629 630/675/630 1590/675/1590 1589/673/1589
f 970/1020/970 967/1018/967 1927/1018/1927 1930/1020/1930
f 426/462/426 423/460/423 1383/460/1383 1386/462/1386
f 968/1017/968 969/1019/969 1929/1019/1929 1928/1017/1928
f 424/459/424 425/461/425 1385/461/1385 1384/459/1384
f 969/1019/969 970/1020/970 1930/1020/1930 1929/1019/1929
f 425/461/425 426/462/426 1386/462/1386 1385/461/1385
f 1175/1214/1175 1176/1213/1176 2136/1213/2136 2135/1214/2135
f 631/677/631 632/676/632 1592/676/1592 1591/677/1591
f 1178/1216/1178 1175/1214/1175 2135/1214/2135 2138/1216/2138
f 634/679/634 631/677/631 1591/677/1591 1594/679/1594
f 1176/1213/1176 1177/1215/1177 2137/1215/2137 2136/1213/2136
f 632/676/632 633/678/633 1593/678/1593 1592/676/1592
f 971/1022/971 972/1021/972 1932/1021/1932 1931/1022/1931
f 427/465/427 428/464/428 1388/464/1388 1387/465/1387
f 1177/1215/1177 1178/1216/1178 2138/1216/2138 2137/1215/2137
f 633/678/633 634/679/634 1594/679/1594 1593/678/1593
f 974/1024/974 971/1022/971 1931/1022/1931 1934/1024/1934
f 430/467/430 427/465/427 1387/465/1387 1390/467/1390
f 972/1021/972 973/1023/973 1933/1023/1933 1932/1021/1932
f 428/464/428 429/466/429 1389/466/1389 1388/464/1388
f 973/1023/973 974/1024/974 1934/1024/1934 1933/1023/1933
f 429/466/429 430/467/430 1390/467/1390 1389/466/1389
f 1179/1218/1179 1180/1217/1180 2140/1217/2140 2139/1218/2139
f 635/682/635 636/681/636 1596/681/1596 1595/682/1595
f 1182/1220/1182 1179/1218/1179 2139/1218/2139 2142/1220/2142
f 638/684/638 635/682/635 1595/682/1595 1598/684/1598
f 1180/1217/1180 1181/1219/1181 2141/1219/2141 2140/1217/2140
f 636/681/636 637/683/637 1597/683/1597 1596/681/1596
f 975/1028/975 976/1027/976 1936/1027/1936 1935/1028/1935
f 431/470/431 432/469/432 1392/469/1392 1391/470/1391
f 1181/1219/1181 1182/1220/1182 2142/1220/2142 2141/1219/2141
f 637/683/637 638/684/638 1598/684/1598 1597/683/1597
f 978/1031/978 975/1028/975 1935/1028/1935 1938/1031/1938
f 434/472/434 431/470/431 1391/470/1391 1394/472/1394
f 976/1027/976 977/1030/977 1937/1030/1937 1936/1027/1936
f 432/469/432 433/471/433 1393/471/1393 1392/469/1392
f 977/1030/977 978/1031/978 1938/1031/1938 1937/1030/1937
f 433/471/433 434/472/434 1394/472/1394 1393/471/1393
f 1183/1222/1183 1184/1221/1184 2144/1221/2144 2143/1222/2143
f 639/686/639 640/685/640 1600/685/1600 1599/686/1599
f 1186/1224/1186 1183/1222/1183 2143/1222/2143 2146/1224/2146
f 642/688/642 639/686/639 1599/686/1599 1602/688/1602
f 1184/1221/1184 1185/1223/1185 2145/1223/2145 2144/1221/2144
f 640/685/640 641/687/641 1601/687/1601 1600/685/1600
f 979/1035/979 980/1034/980 1940/1034/1940 1939/1035/1939
f 435/474/435 436/473/436 1396/473/1396 1395/474/1395
f 1185/1223/1185 1186/1224/1186 2146/1224/2146 2145/1223/2145
f 641/687/641 642/688/642 1602/688/1602 1601/687/1601
f 982/1038/982 979/1035/979 1939/1035/1939 1942/1038/1942
f 438/476/438 435/474/435 1395/474/1395 1398/476/1398
f 980/1034/980 981/1036/981 1941/1036/1941 1940/1034/1940
f 436/473/436 437/475/437 1397/475/1397 1396/473/1396
f 981/1036/981 982/1038/982 1942/1038/1942 1941/1036/1941
f 437/475/437 438/476/438 1398/476/1398 1397/475/1397
f 1187/1226/1187 1188/1225/1188 2148/1225/2148 2147/1226/2147
f 643/690/643 644/689/644 1604/689/1604 1603/690/1603
f 1190/1228/1190 1187/1226/1187 2147/1226/2147 2150/1228/2150
f 646/692/646 643/690/643 1603/690/1603 1606/692/1606
f 1188/1225/1188 1189/1227/1189 2149/1227/2149 2148/1225/2148
f 644/689/644 645/691/645 1605/691/1605 1604/689/1604
f 983/1040/983 984/1039/984 1944/1039/1944 1943/1040/1943
f 439/478/439 440/477/440 1400/477/1400 1399/478/1399
f 1189/1227/1189 1190/1228/1190 2150/1228/2150 2149/1227/2149
f 645/691/645 646/692/646 1606/692/1606 1605/691/1605
f 986/1042/986 983/1040/983 1943/1040/1943 1946/1042/1946
f 442/480/442 439/478/439 1399/478/1399 1402/480/1402
f 984/1039/984 985/1041/985 1945/1041/1945 1944/1039/1944
f 440/477/440 441/479/441 1401/479/1401 1400/477/1400
f 985/1041/985 986/1042/986 1946/1042/1946 1945/1041/1945
f 441/479/441 442/480/442 1402/480/1402 1401/479/1401
f 1191/1230/1191 1192/1229/1192 2152/1229/2152 2151/1230/2151
f 647/695/647 648/694/648 1608/694/1608 1607/695/1607
f 1194/1232/1194 1191/1230/1191 2151/1230/2151 2154/1232/2154
f 650/697/650 647/695/647 1607/695/1607 1610/697/1610
f 1192/1229/1192 1193/1231/1193 2153/1231/2153 2152/1229/2152
f 648/694/648 649/696/649 1609/696/1609 1608/694/1608
f 987/1044/987 988/1043/988 1948/1043/1948 1947/1044/1947
f 443/482/443 444/481/444 1404/481/1404 1403/482/1403
f 1193/1231/1193 1194/1232/1194 2154/1232/2154 2153/1231/2153
f 649/696/649 650/697/650 1610/697/1610 1609/696/1609
f 990/1046/990 987/1044/987 1947/1044/1947 1950/1046/1950
f 446/484/446 443/482/443 1403/482/1403 1406/484/1406
f 988/1043/988 989/1045/989 1949/1045/1949 1948/1043/1948
f 444/481/444 445/483/445 1405/483/1405 1404/481/1404
f 989/1045/989 990/1046/990 1950/1046/1950 1949/1045/1949
f 445/483/445 446/484/446 1406/484/1406 1405/483/1405
f 1195/1234/1195 1196/1233/1196 2156/1233/2156 2155/1234/2155
f 651/699/651 652/698/652 1612/698/1612 1611/699/1611
f 1198/1236/1198 1195/1234/1195 2155/1234/2155 2158/1236/2158
f 654/702/654 651/699/651 1611/699/1611 1614/702/1614
f 1196/1233/1196 1197/1235/1197 2157/1235/2157 2156/1233/2156
f 652/698/652 653/700/653 1613/700/1613 1612/698/1612
f 991/1049/991 992/1048/992 1952/1048/1952 1951/1049/1951
f 447/487/447 448/486/448 1408/486/1408 1407/487/1407
f 1197/1235/1197 1198/1236/1198 2158/1236/2158 2157/1235/2157
f 653/700/653 654/702/654 1614/702/1614 1613/700/1613
f 994/1051/994 991/1049/991 1951/1049/1951 1954/1051/1954
f 450/490/450 447/487/447 1407/487/1407 1410/490/1410
f 992/1048/992 993/1050/993 1953/1050/1953 1952/1048/1952
f 448/486/448 449/489/449 1409/489/1409 1408/486/1408
f 243/248/243 244/247/244 1204/247/1204 1203/248/1203
f 993/1050/993 994/1051/994 1954/1051/1954 1953/1050/1953
f 449/489/449 450/490/450 1410/490/1410 1409/489/1409
f 246/252/246 243/248/243 1203/248/1203 1206/252/1206
f 244/247/244 245/250/245 1205/250/1205 1204/247/1204
f 1199/1238/1199 1200/1237/1200 2160/1237/2160 2159/1238/2159
f 655/706/655 656/705/656 1616/705/1616 1615/706/1615
f 245/250/245 246/252/246 1206/252/1206 1205/250/1205
f 1202/1240/1202 1199/1238/1199 2159/1238/2159 2162/1240/2162
f 658/708/658 655/706/655 1615/706/1615 1618/708/1618
f 1200/1237/1200 1201/1239/1201 2161/1239/2161 2160/1237/2160
f 656/705/656 657/707/657 1617/707/1617 1616/705/1616
f 995/1053/995 996/1052/996 1956/1052/1956 1955/1053/1955
f 451/492/451 452/491/452 1412/491/1412 1411/492/1411
f 1201/1239/1201 1202/1240/1202 2162/1240/2162 2161/1239/2161
f 657/707/657 658/708/658 1618/708/1618 1617/707/1617
f 998/1055/998 995/1053/995 1955/1053/1955 1958/1055/1958
f 454/494/454 451/492/451 1411/492/1411 1414/494/1414
f 996/1052/996 997/1054/997 1957/1054/1957 1956/1052/1956
f 452/491/452 453/493/453 1413/493/1413 1412/491/1412
f 247/256/247 248/255/248 1208/255/1208 1207/256/1207
f 997/1054/997 998/1055/998 1958/1055/1958 1957/1054/1957
f 453/493/453 454/494/454 1414/494/1414 1413/493/1413
f 250/260/250 247/256/247 1207/256/1207 1210/260/1210
f 248/255/248 249/258/249 1209/258/1209 1208/255/1208
f 659/710/659 660/709/660 1620/709/1620 1619/710/1619
f 249/258/249 250/260/250 1210/260/1210 1209/258/1209
f 662/712/662 659/710/659 1619/710/1619 1622/712/1622
f 660/709/660 661/711/661 1621/711/1621 1620/709/1620
f 999/1058/999 1000/1057/1000 1960/1057/1960 1959/1058/1959
f 455/497/455 456/496/456 1416/496/1416 1415/497/1415
f 661/711/661 662/712/662 1622/712/1622 1621/711/1621
f 1002/1060/1002 999/1058/999 1959/1058/1959 1962/1060/1962
f 458/499/458 455/497/455 1415/497/1415 1418/499/1418
f 1000/1057/1000 1001/1059/1001 1961/1059/1961 1960/1057/1960
f 456/496/456 457/498/457 1417/498/1417 1416/496/1416
f 251/264/251 252/263/252 1212/263/1212 1211/264/1211
f 1001/1059/1001 1002/1060/1002 1962/1060/1962 1961/1059/1961
f 457/498/457 458/499/458 1418/499/1418 1417/498/1417
f 254/268/254 251/264/251 1211/264/1211 1214/268/1214
f 252/263/252 253/266/253 1213/266/1213 1212/263/1212
f 663/716/663 664/715/664 1624/715/1624 1623/716/1623
f 253/266/253 254/268/254 1214/268/1214 1213/266/1213
f 666/718/666 663/716/663 1623/716/1623 1626/718/1626
f 664/715/664 665/717/665 1625/717/1625 1624/715/1624
f 1003/1064/1003 1004/1063/1004 1964/1063/1964 1963/1064/1963
f 459/502/459 460/501/460 1420/501/1420 1419/502/1419
f 665/717/665 666/718/666 1626/718/1626 1625/717/1625
f 1006/1066/1006 1003/1064/1003 1963/1064/1963 1966/1066/1966
f 462/505/462 459/502/459 1419/502/1419 1422/505/1422
f 1004/1063/1004 1005/1065/1005 1965/1065/1965 1964/1063/1964
f 460/501/460 461/504/461 1421/504/1421 1420/501/1420
f 255/272/255 256/271/256 1216/271/1216 1215/272/1215
f 1005/1065/1005 1006/1066/1006 1966/1066/1966 1965/1065/1965
f 461/504/461 462/505/462 1422/505/1422 1421/504/1421
f 258/276/258 255/272/255 1215/272/1215 1218/276/1218
f 256/271/256 257/274/257 1217/274/1217 1216/271/1216
f 667/721/667 668/720/668 1628/720/1628 1627/721/1627
f 257/274/257 258/276/258 1218/276/1218 1217/274/1217
f 670/723/670 667/721/667 1627/721/1627 1630/723/1630
f 668/720/668 669/722/669 1629/722/1629 1628/720/1628
f 1007/1069/1007 1008/1068/1008 1968/1068/1968 1967/1069/1967
f 463/507/463 464/506/464 1424/506/1424 1423/507/1423
f 669/722/669 670/723/670 1630/723/1630 1629/722/1629
f 1010/1071/1010 1007/1069/1007 1967/1069/1967 1970/1071/1970
f 466/509/466 463/507/463 1423/507/1423 1426/509/1426
f 1008/1068/1008 1009/1070/1009 1969/1070/1969 1968/1068/1968
f 464/506/464 465/508/465 1425/508/1425 1424/506/1424
f 259/280/259 260/279/260 1220/279/1220 1219/280/1219
f 1009/1070/1009 1010/1071/1010 1970/1071/1970 1969/1070/1969
f 465/508/465 466/509/466 1426/509/1426 1425/508/1425
f 262/282/262 259/280/259 1219/280/1219 1222/282/1222
f 260/279/260 261/281/261 1221/281/1221 1220/279/1220
f 671/727/671 672/726/672 1632/726/1632 1631/727/1631
f 261/281/261 262/282/262 1222/282/1222 1221/281/1221
f 674/730/674 671/727/671 1631/727/1631 1634/730/1634
f 672/726/672 673/729/673 1633/729/1633 1632/726/1632
f 1011/1073/1011 1012/1072/1012 1972/1072/1972 1971/1073/1971
f 467/512/467 468/511/468 1428/511/1428 1427/512/1427
f 673/729/673 674/730/674 1634/730/1634 1633/729/1633
f 1014/1075/1014 1011/1073/1011 1971/1073/1971 1974/1075/1974
f 470/514/470 467/512/467 1427/512/1427 1430/514/1430
f 1012/1072/1012 1013/1074/1013 1973/1074/1973 1972/1072/1972
f 468/511/468 469/513/469 1429/513/1429 1428/511/1428
f 263/286/263 264/285/264 1224/285/1224 1223/286/1223
f 1013/1074/1013 1014/1075/1014 1974/1075/1974 1973/1074/1973
f 469/513/469 470/514/470 1430/514/1430 1429/513/1429
f 266/290/266 263/286/263 1223/286/1223 1226/290/1226
f 264/285/264 265/288/265 1225/288/1225 1224/285/1224
f 675/732/675 676/731/676 1636/731/1636 1635/732/1635
f 265/288/265 266/290/266 1226/290/1226 1225/288/1225
f 678/734/678 675/732/675 1635/732/1635 1638/734/1638
f 676/731/676 677/733/677 1637/733/1637 1636/731/1636
f 1015/1078/1015 1016/1077/1016 1976/1077/1976 1975/1078/1975
f 471/517/471 472/516/472 1432/516/1432 1431/517/1431
f 677/733/677 678/734/678 1638/734/1638 1637/733/1637
f 1018/1080/1018 1015/1078/1015 1975/1078/1975 1978/1080/1978
f 474/519/474 471/517/471 1431/517/1431 1434/519/1434
f 1016/1077/1016 1017/1079/1017 1977/1079/1977 1976/1077/1976
f 472/516/472 473/518/473 1433/518/1433 1432/516/1432
f 267/294/267 268/293/268 1228/293/1228 1227/294/1227
f 1017/1079/1017 1018/1080/1018 1978/1080/1978 1977/1079/1977
f 473/518/473 474/519/474 1434/519/1434 1433/518/1433
f 270/296/270 267/294/267 1227/294/1227 1230/296/1230
f 268/293/268 269/295/269 1229/295/1229 1228/293/1228
f 679/737/679 680/736/680 1640/736/1640 1639/737/1639
f 269/295/269 270/296/270 1230/296/1230 1229/295/1229
f 682/739/682 679/737/679 1639/737/1639 1642/739/1642
f 680/736/680 681/738/681 1641/738/1641 1640/736/1640
f 1019/1082/1019 1020/1081/1020 1980/1081/1980 1979/1082/1979
f 475/522/475 476/521/476 1436/521/1436 1435/522/1435
f 681/738/681 682/739/682 1642/739/1642 1641/738/1641
f 1022/1084/1022 1019/1082/1019 1979/1082/1979 1982/1084/1982
f 478/524/478 475/522/475 1435/522/1435 1438/524/1438
f 1020/1081/1020 1021/1083/1021 1981/1083/1981 1980/1081/1980
f 476/521/476 477/523/477 1437/523/1437 1436/521/1436
f 271/299/271 272/298/272 1232/298/1232 1231/299/1231
f 1021/1083/1021 1022/1084/1022 1982/1084/1982 1981/1083/1981
f 477/523/477 478/524/478 1438/524/1438 1437/523/1437
f 274/302/274 271/299/271 1231/299/1231 1234/302/1234
f 272/298/272 273/300/273 1233/300/1233 1232/298/1232
f 683/742/683 684/741/684 1644/741/1644 1643/742/1643
f 273/300/273 274/302/274 1234/302/1234 1233/300/1233
f 686/744/686 683/742/683 1643/742/1643 1646/744/1646
f 684/741/684 685/743/685 1645/743/1645 1644/741/1644
f 1023/1086/1023 1024/1085/1024 1984/1085/1984 1983/1086/1983
f 479/526/479 480/525/480 1440/525/1440 1439/526/1439
f 685/743/685 686/744/686 1646/744/1646 1645/743/1645
f 1026/1088/1026 1023/1086/1023 1983/1086/1983 1986/1088/1986
f 482/528/482 479/526/479 1439/526/1439 1442/528/1442
f 1024/1085/1024 1025/1087/1025 1985/1087/1985 1984/1085/1984
f 480/525/480 481/527/481 1441/527/1441 1440/525/1440
f 275/306/275 276/305/276 1236/305/1236 1235/306/1235
f 1025/1087/1025 1026/1088/1026 1986/1088/1986 1985/1087/1985
f 481/527/481 482/528/482 1442/528/1442 1441/527/1441
f 278/310/278 275/306/275 1235/306/1235 1238/310/1238
f 276/305/276 277/308/277 1237/308/1237 1236/305/1236
f 687/747/687 688/746/688 1648/746/1648 1647/747/1647
f 277/308/277 278/310/278 1238/310/1238 1237/308/1237
f 690/749/690 687/747/687 1647/747/1647 1650/749/1650
f 688/746/688 689/748/689 1649/748/1649 1648/746/1648
f 1027/1091/1027 1028/1090/1028 1988/1090/1988 1987/1091/1987
f 483/530/483 484/529/484 1444/529/1444 1443/530/1443
f 689/748/689 690/749/690 1650/749/1650 1649/748/1649
f 1030/1094/1030 1027/1091/1027 1987/1091/1987 1990/1094/1990
f 486/532/486 483/530/483 1443/530/1443 1446/532/1446
f 1028/1090/1028 1029/1093/1029 1989/1093/1989 1988/1090/1988
f 484/529/484 485/531/485 1445/531/1445 1444/529/1444
f 823/880/823 824/879/824 1784/879/1784 1783/880/1783
f 279/313/279 280/312/280 1240/312/1240 1239/313/1239
f 1029/1093/1029 1030/1094/1030 1990/1094/1990 1989/1093/1989
f 485/531/485 486/532/486 1446/532/1446 1445/531/1445
f 826/883/826 823/880/823 1783/880/1783 1786/883/1786
f 282/317/282 279/313/279 1239/313/1239 1242/317/1242
f 824/879/824 825/881/825 1785/881/1785 1784/879/1784
f 280/312/280 281/315/281 1241/315/1241 1240/312/1240
f 691/752/691 692/751/692 1652/751/1652 1651/752/1651
f 825/881/825 826/883/826 1786/883/1786 1785/881/1785
f 281/315/281 282/317/282 1242/317/1242 1241/315/1241
f 694/754/694 691/752/691 1651/752/1651 1654/754/1654
f 692/751/692 693/753/693 1653/753/1653 1652/751/1652
f 1031/1097/1031 1032/1096/1032 1992/1096/1992 1991/1097/1991
f 487/536/487 488/535/488 1448/535/1448 1447/536/1447
f 693/753/693 694/754/694 1654/754/1654 1653/753/1653
f 1034/1100/1034 1031/1097/1031 1991/1097/1991 1994/1100/1994
f 490/538/490 487/536/487 1447/536/1447 1450/538/1450
f 1032/1096/1032 1033/1098/1033 1993/1098/1993 1992/1096/1992
f 488/535/488 489/537/489 1449/537/1449 1448/535/1448
f 827/885/827 828/884/828 1788/884/1788 1787/885/1787
f 283/320/283 284/319/284 1244/319/1244 1243/320/1243
f 1033/1098/1033 1034/1100/1034 1994/1100/1994 1993/1098/1993
f 489/537/489 490/538/490 1450/538/1450 1449/537/1449
f 830/887/830 827/885/827 1787/885/1787 1790/887/1790
f 286/324/286 283/320/283 1243/320/1243 1246/324/1246
f 828/884/828 829/886/829 1789/886/1789 1788/884/1788
f 284/319/284 285/322/285 1245/322/1245 1244/319/1244
f 695/756/695 696/755/696 1656/755/1656 1655/756/1655
f 829/886/829 830/887/830 1790/887/1790 1789/886/1789
f 285/322/285 286/324/286 1246/324/1246 1245/322/1245
f 698/758/698 695/756/695 1655/756/1655 1658/758/1658
f 696/755/696 697/757/697 1657/757/1657 1656/755/1656
f 1035/1104/1035 1036/1103/1036 1996/1103/1996 1995/1104/1995
f 491/542/491 492/541/492 1452/541/1452 1451/542/1451
f 697/757/697 698/758/698 1658/758/1658 1657/757/1657
f 1038/1108/1038 1035/1104/1035 1995/1104/1995 1998/1108/1998
f 494/546/494 491/542/491 1451/542/1451 1454/546/1454
f 1036/1103/1036 1037/1106/1037 1997/1106/1997 1996/1103/1996
f 492/541/492 493/544/493 1453/544/1453 1452/541/1452
f 831/890/831 832/889/832 1792/889/1792 1791/890/1791
f 287/328/287 288/327/288 1248/327/1248 1247/328/1247
f 1037/1106/1037 1038/1108/1038 1998/1108/1998 1997/1106/1997
f 493/544/493 494/546/494 1454/546/1454 1453/544/1453
f 834/892/834 831/890/831 1791/890/1791 1794/892/1794
f 290/331/290 287/328/287 1247/328/1247 1250/331/1250
f 832/889/832 833/891/833 1793/891/1793 1792/889/1792
f 288/327/288 289/329/289 1249/329/1249 1248/327/1248
f 699/761/699 700/760/700 1660/760/1660 1659/761/1659
f 833/891/833 834/892/834 1794/892/1794 1793/891/1793
f 289/329/289 290/331/290 1250/331/1250 1249/329/1249
f 702/763/702 699/761/699 1659/761/1659 1662/763/1662
f 700/760/700 701/762/701 1661/762/1661 1660/760/1660
f 1039/1110/1039 1040/1109/1040 2000/1109/2000 1999/1110/1999
f 495/549/495 496/548/496 1456/548/1456 1455/549/1455
f 701/762/701 702/763/702 1662/763/1662 1661/762/1661
f 1042/1112/1042 1039/1110/1039 1999/1110/1999 2002/1112/2002
f 498/552/498 495/549/495 1455/549/1455 1458/552/1458
f 1040/1109/1040 1041/1111/1041 2001/1111/2001 2000/1109/2000
f 496/548/496 497/550/497 1457/550/1457 1456/548/1456
f 835/894/835 836/893/836 1796/893/1796 1795/894/1795
f 291/334/291 292/333/292 1252/333/1252 1251/334/1251
f 1041/1111/1041 1042/1112/1042 2002/1112/2002 2001/1111/2001
f 497/550/497 498/552/498 1458/552/1458 1457/550/1457
f 838/896/838 835/894/835 1795/894/1795 1798/896/1798
f 294/338/294 291/334/291 1251/334/1251 1254/338/1254
f 836/893/836 837/895/837 1797/895/1797 1796/893/1796
f 292/333/292 293/336/293 1253/336/1253 1252/333/1252
f 703/765/703 704/764/704 1664/764/1664 1663/765/1663
f 837/895/837 838/896/838 1798/896/1798 1797/895/1797
f 293/336/293 294/338/294 1254/338/1254 1253/336/1253
f 706/768/706 703/765/703 1663/765/1663 1666/768/1666
f 704/764/704 705/766/705 1665/766/1665 1664/764/1664
f 1043/1115/1043 1044/1114/1044 2004/1114/2004 2003/1115/2003
f 499/556/499 500/555/500 1460/555/1460 1459/556/1459
f 705/766/705 706/768/706 1666/768/1666 1665/766/1665
f 1046/1118/1046 1043/1115/1043 2003/1115/2003 2006/1118/2006
f 502/558/502 499/556/499 1459/556/1459 1462/558/1462
f 1044/1114/1044 1045/1116/1045 2005/1116/2005 2004/1114/2004
f 500/555/500 501/557/501 1461/557/1461 1460/555/1460
f 839/898/839 840/897/840 1800/897/1800 1799/898/1799
f 295/342/295 296/341/296 1256/341/1256 1255/342/1255
f 1045/1116/1045 1046/1118/1046 2006/1118/2006 2005/1116/2005
f 501/557/501 502/558/502 1462/558/1462 1461/557/1461
f 842/900/842 839/898/839 1799/898/1799 1802/900/1802
f 298/345/298 295/342/295 1255/342/1255 1258/345/1258
f 840/897/840 841/899/841 1801/899/1801 1800/897/1800
f 296/341/296 297/343/297 1257/343/1257 1256/341/1256
f 707/772/707 708/771/708 1668/771/1668 1667/772/1667
f 841/899/841 842/900/842 1802/900/1802 1801/899/1801
f 297/343/297 298/345/298 1258/345/1258 1257/343/1257
f 710/774/710 707/772/707 1667/772/1667 1670/774/1670
f 708/771/708 709/773/709 1669/773/1669 1668/771/1668
f 1047/1122/1047 1048/1121/1048 2008/1121/2008 2007/1122/2007
f 503/561/503 504/560/504 1464/560/1464 1463/561/1463
f 709/773/709 710/774/710 1670/774/1670 1669/773/1669
f 1050/1124/1050 1047/1122/1047 2007/1122/2007 2010/1124/2010
f 506/565/506 503/561/503 1463/561/1463 1466/565/1466
f 1048/1121/1048 1049/1123/1049 2009/1123/2009 2008/1121/2008
f 504/560/504 505/563/505 1465/563/1465 1464/560/1464
f 843/902/843 844/901/844 1804/901/1804 1803/902/1803
f 299/348/299 300/347/300 1260/347/1260 1259/348/1259
f 1049/1123/1049 1050/1124/1050 2010/1124/2010 2009/1123/2009
f 505/563/505 506/565/506 1466/565/1466 1465/563/1465
f 846/904/846 843/902/843 1803/902/1803 1806/904/1806
f 302/350/302 299/348/299 1259/348/1259 1262/350/1262
f 844/901/844 845/903/845 1805/903/1805 1804/901/1804
f 300/347/300 301/349/301 1261/349/1261 1260/347/1260
f 711/777/711 712/776/712 1672/776/1672 1671/777/1671
f 845/903/845 846/904/846 1806/904/1806 1805/903/1805
f 301/349/301 302/350/302 1262/350/1262 1261/349/1261
f 714/780/714 711/777/711 1671/777/1671 1674/780/1674
f 712/776/712 713/779/713 1673/779/1673 1672/776/1672
f 1051/1127/1051 1052/1126/1052 2012/1126/2012 2011/1127/2011
f 507/569/507 508/568/508 1468/568/1468 1467/569/1467
f 713/779/713 714/780/714 1674/780/1674 1673/779/1673
f 1054/1129/1054 1051/1127/1051 2011/1127/2011 2014/1129/2014
f 510/571/510 507/569/507 1467/569/1467 1470/571/1470
f 1052/1126/1052 1053/1128/1053 2013/1128/2013 2012/1126/2012
f 508/568/508 509/570/509 1469/570/1469 1468/568/1468
f 847/906/847 848/905/848 1808/905/1808 1807/906/1807
f 303/352/303 304/351/304 1264/351/1264 1263/352/1263
f 1053/1128/1053 1054/1129/1054 2014/1129/2014 2013/1128/2013
f 509/570/509 510/571/510 1470/571/1470 1469/570/1469
f 850/908/850 847/906/847 1807/906/1807 1810/908/1810
f 306/354/306 303/352/303 1263/352/1263 1266/354/1266
f 848/905/848 849/907/849 1809/907/1809 1808/905/1808
f 304/351/304 305/353/305 1265/353/1265 1264/351/1264
f 715/782/715 716/781/716 1676/781/1676 1675/782/1675
f 849/907/849 850/908/850 1810/908/1810 1809/907/1809
f 305/353/305 306/354/306 1266/354/1266 1265/353/1265
f 718/784/718 715/782/715 1675/782/1675 1678/784/1678
f 716/781/716 717/783/717 1677/783/1677 1676/781/1676
f 1055/1131/1055 1056/1130/1056 2016/1130/2016 2015/1131/2015
f 511/573/511 512/572/512 1472/572/1472 1471/573/1471
f 717/783/717 718/784/718 1678/784/1678 1677/783/1677
f 1058/1133/1058 1055/1131/1055 2015/1131/2015 2018/1133/2018
f 514/575/514 511/573/511 1471/573/1471 1474/575/1474
f 1056/1130/1056 1057/1132/1057 2017/1132/2017 2016/1130/2016
f 512/572/512 513/574/513 1473/574/1473 1472/572/1472
f 851/912/851 852/911/852 1812/911/1812 1811/912/1811
f 307/358/307 308/357/308 1268/357/1268 1267/358/1267
f 1057/1132/1057 1058/1133/1058 2018/1133/2018 2017/1132/2017
f 513/574/513 514/575/514 1474/575/1474 1473/574/1473
f 854/914/854 851/912/851 1811/912/1811 1814/914/1814
f 310/361/310 307/358/307 1267/358/1267 1270/361/1270
f 852/911/852 853/913/853 1813/913/1813 1812/911/1812
f 308/357/308 309/359/309 1269/359/1269 1268/357/1268
f 719/788/719 720/787/720 1680/787/1680 1679/788/1679
f 853/913/853 854/914/854 1814/914/1814 1813/913/1813
f 309/359/309 310/361/310 1270/361/1270 1269/359/1269
f 722/792/722 719/788/719 1679/788/1679 1682/792/1682
f 720/787/720 721/790/721 1681/790/1681 1680/787/1680
f 1059/1136/1059 1060/1135/1060 2020/1135/2020 2019/1136/2019
f 515/577/515 516/576/516 1476/576/1476 1475/577/1475
f 721/790/721 722/792/722 1682/792/1682 1681/790/1681
f 1062/1139/1062 1059/1136/1059 2019/1136/2019 2022/1139/2022
f 518/579/518 515/577/515 1475/577/1475 1478/579/1478
f 1060/1135/1060 1061/1137/1061 2021/1137/2021 2020/1135/2020
f 516/576/516 517/578/517 1477/578/1477 1476/576/1476
f 855/916/855 856/915/856 1816/915/1816 1815/916/1815
f 311/363/311 312/362/312 1272/362/1272 1271/363/1271
f 1061/1137/1061 1062/1139/1062 2022/1139/2022 2021/1137/2021
f 517/578/517 518/579/518 1478/579/1478 1477/578/1477
f 858/244/858 855/916/855 1815/916/1815 1818/244/1818
f 314/242/314 311/363/311 1271/363/1271 1274/242/1274
f 856/915/856 857/243/857 1817/243/1817 1816/915/1816
f 312/362/312 313/241/313 1273/241/1273 1272/362/1272
